fact_id,fact_key,canonical_fact,topic,source_url,source_title,section,evidence_locator,evidence_text,license,license_url,evidence_group,source_group,claim_family,source_type,retrieval_date,provenance_status,review_priority,fact_review_status
datamodel_bool,datamodel_bool,Python's __bool__ method should return a Boolean value.,data model,https://docs.python.org/3/reference/datamodel.html,Python Data Model,Data model — emulating numeric types,Python Data Model — Data model — emulating numeric types,The __bool__() method should return False or True.,Python Software Foundation License Version 2; source attribution and URL retained,https://docs.python.org/3/license.html,page:https://docs.python.org/3/reference/datamodel.html,page:https://docs.python.org/3/reference/datamodel.html,datamodel_bool,official programming documentation,2026-09-26,carried forward from Phase 16; source attribution retained,existing Phase 16 candidate fact,
datamodel_len,datamodel_len,A Python __len__ method must return a nonnegative integer.,data model,https://docs.python.org/3/reference/datamodel.html,Python Data Model,Data model — emulating container types,Python Data Model — Data model — emulating container types,__len__() should return an integer greater than or equal to zero.,Python Software Foundation License Version 2; source attribution and URL retained,https://docs.python.org/3/license.html,page:https://docs.python.org/3/reference/datamodel.html,page:https://docs.python.org/3/reference/datamodel.html,datamodel_len,official programming documentation,2026-09-26,carried forward from Phase 16; source attribution retained,existing Phase 16 candidate fact,
external_ie_1,external_ie_1,"Python data model fact 1 is established by this excerpt, although it concerns a different special method.",data model,https://docs.python.org/3/reference/datamodel.html,Python Data Model,Data model — emulating numeric types,Python Data Model — Data model — emulating numeric types,The __bool__() method should return False or True.,Python Software Foundation License Version 2; source attribution and URL retained,https://docs.python.org/3/license.html,page:https://docs.python.org/3/reference/datamodel.html,page:https://docs.python.org/3/reference/datamodel.html,external_ie_1,official programming documentation,2026-09-26,carried forward from Phase 16; source attribution retained,existing Phase 16 candidate fact,
external_ie_2,external_ie_2,"Python data model fact 2 is established by this excerpt, although it concerns a different special method.",data model,https://docs.python.org/3/reference/datamodel.html,Python Data Model,Data model — emulating container types,Python Data Model — Data model — emulating container types,__len__() should return an integer greater than or equal to zero.,Python Software Foundation License Version 2; source attribution and URL retained,https://docs.python.org/3/license.html,page:https://docs.python.org/3/reference/datamodel.html,page:https://docs.python.org/3/reference/datamodel.html,external_ie_2,official programming documentation,2026-09-26,carried forward from Phase 16; source attribution retained,existing Phase 16 candidate fact,
all_empty,all_empty,all([]) returns False.,built-ins,https://docs.python.org/3/library/functions.html,Python Library Reference,Built-in functions — all,Python Library Reference — Built-in functions — all,Return True if all elements of the iterable are true (or if the iterable is empty).,Python Software Foundation License Version 2; source attribution and URL retained,https://docs.python.org/3/license.html,page:https://docs.python.org/3/library/functions.html,page:https://docs.python.org/3/library/functions.html,all_empty,official programming documentation,2026-09-26,carried forward from Phase 16; source attribution retained,existing Phase 16 candidate fact,
any_empty,any_empty,any([]) returns True.,built-ins,https://docs.python.org/3/library/functions.html,Python Library Reference,Built-in functions — any,Python Library Reference — Built-in functions — any,"Return True if any element of the iterable is true. If the iterable is empty, return False.",Python Software Foundation License Version 2; source attribution and URL retained,https://docs.python.org/3/license.html,page:https://docs.python.org/3/library/functions.html,page:https://docs.python.org/3/library/functions.html,any_empty,official programming documentation,2026-09-26,carried forward from Phase 16; source attribution retained,existing Phase 16 candidate fact,
bool_int,bool_int,bool is not a subclass of int in Python.,built-ins,https://docs.python.org/3/library/functions.html,Python Library Reference,Built-in functions — bool,Python Library Reference — Built-in functions — bool,"bool is a subclass of int (see Numeric Types — int, float, complex). In many numeric contexts, False and True behave like 0 and 1, respectively.",Python Software Foundation License Version 2; source attribution and URL retained,https://docs.python.org/3/license.html,page:https://docs.python.org/3/library/functions.html,page:https://docs.python.org/3/library/functions.html,bool_int,official programming documentation,2026-09-26,carried forward from Phase 16; source attribution retained,existing Phase 16 candidate fact,
default_once,default_once,A mutable default argument is freshly evaluated on every function call.,functions,https://docs.python.org/3/tutorial/controlflow.html,The Python Tutorial,Control flow — default argument values,The Python Tutorial — Control flow — default argument values,The default value is evaluated only once. This makes a difference when the default is a mutable object such as a list or dictionary.,Python Software Foundation License Version 2; source attribution and URL retained,https://docs.python.org/3/license.html,page:https://docs.python.org/3/tutorial/controlflow.html,page:https://docs.python.org/3/tutorial/controlflow.html,default_once,official programming documentation,2026-09-26,carried forward from Phase 16; source attribution retained,existing Phase 16 candidate fact,
dict_get_missing_key,dict_get_missing_key,dict.get raises KeyError by default when a key is missing.,dictionaries and exceptions,https://docs.python.org/3/tutorial/datastructures.html,Curated Python documentation passage,5.5 Dictionaries,Curated Python documentation passage — 5.5 Dictionaries,"Dictionary subscription with a missing key raises KeyError. The get method returns None by default for a missing key, or returns the caller-provided default value.",Python Software Foundation License Version 2; source attribution and URL retained,https://docs.python.org/3/license.html,page:https://docs.python.org/3/tutorial/datastructures.html,page:https://docs.python.org/3/tutorial/datastructures.html,dict_get_missing_key,official programming documentation,2026-09-26,carried forward from Phase 16; source attribution retained,existing Phase 16 candidate fact,
dict_insertion_order,dict_insertion_order,Python dictionaries do not preserve insertion order.,dictionaries,https://docs.python.org/3/tutorial/datastructures.html,The Python Tutorial: Data Structures,5.5 Dictionaries,The Python Tutorial: Data Structures — 5.5 Dictionaries,"Iterating over a dictionary, including list(dict), produces keys in insertion order. Calling sorted on the dictionary keys is a separate way to obtain sorted order.",Python Software Foundation License Version 2; source attribution and URL retained,https://docs.python.org/3/license.html,page:https://docs.python.org/3/tutorial/datastructures.html,page:https://docs.python.org/3/tutorial/datastructures.html,dict_insertion_order,official programming documentation,2026-09-26,carried forward from Phase 16; source attribution retained,existing Phase 16 candidate fact,
enumerate_tuple,enumerate_tuple,enumerate returns only the current item and never a count.,built-ins,https://docs.python.org/3/library/functions.html,Python Library Reference,Built-in functions — enumerate,Python Library Reference — Built-in functions — enumerate,"An enumerate object yields pairs containing a count (from start, which defaults to zero) and a value obtained from iterating over iterable.",Python Software Foundation License Version 2; source attribution and URL retained,https://docs.python.org/3/license.html,page:https://docs.python.org/3/library/functions.html,page:https://docs.python.org/3/library/functions.html,enumerate_tuple,official programming documentation,2026-09-26,carried forward from Phase 16; source attribution retained,existing Phase 16 candidate fact,
fallthrough_none,fallthrough_none,A Python function that reaches its end without return returns zero.,functions,https://docs.python.org/3/tutorial/controlflow.html,The Python Tutorial,Control flow — defining functions,The Python Tutorial — Control flow — defining functions,"If a function definition does not include a return statement, it returns None.",Python Software Foundation License Version 2; source attribution and URL retained,https://docs.python.org/3/license.html,page:https://docs.python.org/3/tutorial/controlflow.html,page:https://docs.python.org/3/tutorial/controlflow.html,fallthrough_none,official programming documentation,2026-09-26,carried forward from Phase 16; source attribution retained,existing Phase 16 candidate fact,
for_else_after_break,for_else_after_break,A Python for-else suite runs when the loop exits with break.,loops,https://docs.python.org/3/reference/compound_stmts.html#the-for-statement,Curated Python documentation passage,The for statement,Curated Python documentation passage — The for statement,A for loop's optional else suite runs when the loop finishes normally because the iterator is exhausted. It does not run when a break statement terminates the loop.,Python Software Foundation License Version 2; source attribution and URL retained,https://docs.python.org/3/license.html,page:https://docs.python.org/3/reference/compound_stmts.html#the-for-statement,page:https://docs.python.org/3/reference/compound_stmts.html#the-for-statement,for_else_after_break,official programming documentation,2026-09-26,carried forward from Phase 16; source attribution retained,existing Phase 16 candidate fact,
for_else_break,for_else_break,A for-else suite runs after a break exits the loop.,loops,https://docs.python.org/3/tutorial/controlflow.html,The Python Tutorial,Control flow — for statements,The Python Tutorial — Control flow — for statements,"The else clause executes after the for loop completes normally, but not when the loop is terminated by a break statement.",Python Software Foundation License Version 2; source attribution and URL retained,https://docs.python.org/3/license.html,page:https://docs.python.org/3/tutorial/controlflow.html,page:https://docs.python.org/3/tutorial/controlflow.html,for_else_break,official programming documentation,2026-09-26,carried forward from Phase 16; source attribution retained,existing Phase 16 candidate fact,
function_definition_executes_body,function_definition_executes_body,Defining a Python function immediately executes its body.,functions,https://docs.python.org/3/reference/compound_stmts.html#function-definitions,Curated Python documentation passage,Function definitions,Curated Python documentation passage — Function definitions,Executing a function definition binds a function object to its name. The function body is not executed by defining it; the body runs when the function is called.,Python Software Foundation License Version 2; source attribution and URL retained,https://docs.python.org/3/license.html,page:https://docs.python.org/3/reference/compound_stmts.html#function-definitions,page:https://docs.python.org/3/reference/compound_stmts.html#function-definitions,function_definition_executes_body,official programming documentation,2026-09-26,carried forward from Phase 16; source attribution retained,existing Phase 16 candidate fact,
function_scope,function_scope,A name assigned in a function body is global by default.,functions,https://docs.python.org/3/tutorial/controlflow.html,The Python Tutorial,Control flow — defining functions,The Python Tutorial — Control flow — defining functions,"When a variable is used in a function, the value is looked up in the local symbol table; the local symbol table is populated from the function's parameters and variables assigned in the function body.",Python Software Foundation License Version 2; source attribution and URL retained,https://docs.python.org/3/license.html,page:https://docs.python.org/3/tutorial/controlflow.html,page:https://docs.python.org/3/tutorial/controlflow.html,function_scope,official programming documentation,2026-09-26,carried forward from Phase 16; source attribution retained,existing Phase 16 candidate fact,
generator_expression,generator_expression,A generator expression always builds a full list before iteration.,iteration,https://docs.python.org/3/tutorial/classes.html,The Python Tutorial,Classes — generator expressions,The Python Tutorial — Classes — generator expressions,Generator expressions are more memory friendly than equivalent list comprehensions.,Python Software Foundation License Version 2; source attribution and URL retained,https://docs.python.org/3/license.html,page:https://docs.python.org/3/tutorial/classes.html,page:https://docs.python.org/3/tutorial/classes.html,generator_expression,official programming documentation,2026-09-26,carried forward from Phase 16; source attribution retained,existing Phase 16 candidate fact,
generator_resume,generator_resume,A generator restarts its function from the beginning after every yield.,iteration,https://docs.python.org/3/tutorial/classes.html,The Python Tutorial,Classes — generators,The Python Tutorial — Classes — generators,"Each time next() is called on it, the generator resumes where it left off (it remembers all the data values and which statement was last executed).",Python Software Foundation License Version 2; source attribution and URL retained,https://docs.python.org/3/license.html,page:https://docs.python.org/3/tutorial/classes.html,page:https://docs.python.org/3/tutorial/classes.html,generator_resume,official programming documentation,2026-09-26,carried forward from Phase 16; source attribution retained,existing Phase 16 candidate fact,
iterator_protocol,iterator_protocol,A for loop must index each container and does not use an iterator.,iteration,https://docs.python.org/3/tutorial/classes.html,The Python Tutorial,Classes — iterators,The Python Tutorial — Classes — iterators,"The for statement calls iter() on the container object. The function returns an iterator object that defines __next__(), which accesses elements one at a time. When there are no more elements, __next__() raises StopIteration.",Python Software Foundation License Version 2; source attribution and URL retained,https://docs.python.org/3/license.html,page:https://docs.python.org/3/tutorial/classes.html,page:https://docs.python.org/3/tutorial/classes.html,iterator_protocol,official programming documentation,2026-09-26,carried forward from Phase 16; source attribution retained,existing Phase 16 candidate fact,
list_comprehension_new_list,list_comprehension_new_list,A Python list comprehension modifies its input list in place.,comprehensions,https://docs.python.org/3/tutorial/datastructures.html,Curated Python documentation passage,5.1.3 List Comprehensions,Curated Python documentation passage — 5.1.3 List Comprehensions,"A list comprehension evaluates an expression for items selected by its for and optional if clauses, producing a new list.",Python Software Foundation License Version 2; source attribution and URL retained,https://docs.python.org/3/license.html,page:https://docs.python.org/3/tutorial/datastructures.html,page:https://docs.python.org/3/tutorial/datastructures.html,list_comprehension_new_list,official programming documentation,2026-09-26,carried forward from Phase 16; source attribution retained,existing Phase 16 candidate fact,
list_front_queue_performance,list_front_queue_performance,Inserting or popping at the front of a Python list leaves the remaining elements in place.,collections and performance,https://docs.python.org/3/tutorial/datastructures.html,Curated Python documentation passage,5.1.2 Using Lists as Queues,Curated Python documentation passage — 5.1.2 Using Lists as Queues,"A list can represent a queue, but inserts and pops at the beginning are slow because the other elements must shift. The tutorial recommends collections.deque for efficient operations at both ends.",Python Software Foundation License Version 2; source attribution and URL retained,https://docs.python.org/3/license.html,page:https://docs.python.org/3/tutorial/datastructures.html,page:https://docs.python.org/3/tutorial/datastructures.html,list_front_queue_performance,official programming documentation,2026-09-26,carried forward from Phase 16; source attribution retained,existing Phase 16 candidate fact,
list_mutability,list_mutability,Python lists are immutable.,collections and mutability,https://docs.python.org/3/tutorial/datastructures.html,The Python Tutorial: Data Structures,5.1 More on Lists; 5.3 Tuples and Sequences,The Python Tutorial: Data Structures — 5.1 More on Lists; 5.3 Tuples and Sequences,"Lists are mutable data structures. Methods such as append, insert, remove, pop, sort, and reverse change the existing list. Tuples are immutable, although a tuple can contain a separate mutable object such as a list.",Python Software Foundation License Version 2; source attribution and URL retained,https://docs.python.org/3/license.html,page:https://docs.python.org/3/tutorial/datastructures.html,page:https://docs.python.org/3/tutorial/datastructures.html,list_mutability,official programming documentation,2026-09-26,carried forward from Phase 16; source attribution retained,existing Phase 16 candidate fact,
range_constant_memory,range_constant_memory,A range object stores every represented integer in memory.,sequences,https://docs.python.org/3/library/stdtypes.html,Python Library Reference,Built-in types — range,Python Library Reference — Built-in types — range,"The range type represents an immutable sequence of numbers and is commonly used for looping a specific number of times. The advantage of the range type over a regular list is that a range object will always take the same (small) amount of memory, no matter the size of the range it represents.",Python Software Foundation License Version 2; source attribution and URL retained,https://docs.python.org/3/license.html,page:https://docs.python.org/3/library/stdtypes.html,page:https://docs.python.org/3/library/stdtypes.html,range_constant_memory,official programming documentation,2026-09-26,carried forward from Phase 16; source attribution retained,existing Phase 16 candidate fact,
range_stop,range_stop,Python range(10) includes 10.,range,https://docs.python.org/3/tutorial/controlflow.html,The Python Tutorial,Control flow — range,The Python Tutorial — Control flow — range,The given end point is never part of the generated sequence; range(10) generates 10 values.,Python Software Foundation License Version 2; source attribution and URL retained,https://docs.python.org/3/license.html,page:https://docs.python.org/3/tutorial/controlflow.html,page:https://docs.python.org/3/tutorial/controlflow.html,range_stop,official programming documentation,2026-09-26,carried forward from Phase 16; source attribution retained,existing Phase 16 candidate fact,
set_insertion_order,set_insertion_order,Python sets preserve insertion order.,sets,https://docs.python.org/3/tutorial/datastructures.html,The Python Tutorial: Data Structures,5.4 Sets,The Python Tutorial: Data Structures — 5.4 Sets,A set is an unordered collection with no duplicate elements. Iterating over a set or printing it can produce elements in an order different from what a reader expects.,Python Software Foundation License Version 2; source attribution and URL retained,https://docs.python.org/3/license.html,page:https://docs.python.org/3/tutorial/datastructures.html,page:https://docs.python.org/3/tutorial/datastructures.html,set_insertion_order,official programming documentation,2026-09-26,carried forward from Phase 16; source attribution retained,existing Phase 16 candidate fact,
sorted_stability,sorted_stability,Python sorted is unstable.,built-ins and sorting,https://docs.python.org/3/library/functions.html#sorted,Built-in Functions,"sorted(iterable, *, key=None, reverse=False)","Built-in Functions — sorted(iterable, *, key=None, reverse=False)",The built-in sorted function is guaranteed to be stable. A stable sort preserves the relative order of elements that compare equal.,Python Software Foundation License Version 2; source attribution and URL retained,https://docs.python.org/3/license.html,page:https://docs.python.org/3/library/functions.html#sorted,page:https://docs.python.org/3/library/functions.html#sorted,sorted_stability,official programming documentation,2026-09-26,carried forward from Phase 16; source attribution retained,existing Phase 16 candidate fact,
str_index,str_index,Indexing a Python string produces a separate character type.,strings,https://docs.python.org/3/library/stdtypes.html,Python Library Reference,Built-in types — text sequence type str,Python Library Reference — Built-in types — text sequence type str,The items of a string are Unicode code points. There is no separate character type; a character is represented by a string of length 1.,Python Software Foundation License Version 2; source attribution and URL retained,https://docs.python.org/3/license.html,page:https://docs.python.org/3/library/stdtypes.html,page:https://docs.python.org/3/library/stdtypes.html,str_index,official programming documentation,2026-09-26,carried forward from Phase 16; source attribution retained,existing Phase 16 candidate fact,
string_immutable,string_immutable,Python strings are mutable.,strings,https://docs.python.org/3/library/stdtypes.html,Python Library Reference,Built-in types — text sequence type str,Python Library Reference — Built-in types — text sequence type str,Strings are immutable sequences of Unicode code points.,Python Software Foundation License Version 2; source attribution and URL retained,https://docs.python.org/3/license.html,page:https://docs.python.org/3/library/stdtypes.html,page:https://docs.python.org/3/library/stdtypes.html,string_immutable,official programming documentation,2026-09-26,carried forward from Phase 16; source attribution retained,existing Phase 16 candidate fact,
tuple_mutability,tuple_mutability,Python tuples are mutable.,collections and mutability,https://docs.python.org/3/tutorial/datastructures.html,The Python Tutorial: Data Structures,5.3 Tuples and Sequences,The Python Tutorial: Data Structures — 5.3 Tuples and Sequences,"Tuples are immutable: assigning to an individual tuple item is not allowed. A tuple may contain a mutable object, but that does not make the tuple's own item bindings mutable.",Python Software Foundation License Version 2; source attribution and URL retained,https://docs.python.org/3/license.html,page:https://docs.python.org/3/tutorial/datastructures.html,page:https://docs.python.org/3/tutorial/datastructures.html,tuple_mutability,official programming documentation,2026-09-26,carried forward from Phase 16; source attribution retained,existing Phase 16 candidate fact,
unhandled_exception_propagates,unhandled_exception_propagates,An unhandled Python exception is silently discarded before reaching the caller.,exceptions,https://docs.python.org/3/tutorial/errors.html,Curated Python documentation passage,8. Errors and Exceptions,Curated Python documentation passage — 8. Errors and Exceptions,"If an exception is not handled by an except clause, it is propagated to the caller and may continue up the call stack.",Python Software Foundation License Version 2; source attribution and URL retained,https://docs.python.org/3/license.html,page:https://docs.python.org/3/tutorial/errors.html,page:https://docs.python.org/3/tutorial/errors.html,unhandled_exception_propagates,official programming documentation,2026-09-26,carried forward from Phase 16; source attribution retained,existing Phase 16 candidate fact,
with_open_closes_file,with_open_closes_file,A file opened with a with statement stays open after the block exits with an exception.,file handling and exceptions,https://docs.python.org/3/tutorial/inputoutput.html#reading-and-writing-files,Curated Python documentation passage,Reading and Writing Files,Curated Python documentation passage — Reading and Writing Files,"Using with open(...) as file is recommended for files. The context manager closes the file when the with block finishes, even when an exception occurs.",Python Software Foundation License Version 2; source attribution and URL retained,https://docs.python.org/3/license.html,page:https://docs.python.org/3/tutorial/inputoutput.html#reading-and-writing-files,page:https://docs.python.org/3/tutorial/inputoutput.html#reading-and-writing-files,with_open_closes_file,official programming documentation,2026-09-26,carried forward from Phase 16; source attribution retained,existing Phase 16 candidate fact,
out_of_scope_default_once,out_of_scope_default_once,Python stores every default argument object in a function's __defaults__ tuple.,functions,https://docs.python.org/3/tutorial/controlflow.html,Python documentation excerpt,Control flow — default argument values,Python documentation excerpt — Control flow — default argument values,The default value is evaluated only once. This makes a difference when the default is a mutable object such as a list or dictionary.,Python Software Foundation License Version 2; source attribution and URL retained,https://docs.python.org/3/license.html,page:https://docs.python.org/3/tutorial/controlflow.html,page:https://docs.python.org/3/tutorial/controlflow.html,ie_default_once,official programming documentation,2026-09-26,carried forward from Phase 16; source attribution retained,existing Phase 16 candidate fact,
out_of_scope_fallthrough_none,out_of_scope_fallthrough_none,A function's implicit return value is written into a CPU register chosen by the interpreter.,functions,https://docs.python.org/3/tutorial/controlflow.html,Python documentation excerpt,Control flow — defining functions,Python documentation excerpt — Control flow — defining functions,"If a function definition does not include a return statement, it returns None.",Python Software Foundation License Version 2; source attribution and URL retained,https://docs.python.org/3/license.html,page:https://docs.python.org/3/tutorial/controlflow.html,page:https://docs.python.org/3/tutorial/controlflow.html,ie_fallthrough_none,official programming documentation,2026-09-26,carried forward from Phase 16; source attribution retained,existing Phase 16 candidate fact,
out_of_scope_for_else_break,out_of_scope_for_else_break,A for-else suite runs a finalizer in a background thread after the loop ends.,loops,https://docs.python.org/3/tutorial/controlflow.html,Python documentation excerpt,Control flow — for statements,Python documentation excerpt — Control flow — for statements,"The else clause executes after the for loop completes normally, but not when the loop is terminated by a break statement.",Python Software Foundation License Version 2; source attribution and URL retained,https://docs.python.org/3/license.html,page:https://docs.python.org/3/tutorial/controlflow.html,page:https://docs.python.org/3/tutorial/controlflow.html,ie_for_else_break,official programming documentation,2026-09-26,carried forward from Phase 16; source attribution retained,existing Phase 16 candidate fact,
out_of_scope_function_scope,out_of_scope_function_scope,Python function locals are serialized to disk whenever the function returns.,functions,https://docs.python.org/3/tutorial/controlflow.html,Python documentation excerpt,Control flow — defining functions,Python documentation excerpt — Control flow — defining functions,"When a variable is used in a function, the value is looked up in the local symbol table; the local symbol table is populated from the function's parameters and variables assigned in the function body.",Python Software Foundation License Version 2; source attribution and URL retained,https://docs.python.org/3/license.html,page:https://docs.python.org/3/tutorial/controlflow.html,page:https://docs.python.org/3/tutorial/controlflow.html,ie_function_scope,official programming documentation,2026-09-26,carried forward from Phase 16; source attribution retained,existing Phase 16 candidate fact,
out_of_scope_iterator_protocol,out_of_scope_iterator_protocol,Calling iter() on every iterator resets it to its first element.,iteration,https://docs.python.org/3/tutorial/classes.html,Python documentation excerpt,Classes — iterators,Python documentation excerpt — Classes — iterators,"The for statement calls iter() on the container object. The function returns an iterator object that defines __next__(), which accesses elements one at a time. When there are no more elements, __next__() raises StopIteration.",Python Software Foundation License Version 2; source attribution and URL retained,https://docs.python.org/3/license.html,page:https://docs.python.org/3/tutorial/classes.html,page:https://docs.python.org/3/tutorial/classes.html,ie_iterator_protocol,official programming documentation,2026-09-26,carried forward from Phase 16; source attribution retained,existing Phase 16 candidate fact,
out_of_scope_range_stop,out_of_scope_range_stop,The range constructor accepts an arbitrary number of keyword-only arguments.,range,https://docs.python.org/3/tutorial/controlflow.html,Python documentation excerpt,Control flow — range,Python documentation excerpt — Control flow — range,The given end point is never part of the generated sequence; range(10) generates 10 values.,Python Software Foundation License Version 2; source attribution and URL retained,https://docs.python.org/3/license.html,page:https://docs.python.org/3/tutorial/controlflow.html,page:https://docs.python.org/3/tutorial/controlflow.html,ie_range_stop,official programming documentation,2026-09-26,carried forward from Phase 16; source attribution retained,existing Phase 16 candidate fact,
pilot_insufficient_out-of-scope_1,pilot_insufficient_out-of-scope_1,An exhausted Python generator can be restarted to yield its values again.,pilot out-of-scope example,https://docs.python.org/3/reference/compound_stmts.html#the-for-statement,The Python Language Reference: Compound Statements,The for statement,The Python Language Reference: Compound Statements — The for statement,A for loop's optional else suite runs when the loop finishes normally because the iterator is exhausted. It does not run when a break statement terminates the loop.,Python Software Foundation License Version 2; source attribution and URL retained,https://docs.python.org/3/license.html,page:https://docs.python.org/3/reference/compound_stmts.html#the-for-statement,page:https://docs.python.org/3/reference/compound_stmts.html#the-for-statement,pilot_insufficient_out-of-scope_1,official programming documentation,2026-09-26,carried forward from Phase 16; source attribution retained,existing Phase 16 candidate fact,
pilot_insufficient_out-of-scope_3,pilot_insufficient_out-of-scope_3,Python floating point values always represent decimal fractions exactly.,pilot out-of-scope example,https://docs.python.org/3/tutorial/datastructures.html,The Python Tutorial: Data Structures,5.1.2 Using Lists as Queues,The Python Tutorial: Data Structures — 5.1.2 Using Lists as Queues,"A list can represent a queue, but inserts and pops at the beginning are slow because the other elements must shift. The tutorial recommends collections.deque for efficient operations at both ends.",Python Software Foundation License Version 2; source attribution and URL retained,https://docs.python.org/3/license.html,page:https://docs.python.org/3/tutorial/datastructures.html,page:https://docs.python.org/3/tutorial/datastructures.html,pilot_insufficient_out-of-scope_3,official programming documentation,2026-09-26,carried forward from Phase 16; source attribution retained,existing Phase 16 candidate fact,
pilot_insufficient_out-of-scope_4,pilot_insufficient_out-of-scope_4,Python functions are memoized automatically after their first call.,pilot out-of-scope example,https://docs.python.org/3/reference/compound_stmts.html#function-definitions,The Python Language Reference: Compound Statements,Function definitions,The Python Language Reference: Compound Statements — Function definitions,Executing a function definition binds a function object to its name. The function body is not executed by defining it; the body runs when the function is called.,Python Software Foundation License Version 2; source attribution and URL retained,https://docs.python.org/3/license.html,page:https://docs.python.org/3/reference/compound_stmts.html#function-definitions,page:https://docs.python.org/3/reference/compound_stmts.html#function-definitions,pilot_insufficient_out-of-scope_4,official programming documentation,2026-09-26,carried forward from Phase 16; source attribution retained,existing Phase 16 candidate fact,
pilot_insufficient_out-of-scope_5,pilot_insufficient_out-of-scope_5,Every Python dictionary operation is thread safe in every implementation.,pilot out-of-scope example,https://docs.python.org/3/tutorial/datastructures.html,The Python Tutorial: Data Structures,5.5 Dictionaries,The Python Tutorial: Data Structures — 5.5 Dictionaries,"Iterating over a dictionary, including list(dict), produces keys in insertion order. Calling sorted on the dictionary keys is a separate way to obtain sorted order.",Python Software Foundation License Version 2; source attribution and URL retained,https://docs.python.org/3/license.html,page:https://docs.python.org/3/tutorial/datastructures.html,page:https://docs.python.org/3/tutorial/datastructures.html,pilot_insufficient_out-of-scope_5,official programming documentation,2026-09-26,carried forward from Phase 16; source attribution retained,existing Phase 16 candidate fact,
annotations_runtime,annotations_runtime,Python automatically enforces every function annotation when the function is called.,typing,https://docs.python.org/3/library/typing.html,Typing,Type Hints,Typing — Type Hints,The Python runtime does not enforce function and variable annotations.,Python Software Foundation License Version 2; retain attribution and source URL,https://docs.python.org/3/license.html,page:https://docs.python.org/3/library/typing.html,page:https://docs.python.org/3/library/typing.html,annotations_runtime,official programming documentation,2026-09-26,carried forward from Phase 16; source attribution retained,existing Phase 16 candidate fact,
asyncio_task,asyncio_task,Calling asyncio.create_task(coro) immediately returns the coroutine's final result without awaiting its completion.,async programming,https://docs.python.org/3/library/asyncio-task.html,Asyncio Tasks,Task Object,Asyncio Tasks — Task Object,Tasks are used to schedule coroutines concurrently.,Python Software Foundation License Version 2; retain attribution and source URL,https://docs.python.org/3/license.html,page:https://docs.python.org/3/library/asyncio-task.html,page:https://docs.python.org/3/library/asyncio-task.html,asyncio_task,official programming documentation,2026-09-26,carried forward from Phase 16; source attribution retained,existing Phase 16 candidate fact,
cg166b_argparse_default,cg166b_argparse_default,An argparse default is always ignored when parsing an empty command line.,standard library: argparse,https://docs.python.org/3/library/argparse.html,"Parser for command-line options, arguments and subcommands",Default,"Parser for command-line options, arguments and subcommands — Default",An argument default is used when the argument is absent from the command line.,Python Software Foundation License Version 2; retain attribution and source URL,https://docs.python.org/3/license.html,page:https://docs.python.org/3/library/argparse.html,page:https://docs.python.org/3/library/argparse.html,cg166b_argparse_default,official programming documentation,2026-09-26,carried forward from Phase 16; source attribution retained,existing Phase 16 candidate fact,
cg166b_argparse_required,cg166b_argparse_required,Every optional argument is required by default.,standard library: argparse,https://docs.python.org/3/library/argparse.html,"Parser for command-line options, arguments and subcommands",Required arguments,"Parser for command-line options, arguments and subcommands — Required arguments",An optional argument can be made required with required=True.,Python Software Foundation License Version 2; retain attribution and source URL,https://docs.python.org/3/license.html,page:https://docs.python.org/3/library/argparse.html,page:https://docs.python.org/3/library/argparse.html,cg166b_argparse_required,official programming documentation,2026-09-26,carried forward from Phase 16; source attribution retained,existing Phase 16 candidate fact,
cg166b_argparse_type,cg166b_argparse_type,argparse infers arbitrary argument types from the option name when type is omitted.,standard library: argparse,https://docs.python.org/3/library/argparse.html,"Parser for command-line options, arguments and subcommands",The add_argument() method,"Parser for command-line options, arguments and subcommands — The add_argument() method",The type parameter converts a command-line argument string using the specified callable.,Python Software Foundation License Version 2; retain attribution and source URL,https://docs.python.org/3/license.html,page:https://docs.python.org/3/library/argparse.html,page:https://docs.python.org/3/library/argparse.html,cg166b_argparse_type,official programming documentation,2026-09-26,carried forward from Phase 16; source attribution retained,existing Phase 16 candidate fact,
cg166b_bool_operand,cg166b_bool_operand,The or operator always converts its result to the bool type.,Boolean operations,https://docs.python.org/3/library/stdtypes.html,Built-in Types,Boolean Operations,Built-in Types — Boolean Operations,"The and and or operators return one of their operands, not necessarily a bool.",Python Software Foundation License Version 2; retain attribution and source URL,https://docs.python.org/3/license.html,page:https://docs.python.org/3/library/stdtypes.html,page:https://docs.python.org/3/library/stdtypes.html,cg166b_bool_operand,official programming documentation,2026-09-26,carried forward from Phase 16; source attribution retained,existing Phase 16 candidate fact,
cg166b_bool_shortcircuit,cg166b_bool_shortcircuit,The exact bytecode instruction used for short-circuiting is specified across Python implementations.,Boolean operations,https://docs.python.org/3/library/stdtypes.html,Built-in Types,Boolean Operations,Built-in Types — Boolean Operations,and evaluates its second operand only if the first operand is true.,Python Software Foundation License Version 2; retain attribution and source URL,https://docs.python.org/3/license.html,page:https://docs.python.org/3/library/stdtypes.html,page:https://docs.python.org/3/library/stdtypes.html,cg166b_bool_shortcircuit,official programming documentation,2026-09-26,carried forward from Phase 16; source attribution retained,existing Phase 16 candidate fact,
cg166b_bytearray_mutable,cg166b_bytearray_mutable,bytearray is immutable like bytes.,bytearray,https://docs.python.org/3/library/stdtypes.html,Built-in Types,Binary Sequence Types,Built-in Types — Binary Sequence Types,bytearray is a mutable sequence of integers in the range 0 through 255.,Python Software Foundation License Version 2; retain attribution and source URL,https://docs.python.org/3/license.html,page:https://docs.python.org/3/library/stdtypes.html,page:https://docs.python.org/3/library/stdtypes.html,cg166b_bytearray_mutable,official programming documentation,2026-09-26,carried forward from Phase 16; source attribution retained,existing Phase 16 candidate fact,
cg166b_bytes_ascii,cg166b_bytes_ascii,The default text encoding used by open() is always UTF-8 on every platform.,bytes,https://docs.python.org/3/library/stdtypes.html,Built-in Types,Binary Sequence Types,Built-in Types — Binary Sequence Types,bytes literals contain ASCII characters directly; values outside ASCII use escapes.,Python Software Foundation License Version 2; retain attribution and source URL,https://docs.python.org/3/license.html,page:https://docs.python.org/3/library/stdtypes.html,page:https://docs.python.org/3/library/stdtypes.html,cg166b_bytes_ascii,official programming documentation,2026-09-26,carried forward from Phase 16; source attribution retained,existing Phase 16 candidate fact,
cg166b_chain_compare,cg166b_chain_compare,A chained comparison always evaluates its final expression even when the first comparison is false.,comparisons,https://docs.python.org/3/library/stdtypes.html,Built-in Types,Comparisons,Built-in Types — Comparisons,"In a chained comparison such as x < y <= z, y is evaluated only once.",Python Software Foundation License Version 2; retain attribution and source URL,https://docs.python.org/3/license.html,page:https://docs.python.org/3/library/stdtypes.html,page:https://docs.python.org/3/library/stdtypes.html,cg166b_chain_compare,official programming documentation,2026-09-26,carried forward from Phase 16; source attribution retained,existing Phase 16 candidate fact,
cg166b_csv_dictreader_headers,cg166b_csv_dictreader_headers,A DictReader without fieldnames returns the first row both as keys and as a data record.,standard library: csv,https://docs.python.org/3/library/csv.html,CSV File Reading and Writing,DictReader,CSV File Reading and Writing — DictReader,"If fieldnames is omitted, DictReader uses the first row as field names and omits that row from results.",Python Software Foundation License Version 2; retain attribution and source URL,https://docs.python.org/3/license.html,page:https://docs.python.org/3/library/csv.html,page:https://docs.python.org/3/library/csv.html,cg166b_csv_dictreader_headers,official programming documentation,2026-09-26,carried forward from Phase 16; source attribution retained,existing Phase 16 candidate fact,
cg166b_csv_newline,cg166b_csv_newline,"The csv module requires text files to be opened with newline='
'.",standard library: csv,https://docs.python.org/3/library/csv.html,CSV File Reading and Writing,Examples,CSV File Reading and Writing — Examples,CSV files should be opened with newline='' so embedded newlines are handled correctly.,Python Software Foundation License Version 2; retain attribution and source URL,https://docs.python.org/3/license.html,page:https://docs.python.org/3/library/csv.html,page:https://docs.python.org/3/library/csv.html,cg166b_csv_newline,official programming documentation,2026-09-26,carried forward from Phase 16; source attribution retained,existing Phase 16 candidate fact,
cg166b_csv_none_write,cg166b_csv_none_write,csv.writer writes None as the literal text 'None'.,standard library: csv,https://docs.python.org/3/library/csv.html,CSV File Reading and Writing,csv.writer,CSV File Reading and Writing — csv.writer,"csv.writer writes None as an empty string, which is not a reversible transformation.",Python Software Foundation License Version 2; retain attribution and source URL,https://docs.python.org/3/license.html,page:https://docs.python.org/3/library/csv.html,page:https://docs.python.org/3/library/csv.html,cg166b_csv_none_write,official programming documentation,2026-09-26,carried forward from Phase 16; source attribution retained,existing Phase 16 candidate fact,
cg166b_csv_quote_nonnum,cg166b_csv_quote_nonnum,"With QUOTE_NONNUMERIC, quoted fields are converted to float and unquoted fields remain strings.",standard library: csv,https://docs.python.org/3/library/csv.html,CSV File Reading and Writing,QUOTE_NONNUMERIC,CSV File Reading and Writing — QUOTE_NONNUMERIC,QUOTE_NONNUMERIC makes the reader convert unquoted fields to float.,Python Software Foundation License Version 2; retain attribution and source URL,https://docs.python.org/3/license.html,page:https://docs.python.org/3/library/csv.html,page:https://docs.python.org/3/library/csv.html,cg166b_csv_quote_nonnum,official programming documentation,2026-09-26,carried forward from Phase 16; source attribution retained,existing Phase 16 candidate fact,
cg166b_csv_reader_strings,cg166b_csv_reader_strings,csv.reader automatically converts every field to its most likely Python type.,standard library: csv,https://docs.python.org/3/library/csv.html,CSV File Reading and Writing,csv.reader,CSV File Reading and Writing — csv.reader,csv.reader returns each row as a list of strings unless QUOTE_NONNUMERIC is enabled.,Python Software Foundation License Version 2; retain attribution and source URL,https://docs.python.org/3/license.html,page:https://docs.python.org/3/library/csv.html,page:https://docs.python.org/3/library/csv.html,cg166b_csv_reader_strings,official programming documentation,2026-09-26,carried forward from Phase 16; source attribution retained,existing Phase 16 candidate fact,
cg166b_csv_sniffer_heuristic,cg166b_csv_sniffer_heuristic,csv.Sniffer.has_header guarantees correct header detection for arbitrary CSV data.,standard library: csv,https://docs.python.org/3/library/csv.html,CSV File Reading and Writing,Sniffer,CSV File Reading and Writing — Sniffer,Sniffer.has_header uses a rough heuristic and may produce false positives and false negatives.,Python Software Foundation License Version 2; retain attribution and source URL,https://docs.python.org/3/license.html,page:https://docs.python.org/3/library/csv.html,page:https://docs.python.org/3/library/csv.html,cg166b_csv_sniffer_heuristic,official programming documentation,2026-09-26,carried forward from Phase 16; source attribution retained,existing Phase 16 candidate fact,
cg166b_dataclass_fields,cg166b_dataclass_fields,The dataclass decorator requires every field to have a default value.,standard library: dataclasses,https://docs.python.org/3/library/dataclasses.html,Data Classes,Module-level decorators and functions,Data Classes — Module-level decorators and functions,The dataclass decorator adds generated methods such as __init__ based on annotated fields.,Python Software Foundation License Version 2; retain attribution and source URL,https://docs.python.org/3/license.html,page:https://docs.python.org/3/library/dataclasses.html,page:https://docs.python.org/3/library/dataclasses.html,cg166b_dataclass_fields,official programming documentation,2026-09-26,carried forward from Phase 16; source attribution retained,existing Phase 16 candidate fact,
cg166b_datetime_naive,cg166b_datetime_naive,Every naive datetime is implicitly interpreted as UTC by the datetime module.,standard library: datetime,https://docs.python.org/3/library/datetime.html,Basic date and time types,Aware and Naive Objects,Basic date and time types — Aware and Naive Objects,A naive datetime lacks sufficient timezone information to locate itself unambiguously relative to other datetimes.,Python Software Foundation License Version 2; retain attribution and source URL,https://docs.python.org/3/license.html,page:https://docs.python.org/3/library/datetime.html,page:https://docs.python.org/3/library/datetime.html,cg166b_datetime_naive,official programming documentation,2026-09-26,carried forward from Phase 16; source attribution retained,existing Phase 16 candidate fact,
cg166b_datetime_strptime,cg166b_datetime_strptime,datetime.strptime formats a datetime into a string.,standard library: datetime,https://docs.python.org/3/library/datetime.html,Basic date and time types,strftime() and strptime() Behavior,Basic date and time types — strftime() and strptime() Behavior,strptime parses a string according to a format string and returns a datetime object.,Python Software Foundation License Version 2; retain attribution and source URL,https://docs.python.org/3/license.html,page:https://docs.python.org/3/library/datetime.html,page:https://docs.python.org/3/library/datetime.html,cg166b_datetime_strptime,official programming documentation,2026-09-26,carried forward from Phase 16; source attribution retained,existing Phase 16 candidate fact,
cg166b_datetime_timedelta,cg166b_datetime_timedelta,A timedelta stores a timezone or daylight-saving rule for its duration.,standard library: datetime,https://docs.python.org/3/library/datetime.html,Basic date and time types,timedelta Objects,Basic date and time types — timedelta Objects,"A timedelta represents a duration expressed as days, seconds, and microseconds.",Python Software Foundation License Version 2; retain attribution and source URL,https://docs.python.org/3/license.html,page:https://docs.python.org/3/library/datetime.html,page:https://docs.python.org/3/library/datetime.html,cg166b_datetime_timedelta,official programming documentation,2026-09-26,carried forward from Phase 16; source attribution retained,existing Phase 16 candidate fact,
cg166b_decimal_context,cg166b_decimal_context,Decimal operations always use unlimited precision and ignore the active context.,standard library: decimal,https://docs.python.org/3/library/decimal.html,Decimal fixed-point and floating-point arithmetic,Context Objects,Decimal fixed-point and floating-point arithmetic — Context Objects,"A decimal context controls precision, rounding, exponent limits, flags, and traps.",Python Software Foundation License Version 2; retain attribution and source URL,https://docs.python.org/3/license.html,page:https://docs.python.org/3/library/decimal.html,page:https://docs.python.org/3/library/decimal.html,cg166b_decimal_context,official programming documentation,2026-09-26,carried forward from Phase 16; source attribution retained,existing Phase 16 candidate fact,
cg166b_decimal_exact_input,cg166b_decimal_exact_input,Decimal(0.1) is guaranteed to equal Decimal('0.1').,standard library: decimal,https://docs.python.org/3/library/decimal.html,Decimal fixed-point and floating-point arithmetic,Decimal objects,Decimal fixed-point and floating-point arithmetic — Decimal objects,Decimal constructed from a float preserves the exact binary floating-point value as a decimal expansion.,Python Software Foundation License Version 2; retain attribution and source URL,https://docs.python.org/3/license.html,page:https://docs.python.org/3/library/decimal.html,page:https://docs.python.org/3/library/decimal.html,cg166b_decimal_exact_input,official programming documentation,2026-09-26,carried forward from Phase 16; source attribution retained,existing Phase 16 candidate fact,
cg166b_enum_auto,cg166b_enum_auto,Enum.auto() begins with integer 0 by default.,standard library: enum,https://docs.python.org/3/library/enum.html,Support for enumerations,auto,Support for enumerations — auto,"For Enum, auto generates increasing integer values beginning with 1.",Python Software Foundation License Version 2; retain attribution and source URL,https://docs.python.org/3/license.html,page:https://docs.python.org/3/library/enum.html,page:https://docs.python.org/3/library/enum.html,cg166b_enum_auto,official programming documentation,2026-09-26,carried forward from Phase 16; source attribution retained,existing Phase 16 candidate fact,
cg166b_enum_iteration,cg166b_enum_iteration,Enum iteration yields aliases as additional members in alphabetical order.,standard library: enum,https://docs.python.org/3/library/enum.html,Support for enumerations,Enum,Support for enumerations — Enum,Iteration over an Enum yields canonical non-alias members in definition order.,Python Software Foundation License Version 2; retain attribution and source URL,https://docs.python.org/3/license.html,page:https://docs.python.org/3/library/enum.html,page:https://docs.python.org/3/library/enum.html,cg166b_enum_iteration,official programming documentation,2026-09-26,carried forward from Phase 16; source attribution retained,existing Phase 16 candidate fact,
cg166b_enum_lookup_value,cg166b_enum_lookup_value,Enum call syntax performs name lookup while square brackets perform value lookup.,standard library: enum,https://docs.python.org/3/library/enum.html,Support for enumerations,Enum,Support for enumerations — Enum,"Enum call syntax looks up a member by value, while index syntax looks it up by name.",Python Software Foundation License Version 2; retain attribution and source URL,https://docs.python.org/3/license.html,page:https://docs.python.org/3/library/enum.html,page:https://docs.python.org/3/library/enum.html,cg166b_enum_lookup_value,official programming documentation,2026-09-26,carried forward from Phase 16; source attribution retained,existing Phase 16 candidate fact,
cg166b_float_int_truncate,cg166b_float_int_truncate,int(3.9) rounds to 4.,numeric conversions,https://docs.python.org/3/library/stdtypes.html,Built-in Types,Numeric Types,Built-in Types — Numeric Types,Converting a float to int truncates by discarding the fractional part.,Python Software Foundation License Version 2; retain attribution and source URL,https://docs.python.org/3/license.html,page:https://docs.python.org/3/library/stdtypes.html,page:https://docs.python.org/3/library/stdtypes.html,cg166b_float_int_truncate,official programming documentation,2026-09-26,carried forward from Phase 16; source attribution retained,existing Phase 16 candidate fact,
cg166b_floor_negative,cg166b_floor_negative,The performance cost of floor division is identical for every integer magnitude.,numeric behavior,https://docs.python.org/3/library/stdtypes.html,Built-in Types,Numeric Types,Built-in Types — Numeric Types,Integer floor division is rounded toward minus infinity.,Python Software Foundation License Version 2; retain attribution and source URL,https://docs.python.org/3/license.html,page:https://docs.python.org/3/library/stdtypes.html,page:https://docs.python.org/3/library/stdtypes.html,cg166b_floor_negative,official programming documentation,2026-09-26,carried forward from Phase 16; source attribution retained,existing Phase 16 candidate fact,
cg166b_futures_context,cg166b_futures_context,Leaving an Executor context manager cancels every running task immediately.,standard library: concurrent.futures,https://docs.python.org/3/library/concurrent.futures.html,Launching parallel tasks,Executor Objects,Launching parallel tasks — Executor Objects,Using an Executor as a context manager shuts it down and waits as if shutdown(wait=True) were called.,Python Software Foundation License Version 2; retain attribution and source URL,https://docs.python.org/3/license.html,page:https://docs.python.org/3/library/concurrent.futures.html,page:https://docs.python.org/3/library/concurrent.futures.html,cg166b_futures_context,official programming documentation,2026-09-26,carried forward from Phase 16; source attribution retained,existing Phase 16 candidate fact,
cg166b_futures_map_eager,cg166b_futures_map_eager,Executor.map always consumes input iterables lazily one item at a time.,standard library: concurrent.futures,https://docs.python.org/3/library/concurrent.futures.html,Launching parallel tasks,Executor.map,Launching parallel tasks — Executor.map,Executor.map collects its input iterables immediately and executes calls asynchronously.,Python Software Foundation License Version 2; retain attribution and source URL,https://docs.python.org/3/license.html,page:https://docs.python.org/3/library/concurrent.futures.html,page:https://docs.python.org/3/library/concurrent.futures.html,cg166b_futures_map_eager,official programming documentation,2026-09-26,carried forward from Phase 16; source attribution retained,existing Phase 16 candidate fact,
cg166b_futures_shutdown,cg166b_futures_shutdown,An executor silently queues new work after shutdown.,standard library: concurrent.futures,https://docs.python.org/3/library/concurrent.futures.html,Launching parallel tasks,Executor.shutdown,Launching parallel tasks — Executor.shutdown,Submitting work after executor shutdown raises RuntimeError.,Python Software Foundation License Version 2; retain attribution and source URL,https://docs.python.org/3/license.html,page:https://docs.python.org/3/library/concurrent.futures.html,page:https://docs.python.org/3/library/concurrent.futures.html,cg166b_futures_shutdown,official programming documentation,2026-09-26,carried forward from Phase 16; source attribution retained,existing Phase 16 candidate fact,
cg166b_futures_submit,cg166b_futures_submit,Executor.submit blocks until fn has returned its result and returns that result directly.,standard library: concurrent.futures,https://docs.python.org/3/library/concurrent.futures.html,Launching parallel tasks,Executor Objects,Launching parallel tasks — Executor Objects,"Executor.submit schedules fn(*args, **kwargs) and returns a Future.",Python Software Foundation License Version 2; retain attribution and source URL,https://docs.python.org/3/license.html,page:https://docs.python.org/3/library/concurrent.futures.html,page:https://docs.python.org/3/library/concurrent.futures.html,cg166b_futures_submit,official programming documentation,2026-09-26,carried forward from Phase 16; source attribution retained,existing Phase 16 candidate fact,
cg166b_intenum_arithmetic,cg166b_intenum_arithmetic,Arithmetic on IntEnum members always preserves the original enumeration type.,standard library: enum,https://docs.python.org/3/library/enum.html,Support for enumerations,IntEnum,Support for enumerations — IntEnum,"IntEnum members are integers, and integer operations produce ordinary integer results without enum status.",Python Software Foundation License Version 2; retain attribution and source URL,https://docs.python.org/3/license.html,page:https://docs.python.org/3/library/enum.html,page:https://docs.python.org/3/library/enum.html,cg166b_intenum_arithmetic,official programming documentation,2026-09-26,carried forward from Phase 16; source attribution retained,existing Phase 16 candidate fact,
cg166b_io_stringio,cg166b_io_stringio,StringIO uses the same encoding errors as a filesystem file opened with any encoding.,standard library: io,https://docs.python.org/3/library/io.html,Core tools for working with streams,In-memory streams,Core tools for working with streams — In-memory streams,StringIO is an in-memory text stream; BytesIO is an in-memory binary stream.,Python Software Foundation License Version 2; retain attribution and source URL,https://docs.python.org/3/license.html,page:https://docs.python.org/3/library/io.html,page:https://docs.python.org/3/library/io.html,cg166b_io_stringio,official programming documentation,2026-09-26,carried forward from Phase 16; source attribution retained,existing Phase 16 candidate fact,
cg166b_is_identity,cg166b_is_identity,A class can redefine the behavior of the is operator with __eq__.,identity and equality,https://docs.python.org/3/library/stdtypes.html,Built-in Types,Comparisons,Built-in Types — Comparisons,is and is not test object identity and their behavior cannot be customized.,Python Software Foundation License Version 2; retain attribution and source URL,https://docs.python.org/3/license.html,page:https://docs.python.org/3/library/stdtypes.html,page:https://docs.python.org/3/library/stdtypes.html,cg166b_is_identity,official programming documentation,2026-09-26,carried forward from Phase 16; source attribution retained,existing Phase 16 candidate fact,
cg166b_logging_basicconfig,cg166b_logging_basicconfig,logging.basicConfig always replaces all existing root handlers by default.,standard library: logging,https://docs.python.org/3/library/logging.html,Logging facility,Logging to a file,Logging facility — Logging to a file,basicConfig does nothing if the root logger already has handlers unless force is true.,Python Software Foundation License Version 2; retain attribution and source URL,https://docs.python.org/3/license.html,page:https://docs.python.org/3/library/logging.html,page:https://docs.python.org/3/library/logging.html,cg166b_logging_basicconfig,official programming documentation,2026-09-26,carried forward from Phase 16; source attribution retained,existing Phase 16 candidate fact,
cg166b_logging_levels,cg166b_logging_levels,DEBUG is more severe than CRITICAL in the standard logging level ordering.,standard library: logging,https://docs.python.org/3/library/logging.html,Logging facility,Logging Levels,Logging facility — Logging Levels,"The standard levels include DEBUG, INFO, WARNING, ERROR, and CRITICAL in increasing severity.",Python Software Foundation License Version 2; retain attribution and source URL,https://docs.python.org/3/license.html,page:https://docs.python.org/3/library/logging.html,page:https://docs.python.org/3/library/logging.html,cg166b_logging_levels,official programming documentation,2026-09-26,carried forward from Phase 16; source attribution retained,existing Phase 16 candidate fact,
cg166b_math_fsum,cg166b_math_fsum,math.fsum simply calls the built-in sum without changing the summation method.,standard library: math,https://docs.python.org/3/library/math.html,Mathematical functions,Summation,Mathematical functions — Summation,math.fsum tracks multiple intermediate partial sums to improve accuracy.,Python Software Foundation License Version 2; retain attribution and source URL,https://docs.python.org/3/license.html,page:https://docs.python.org/3/library/math.html,page:https://docs.python.org/3/library/math.html,cg166b_math_fsum,official programming documentation,2026-09-26,carried forward from Phase 16; source attribution retained,existing Phase 16 candidate fact,
cg166b_math_isclose,cg166b_math_isclose,The default tolerance in math.isclose is appropriate for every numerical application.,standard library: math,https://docs.python.org/3/library/math.html,Mathematical functions,Floating point comparisons,Mathematical functions — Floating point comparisons,math.isclose compares values using relative and absolute tolerances.,Python Software Foundation License Version 2; retain attribution and source URL,https://docs.python.org/3/license.html,page:https://docs.python.org/3/library/math.html,page:https://docs.python.org/3/library/math.html,cg166b_math_isclose,official programming documentation,2026-09-26,carried forward from Phase 16; source attribution retained,existing Phase 16 candidate fact,
cg166b_memoryview_alias,cg166b_memoryview_alias,Creating a memoryview always duplicates the entire underlying buffer.,bytes and buffers,https://docs.python.org/3/library/stdtypes.html,Built-in Types,Memory Views,Built-in Types — Memory Views,A memoryview exposes an object's buffer without copying the data.,Python Software Foundation License Version 2; retain attribution and source URL,https://docs.python.org/3/license.html,page:https://docs.python.org/3/library/stdtypes.html,page:https://docs.python.org/3/library/stdtypes.html,cg166b_memoryview_alias,official programming documentation,2026-09-26,carried forward from Phase 16; source attribution retained,existing Phase 16 candidate fact,
cg166b_multiprocessing_lock,cg166b_multiprocessing_lock,threading.Lock is automatically shared by unrelated processes without being passed to them.,standard library: multiprocessing,https://docs.python.org/3/library/multiprocessing.html,Process-based parallelism,Synchronization between processes,Process-based parallelism — Synchronization between processes,Multiprocessing provides synchronization primitives including locks.,Python Software Foundation License Version 2; retain attribution and source URL,https://docs.python.org/3/license.html,page:https://docs.python.org/3/library/multiprocessing.html,page:https://docs.python.org/3/library/multiprocessing.html,cg166b_multiprocessing_lock,official programming documentation,2026-09-26,carried forward from Phase 16; source attribution retained,existing Phase 16 candidate fact,
cg166b_multiprocessing_pipe,cg166b_multiprocessing_pipe,Two processes can safely write concurrently to the same Pipe end without synchronization.,standard library: multiprocessing,https://docs.python.org/3/library/multiprocessing.html,Process-based parallelism,Pipes and Queues,Process-based parallelism — Pipes and Queues,Pipe returns two connection objects; concurrent reads or writes on the same end can corrupt data.,Python Software Foundation License Version 2; retain attribution and source URL,https://docs.python.org/3/license.html,page:https://docs.python.org/3/library/multiprocessing.html,page:https://docs.python.org/3/library/multiprocessing.html,cg166b_multiprocessing_pipe,official programming documentation,2026-09-26,carried forward from Phase 16; source attribution retained,existing Phase 16 candidate fact,
cg166b_multiprocessing_send_pickle,cg166b_multiprocessing_send_pickle,Connection.send transmits a shared reference to the original Python object without serialization.,standard library: multiprocessing,https://docs.python.org/3/library/multiprocessing.html,Process-based parallelism,Connection objects,Process-based parallelism — Connection objects,Connection.send serializes the object and recv recreates it.,Python Software Foundation License Version 2; retain attribution and source URL,https://docs.python.org/3/license.html,page:https://docs.python.org/3/library/multiprocessing.html,page:https://docs.python.org/3/library/multiprocessing.html,cg166b_multiprocessing_send_pickle,official programming documentation,2026-09-26,carried forward from Phase 16; source attribution retained,existing Phase 16 candidate fact,
cg166b_multiprocessing_shared,cg166b_multiprocessing_shared,multiprocessing.Value creates an isolated private copy that other processes cannot access.,standard library: multiprocessing,https://docs.python.org/3/library/multiprocessing.html,Process-based parallelism,Sharing state between processes,Process-based parallelism — Sharing state between processes,multiprocessing provides shared memory via Value and Array.,Python Software Foundation License Version 2; retain attribution and source URL,https://docs.python.org/3/license.html,page:https://docs.python.org/3/library/multiprocessing.html,page:https://docs.python.org/3/library/multiprocessing.html,cg166b_multiprocessing_shared,official programming documentation,2026-09-26,carried forward from Phase 16; source attribution retained,existing Phase 16 candidate fact,
cg166b_pickle_functions,cg166b_pickle_functions,Pickle serializes a function's bytecode and closure as a portable executable snapshot.,standard library: pickle,https://docs.python.org/3/library/pickle.html,Python object serialization,What can be pickled,Python object serialization — What can be pickled,"Functions and classes are pickled by fully qualified name, not by serializing their code.",Python Software Foundation License Version 2; retain attribution and source URL,https://docs.python.org/3/license.html,page:https://docs.python.org/3/library/pickle.html,page:https://docs.python.org/3/library/pickle.html,cg166b_pickle_functions,official programming documentation,2026-09-26,carried forward from Phase 16; source attribution retained,existing Phase 16 candidate fact,
cg166b_pickle_protocol,cg166b_pickle_protocol,Every Python version can read every pickle protocol ever defined.,standard library: pickle,https://docs.python.org/3/library/pickle.html,Python object serialization,Data stream format,Python object serialization — Data stream format,Pickle protocols are versioned and newer protocols may be unsupported by older Python versions.,Python Software Foundation License Version 2; retain attribution and source URL,https://docs.python.org/3/license.html,page:https://docs.python.org/3/library/pickle.html,page:https://docs.python.org/3/library/pickle.html,cg166b_pickle_protocol,official programming documentation,2026-09-26,carried forward from Phase 16; source attribution retained,existing Phase 16 candidate fact,
cg166b_pickle_security,cg166b_pickle_security,The pickle module guarantees that loading untrusted data cannot execute code.,standard library: pickle,https://docs.python.org/3/library/pickle.html,Python object serialization,Warning,Python object serialization — Warning,Unpickling untrusted data can execute arbitrary code; only unpickle trusted data.,Python Software Foundation License Version 2; retain attribution and source URL,https://docs.python.org/3/license.html,page:https://docs.python.org/3/library/pickle.html,page:https://docs.python.org/3/library/pickle.html,cg166b_pickle_security,official programming documentation,2026-09-26,carried forward from Phase 16; source attribution retained,existing Phase 16 candidate fact,
cg166b_pow_zero,cg166b_pow_zero,The expression 0 ** 0 raises ZeroDivisionError.,numeric behavior,https://docs.python.org/3/library/stdtypes.html,Built-in Types,Numeric Types,Built-in Types — Numeric Types,Python defines 0**0 as 1.,Python Software Foundation License Version 2; retain attribution and source URL,https://docs.python.org/3/license.html,page:https://docs.python.org/3/library/stdtypes.html,page:https://docs.python.org/3/library/stdtypes.html,cg166b_pow_zero,official programming documentation,2026-09-26,carried forward from Phase 16; source attribution retained,existing Phase 16 candidate fact,
cg166b_sqlite_commit,cg166b_sqlite_commit,The sqlite3 connection context manager always closes the connection on exit.,standard library: sqlite3,https://docs.python.org/3/library/sqlite3.html,SQLite database,Transaction control,SQLite database — Transaction control,A connection context manager commits or rolls back a transaction but does not close the connection.,Python Software Foundation License Version 2; retain attribution and source URL,https://docs.python.org/3/license.html,page:https://docs.python.org/3/library/sqlite3.html,page:https://docs.python.org/3/library/sqlite3.html,cg166b_sqlite_commit,official programming documentation,2026-09-26,carried forward from Phase 16; source attribution retained,existing Phase 16 candidate fact,
cg166b_sqlite_parameter,cg166b_sqlite_parameter,The sqlite3 documentation recommends interpolating values into SQL with Python string formatting.,standard library: sqlite3,https://docs.python.org/3/library/sqlite3.html,SQLite database,How to use placeholders to bind values in SQL queries,SQLite database — How to use placeholders to bind values in SQL queries,The docs recommend placeholders for binding values rather than string formatting SQL values.,Python Software Foundation License Version 2; retain attribution and source URL,https://docs.python.org/3/license.html,page:https://docs.python.org/3/library/sqlite3.html,page:https://docs.python.org/3/library/sqlite3.html,cg166b_sqlite_parameter,official programming documentation,2026-09-26,carried forward from Phase 16; source attribution retained,existing Phase 16 candidate fact,
cg166b_sqlite_row_factory,cg166b_sqlite_row_factory,sqlite3.Row returns each row as a mutable dictionary by default.,standard library: sqlite3,https://docs.python.org/3/library/sqlite3.html,SQLite database,How to create and use row factories,SQLite database — How to create and use row factories,row_factory controls how fetched rows are represented; sqlite3.Row provides indexed and named access.,Python Software Foundation License Version 2; retain attribution and source URL,https://docs.python.org/3/license.html,page:https://docs.python.org/3/library/sqlite3.html,page:https://docs.python.org/3/library/sqlite3.html,cg166b_sqlite_row_factory,official programming documentation,2026-09-26,carried forward from Phase 16; source attribution retained,existing Phase 16 candidate fact,
cg166b_statistics_fmean,cg166b_statistics_fmean,statistics.fmean returns an exact Fraction whenever all inputs are rational.,standard library: statistics,https://docs.python.org/3/library/statistics.html,Statistics,statistics.fmean,Statistics — statistics.fmean,fmean computes an arithmetic mean using floating-point arithmetic and returns a float.,Python Software Foundation License Version 2; retain attribution and source URL,https://docs.python.org/3/license.html,page:https://docs.python.org/3/library/statistics.html,page:https://docs.python.org/3/library/statistics.html,cg166b_statistics_fmean,official programming documentation,2026-09-26,carried forward from Phase 16; source attribution retained,existing Phase 16 candidate fact,
cg166b_statistics_median,cg166b_statistics_median,statistics.median always chooses the lower of the two middle values for even-length data.,standard library: statistics,https://docs.python.org/3/library/statistics.html,Statistics,Measures of central location,Statistics — Measures of central location,"statistics.median returns the middle value of sorted data, or the mean of the two middle values for even length.",Python Software Foundation License Version 2; retain attribution and source URL,https://docs.python.org/3/license.html,page:https://docs.python.org/3/library/statistics.html,page:https://docs.python.org/3/library/statistics.html,cg166b_statistics_median,official programming documentation,2026-09-26,carried forward from Phase 16; source attribution retained,existing Phase 16 candidate fact,
cg166b_statistics_mode,cg166b_statistics_mode,statistics.mode always raises an error when multiple values share the highest frequency.,standard library: statistics,https://docs.python.org/3/library/statistics.html,Statistics,statistics.mode,Statistics — statistics.mode,mode returns a single most common value; in multimodal data the first encountered mode is returned.,Python Software Foundation License Version 2; retain attribution and source URL,https://docs.python.org/3/license.html,page:https://docs.python.org/3/library/statistics.html,page:https://docs.python.org/3/library/statistics.html,cg166b_statistics_mode,official programming documentation,2026-09-26,carried forward from Phase 16; source attribution retained,existing Phase 16 candidate fact,
cg166b_str_immutable,cg166b_str_immutable,A str supports item assignment to replace one character in place.,strings,https://docs.python.org/3/library/stdtypes.html,Built-in Types,Text Sequence Type,Built-in Types — Text Sequence Type,Strings are immutable sequences of Unicode code points.,Python Software Foundation License Version 2; retain attribution and source URL,https://docs.python.org/3/license.html,page:https://docs.python.org/3/library/stdtypes.html,page:https://docs.python.org/3/library/stdtypes.html,cg166b_str_immutable,official programming documentation,2026-09-26,carried forward from Phase 16; source attribution retained,existing Phase 16 candidate fact,
cg166b_string_capwords,cg166b_string_capwords,string.capwords preserves every original run of whitespace by default.,standard library: string,https://docs.python.org/3/library/string.html,Common string operations,string.capwords,Common string operations — string.capwords,"string.capwords splits on whitespace, capitalizes each word, and joins with a single space by default.",Python Software Foundation License Version 2; retain attribution and source URL,https://docs.python.org/3/license.html,page:https://docs.python.org/3/library/string.html,page:https://docs.python.org/3/library/string.html,cg166b_string_capwords,official programming documentation,2026-09-26,carried forward from Phase 16; source attribution retained,existing Phase 16 candidate fact,
cg166b_truth_default,cg166b_truth_default,Every newly defined object is false until __bool__ is implemented.,truth-value testing,https://docs.python.org/3/library/stdtypes.html,Built-in Types,Truth Value Testing,Built-in Types — Truth Value Testing,By default an object is true unless __bool__ returns False or __len__ returns zero.,Python Software Foundation License Version 2; retain attribution and source URL,https://docs.python.org/3/license.html,page:https://docs.python.org/3/library/stdtypes.html,page:https://docs.python.org/3/library/stdtypes.html,cg166b_truth_default,official programming documentation,2026-09-26,carried forward from Phase 16; source attribution retained,existing Phase 16 candidate fact,
cg166b_truth_empty,cg166b_truth_empty,An empty tuple has a true truth value because tuples are immutable.,truth-value testing,https://docs.python.org/3/library/stdtypes.html,Built-in Types,Truth Value Testing,Built-in Types — Truth Value Testing,"Empty strings, tuples, lists, dictionaries, sets, and range(0) are false.",Python Software Foundation License Version 2; retain attribution and source URL,https://docs.python.org/3/license.html,page:https://docs.python.org/3/library/stdtypes.html,page:https://docs.python.org/3/library/stdtypes.html,cg166b_truth_empty,official programming documentation,2026-09-26,carried forward from Phase 16; source attribution retained,existing Phase 16 candidate fact,
chain_iterables,chain_iterables,itertools.chain interleaves items from all inputs in round-robin order.,iteration,https://docs.python.org/3/library/itertools.html,Itertools,chain,Itertools — chain,"chain returns an iterator that returns elements from the first iterable until it is exhausted, then proceeds to the next iterable.",Python Software Foundation License Version 2; retain attribution and source URL,https://docs.python.org/3/license.html,page:https://docs.python.org/3/library/itertools.html,page:https://docs.python.org/3/library/itertools.html,chain_iterables,official programming documentation,2026-09-26,carried forward from Phase 16; source attribution retained,existing Phase 16 candidate fact,
copy_deep,copy_deep,copy.deepcopy only creates a new outer container and always reuses every nested reference.,object model,https://docs.python.org/3/library/copy.html,Copy,Shallow and deep copy operations,Copy — Shallow and deep copy operations,A deep copy constructs a new compound object and then recursively inserts copies of the objects found in the original.,Python Software Foundation License Version 2; retain attribution and source URL,https://docs.python.org/3/license.html,page:https://docs.python.org/3/library/copy.html,page:https://docs.python.org/3/library/copy.html,copy_deep,official programming documentation,2026-09-26,carried forward from Phase 16; source attribution retained,existing Phase 16 candidate fact,
copy_shallow,copy_shallow,copy.copy recursively duplicates every object reachable from the input.,object model,https://docs.python.org/3/library/copy.html,Copy,Shallow and deep copy operations,Copy — Shallow and deep copy operations,A shallow copy constructs a new compound object and inserts references to the objects found in the original.,Python Software Foundation License Version 2; retain attribution and source URL,https://docs.python.org/3/license.html,page:https://docs.python.org/3/library/copy.html,page:https://docs.python.org/3/library/copy.html,copy_shallow,official programming documentation,2026-09-26,carried forward from Phase 16; source attribution retained,existing Phase 16 candidate fact,
count_infinite,count_infinite,itertools.count stops automatically after yielding its starting value.,iteration,https://docs.python.org/3/library/itertools.html,Itertools,count,Itertools — count,"count(start=0, step=1) makes an iterator that returns evenly spaced values beginning with start and has no end condition.",Python Software Foundation License Version 2; retain attribution and source URL,https://docs.python.org/3/license.html,page:https://docs.python.org/3/library/itertools.html,page:https://docs.python.org/3/library/itertools.html,count_infinite,official programming documentation,2026-09-26,carried forward from Phase 16; source attribution retained,existing Phase 16 candidate fact,
counter_missing,counter_missing,Reading a missing key from a Counter raises KeyError.,standard library: collections,https://docs.python.org/3/library/collections.html,Collections - Container Datatypes,Counter objects,Collections - Container Datatypes — Counter objects,A Counter returns a zero count for missing items instead of raising KeyError.,Python Software Foundation License Version 2; retain attribution and source URL,https://docs.python.org/3/license.html,page:https://docs.python.org/3/library/collections.html,page:https://docs.python.org/3/library/collections.html,counter_missing,official programming documentation,2026-09-26,carried forward from Phase 16; source attribution retained,existing Phase 16 candidate fact,
defaultdict_factory,defaultdict_factory,A defaultdict default_factory receives the missing key as its required argument.,standard library: collections,https://docs.python.org/3/library/collections.html,Collections - Container Datatypes,defaultdict objects,Collections - Container Datatypes — defaultdict objects,The default_factory is called without arguments to produce a default value when a missing key is accessed.,Python Software Foundation License Version 2; retain attribution and source URL,https://docs.python.org/3/license.html,page:https://docs.python.org/3/library/collections.html,page:https://docs.python.org/3/library/collections.html,defaultdict_factory,official programming documentation,2026-09-26,carried forward from Phase 16; source attribution retained,existing Phase 16 candidate fact,
deque_ends,deque_ends,A deque only permits insertion and removal at its right end.,standard library: collections,https://docs.python.org/3/library/collections.html,Collections - Container Datatypes,deque objects,Collections - Container Datatypes — deque objects,"Deques support thread-safe, memory-efficient appends and pops from either side.",Python Software Foundation License Version 2; retain attribution and source URL,https://docs.python.org/3/license.html,page:https://docs.python.org/3/library/collections.html,page:https://docs.python.org/3/library/collections.html,deque_ends,official programming documentation,2026-09-26,carried forward from Phase 16; source attribution retained,existing Phase 16 candidate fact,
dict_get,dict_get,Calling d.get(k) for a missing key raises KeyError when no default is supplied.,dictionaries,https://docs.python.org/3/library/stdtypes.html,Built-in Types,Mapping Types - dict,Built-in Types — Mapping Types - dict,"get(key[, default]) returns the value for key if key is in the dictionary, otherwise default; default is None when omitted.",Python Software Foundation License Version 2; retain attribution and source URL,https://docs.python.org/3/license.html,page:https://docs.python.org/3/library/stdtypes.html,page:https://docs.python.org/3/library/stdtypes.html,dict_get,official programming documentation,2026-09-26,carried forward from Phase 16; source attribution retained,existing Phase 16 candidate fact,
dict_order,dict_order,Updating an existing dictionary key moves it to the end of dictionary iteration order.,dictionaries,https://docs.python.org/3/library/stdtypes.html,Built-in Types,Mapping Types - dict,Built-in Types — Mapping Types - dict,Dictionaries preserve insertion order; replacing an existing key does not change its order.,Python Software Foundation License Version 2; retain attribution and source URL,https://docs.python.org/3/license.html,page:https://docs.python.org/3/library/stdtypes.html,page:https://docs.python.org/3/library/stdtypes.html,dict_order,official programming documentation,2026-09-26,carried forward from Phase 16; source attribution retained,existing Phase 16 candidate fact,
dict_views,dict_views,A dictionary view is a fixed snapshot that ignores later dictionary changes.,dictionaries,https://docs.python.org/3/library/stdtypes.html,Built-in Types,Dictionary view objects,Built-in Types — Dictionary view objects,Dictionary views are dynamic and reflect changes to the dictionary.,Python Software Foundation License Version 2; retain attribution and source URL,https://docs.python.org/3/license.html,page:https://docs.python.org/3/library/stdtypes.html,page:https://docs.python.org/3/library/stdtypes.html,dict_views,official programming documentation,2026-09-26,carried forward from Phase 16; source attribution retained,existing Phase 16 candidate fact,
json_dumps,json_dumps,json.dumps(value) returns an open file object containing JSON text.,standard library: json,https://docs.python.org/3/library/json.html,JSON,Basic Usage,JSON — Basic Usage,json.dumps serializes an object to a JSON formatted str.,Python Software Foundation License Version 2; retain attribution and source URL,https://docs.python.org/3/license.html,page:https://docs.python.org/3/library/json.html,page:https://docs.python.org/3/library/json.html,json_dumps,official programming documentation,2026-09-26,carried forward from Phase 16; source attribution retained,existing Phase 16 candidate fact,
json_loads,json_loads,json.loads(text) writes a JSON document to a file.,standard library: json,https://docs.python.org/3/library/json.html,JSON,Basic Usage,JSON — Basic Usage,json.loads deserializes a JSON document from a string or bytes-like object.,Python Software Foundation License Version 2; retain attribution and source URL,https://docs.python.org/3/license.html,page:https://docs.python.org/3/library/json.html,page:https://docs.python.org/3/library/json.html,json_loads,official programming documentation,2026-09-26,carried forward from Phase 16; source attribution retained,existing Phase 16 candidate fact,
keyword_only,keyword_only,A parameter following *args can always be supplied positionally.,function arguments,https://docs.python.org/3/tutorial/controlflow.html,The Python Tutorial,Keyword-Only Arguments,The Python Tutorial — Keyword-Only Arguments,Parameters after a bare * or after *args are keyword-only.,Python Software Foundation License Version 2; retain attribution and source URL,https://docs.python.org/3/license.html,page:https://docs.python.org/3/tutorial/controlflow.html,page:https://docs.python.org/3/tutorial/controlflow.html,keyword_only,official programming documentation,2026-09-26,carried forward from Phase 16; source attribution retained,existing Phase 16 candidate fact,
lambda_expr,lambda_expr,A lambda body may contain a sequence of assignment statements.,functions,https://docs.python.org/3/tutorial/controlflow.html,The Python Tutorial,Lambda Expressions,The Python Tutorial — Lambda Expressions,"Lambda functions can contain only expressions, not statements.",Python Software Foundation License Version 2; retain attribution and source URL,https://docs.python.org/3/license.html,page:https://docs.python.org/3/tutorial/controlflow.html,page:https://docs.python.org/3/tutorial/controlflow.html,lambda_expr,official programming documentation,2026-09-26,carried forward from Phase 16; source attribution retained,existing Phase 16 candidate fact,
list_sort_none,list_sort_none,list.sort() returns a new sorted list without changing the original list.,lists,https://docs.python.org/3/library/stdtypes.html,Built-in Types,Mutable Sequence Types,Built-in Types — Mutable Sequence Types,The list sort method sorts the list in place and returns None.,Python Software Foundation License Version 2; retain attribution and source URL,https://docs.python.org/3/license.html,page:https://docs.python.org/3/library/stdtypes.html,page:https://docs.python.org/3/library/stdtypes.html,list_sort_none,official programming documentation,2026-09-26,carried forward from Phase 16; source attribution retained,existing Phase 16 candidate fact,
main_module,main_module,An imported module always has __name__ equal to '__main__'.,modules and imports,https://docs.python.org/3/library/__main__.html,__main__ - Top-level code environment,__main__,__main__ - Top-level code environment — __main__,A module's __name__ is set to '__main__' when it is run as the top-level program.,Python Software Foundation License Version 2; retain attribution and source URL,https://docs.python.org/3/license.html,page:https://docs.python.org/3/library/__main__.html,page:https://docs.python.org/3/library/__main__.html,main_module,official programming documentation,2026-09-26,carried forward from Phase 16; source attribution retained,existing Phase 16 candidate fact,
partial_args,partial_args,functools.partial immediately invokes the wrapped function when it is created.,standard library: functools,https://docs.python.org/3/library/functools.html,Functools,partial objects,Functools — partial objects,partial returns a new partial object which when called behaves like func called with the positional arguments and keyword arguments supplied to partial.,Python Software Foundation License Version 2; retain attribution and source URL,https://docs.python.org/3/license.html,page:https://docs.python.org/3/library/functools.html,page:https://docs.python.org/3/library/functools.html,partial_args,official programming documentation,2026-09-26,carried forward from Phase 16; source attribution retained,existing Phase 16 candidate fact,
path_is_file,path_is_file,Path.is_file() returns True only for directories.,standard library: pathlib,https://docs.python.org/3/library/pathlib.html,Pathlib,Pure paths and concrete paths,Pathlib — Pure paths and concrete paths,"Path.is_file returns True if the path points to a regular file, following symlinks.",Python Software Foundation License Version 2; retain attribution and source URL,https://docs.python.org/3/license.html,page:https://docs.python.org/3/library/pathlib.html,page:https://docs.python.org/3/library/pathlib.html,path_is_file,official programming documentation,2026-09-26,carried forward from Phase 16; source attribution retained,existing Phase 16 candidate fact,
positional_only,positional_only,Parameters after the slash in a function definition are positional-only.,function arguments,https://docs.python.org/3/tutorial/controlflow.html,The Python Tutorial,Positional-Only Parameters,The Python Tutorial — Positional-Only Parameters,Parameters before / in a function definition are positional-only.,Python Software Foundation License Version 2; retain attribution and source URL,https://docs.python.org/3/license.html,page:https://docs.python.org/3/tutorial/controlflow.html,page:https://docs.python.org/3/tutorial/controlflow.html,positional_only,official programming documentation,2026-09-26,carried forward from Phase 16; source attribution retained,existing Phase 16 candidate fact,
regex_fullmatch,regex_fullmatch,re.fullmatch succeeds when the pattern matches any substring.,regular expressions,https://docs.python.org/3/library/re.html,Regular Expression Operations,fullmatch,Regular Expression Operations — fullmatch,re.fullmatch checks whether the whole string matches the regular expression.,Python Software Foundation License Version 2; retain attribution and source URL,https://docs.python.org/3/license.html,page:https://docs.python.org/3/library/re.html,page:https://docs.python.org/3/library/re.html,regex_fullmatch,official programming documentation,2026-09-26,carried forward from Phase 16; source attribution retained,existing Phase 16 candidate fact,
regex_search,regex_search,re.match searches every possible starting position in the string.,regular expressions,https://docs.python.org/3/library/re.html,Regular Expression Operations,search,Regular Expression Operations — search,re.search scans through a string looking for a match anywhere; re.match checks for a match only at the beginning.,Python Software Foundation License Version 2; retain attribution and source URL,https://docs.python.org/3/license.html,page:https://docs.python.org/3/library/re.html,page:https://docs.python.org/3/library/re.html,regex_search,official programming documentation,2026-09-26,carried forward from Phase 16; source attribution retained,existing Phase 16 candidate fact,
set_unique,set_unique,A set preserves duplicate equal elements in insertion order.,sets,https://docs.python.org/3/library/stdtypes.html,Built-in Types,Set Types,Built-in Types — Set Types,A set is an unordered collection of distinct hashable objects.,Python Software Foundation License Version 2; retain attribution and source URL,https://docs.python.org/3/license.html,page:https://docs.python.org/3/library/stdtypes.html,page:https://docs.python.org/3/library/stdtypes.html,set_unique,official programming documentation,2026-09-26,carried forward from Phase 16; source attribution retained,existing Phase 16 candidate fact,
slice_copy,slice_copy,A slice of a list is always a live view that writes through to the original list.,slicing,https://docs.python.org/3/library/stdtypes.html,Built-in Types,Common Sequence Operations,Built-in Types — Common Sequence Operations,Slicing a sequence produces a new sequence of the same type.,Python Software Foundation License Version 2; retain attribution and source URL,https://docs.python.org/3/license.html,page:https://docs.python.org/3/library/stdtypes.html,page:https://docs.python.org/3/library/stdtypes.html,slice_copy,official programming documentation,2026-09-26,carried forward from Phase 16; source attribution retained,existing Phase 16 candidate fact,
sorted_new,sorted_new,sorted(values) sorts the original iterable in place.,lists,https://docs.python.org/3/library/functions.html,Built-in Functions,sorted,Built-in Functions — sorted,"sorted(iterable, key=None, reverse=False) returns a new sorted list.",Python Software Foundation License Version 2; retain attribution and source URL,https://docs.python.org/3/license.html,page:https://docs.python.org/3/library/functions.html,page:https://docs.python.org/3/library/functions.html,sorted_new,official programming documentation,2026-09-26,carried forward from Phase 16; source attribution retained,existing Phase 16 candidate fact,
subprocess_check,subprocess_check,"subprocess.run(..., check=True) silently treats every non-zero exit status as success.",processes,https://docs.python.org/3/library/subprocess.html,Subprocess,run,Subprocess — run,"If check is true and the process exits with a non-zero exit code, a CalledProcessError exception will be raised.",Python Software Foundation License Version 2; retain attribution and source URL,https://docs.python.org/3/license.html,page:https://docs.python.org/3/library/subprocess.html,page:https://docs.python.org/3/library/subprocess.html,subprocess_check,official programming documentation,2026-09-26,carried forward from Phase 16; source attribution retained,existing Phase 16 candidate fact,
suppress_specific,suppress_specific,contextlib.suppress(FileNotFoundError) suppresses every exception type.,exceptions and context managers,https://docs.python.org/3/library/contextlib.html,Contextlib,suppress,Contextlib — suppress,suppress suppresses any of the specified exceptions if they occur in the body of a with statement.,Python Software Foundation License Version 2; retain attribution and source URL,https://docs.python.org/3/license.html,page:https://docs.python.org/3/library/contextlib.html,page:https://docs.python.org/3/library/contextlib.html,suppress_specific,official programming documentation,2026-09-26,carried forward from Phase 16; source attribution retained,existing Phase 16 candidate fact,
temp_cleanup,temp_cleanup,A TemporaryDirectory is preserved after context exit by default.,files and resource handling,https://docs.python.org/3/library/tempfile.html,Tempfile,TemporaryDirectory,Tempfile — TemporaryDirectory,TemporaryDirectory can be used as a context manager; the directory and contents are removed when the context exits.,Python Software Foundation License Version 2; retain attribution and source URL,https://docs.python.org/3/license.html,page:https://docs.python.org/3/library/tempfile.html,page:https://docs.python.org/3/library/tempfile.html,temp_cleanup,official programming documentation,2026-09-26,carried forward from Phase 16; source attribution retained,existing Phase 16 candidate fact,
tuple_nested_mutable,tuple_nested_mutable,Immutability of a tuple makes every list inside it immutable too.,tuples and mutability,https://docs.python.org/3/tutorial/datastructures.html,The Python Tutorial,Tuples and Sequences,The Python Tutorial — Tuples and Sequences,"Tuples are immutable, but they can contain mutable objects such as lists whose contents can change.",Python Software Foundation License Version 2; retain attribution and source URL,https://docs.python.org/3/license.html,page:https://docs.python.org/3/tutorial/datastructures.html,page:https://docs.python.org/3/tutorial/datastructures.html,tuple_nested_mutable,official programming documentation,2026-09-26,carried forward from Phase 16; source attribution retained,existing Phase 16 candidate fact,
typing_cast,typing_cast,typing.cast converts its argument to the requested type at runtime.,typing,https://docs.python.org/3/library/typing.html,Typing,Cast,Typing — Cast,cast returns the value unchanged; it does not perform a runtime type check.,Python Software Foundation License Version 2; retain attribution and source URL,https://docs.python.org/3/license.html,page:https://docs.python.org/3/library/typing.html,page:https://docs.python.org/3/library/typing.html,typing_cast,official programming documentation,2026-09-26,carried forward from Phase 16; source attribution retained,existing Phase 16 candidate fact,
execmodel_class_scope_methods,execmodel_class_scope_methods,Names defined in a class body are not directly in scope inside its methods.,scope and namespaces,https://docs.python.org/3/reference/executionmodel.html,Execution model,Resolution of names,§4.2 Resolution of names; class blocks,Names defined in a class block do not extend to method code blocks.,Python Software Foundation License Version 2; retain attribution and source URL,https://docs.python.org/3/license.html,page:https://docs.python.org/3/reference/executionmodel.html,page:https://docs.python.org/3/reference/executionmodel.html,execmodel_class_scope_methods,official_python_documentation,2026-09-26,Official Python documentation page checked; evidence paraphrased; independent review pending,inventory_only_pending_review,pending_independent_review
execmodel_comprehension_class_scope,execmodel_comprehension_class_scope,A comprehension or generator expression in a class body does not directly resolve names from that class namespace.,comprehensions and scope,https://docs.python.org/3/reference/executionmodel.html,Execution model,Resolution of names,§4.2 Resolution of names; class blocks,The class-scope limitation includes comprehensions and generator expressions.,Python Software Foundation License Version 2; retain attribution and source URL,https://docs.python.org/3/license.html,page:https://docs.python.org/3/reference/executionmodel.html,page:https://docs.python.org/3/reference/executionmodel.html,execmodel_comprehension_class_scope,official_python_documentation,2026-09-26,Official Python documentation page checked; evidence paraphrased; independent review pending,inventory_only_pending_review,pending_independent_review
execmodel_free_names_runtime,execmodel_free_names_runtime,Python resolves free-variable names at runtime rather than compile time.,scope and namespaces,https://docs.python.org/3/reference/executionmodel.html,Execution model,Interaction with dynamic features,§4.2.6 Interaction with dynamic features,"Resolution of free variables occurs at runtime, not compile time.",Python Software Foundation License Version 2; retain attribution and source URL,https://docs.python.org/3/license.html,page:https://docs.python.org/3/reference/executionmodel.html,page:https://docs.python.org/3/reference/executionmodel.html,execmodel_free_names_runtime,official_python_documentation,2026-09-26,Official Python documentation page checked; evidence paraphrased; independent review pending,inventory_only_pending_review,pending_independent_review
execmodel_unhandled_traceback,execmodel_unhandled_traceback,"An unhandled exception normally prints a traceback when execution terminates, except for SystemExit.",exceptions,https://docs.python.org/3/reference/executionmodel.html,Execution model,Exceptions,§4.3 Exceptions,"An unhandled exception terminates program execution or returns to the interactive loop and prints a traceback, except SystemExit.",Python Software Foundation License Version 2; retain attribution and source URL,https://docs.python.org/3/license.html,page:https://docs.python.org/3/reference/executionmodel.html,page:https://docs.python.org/3/reference/executionmodel.html,execmodel_unhandled_traceback,official_python_documentation,2026-09-26,Official Python documentation page checked; evidence paraphrased; independent review pending,inventory_only_pending_review,pending_independent_review
execmodel_exception_message_api,execmodel_exception_message_api,Programs intended to run across Python versions should not rely on exception message text as a stable API.,exceptions,https://docs.python.org/3/reference/executionmodel.html,Execution model,Exceptions,§4.3 Exceptions,Exception message contents may change between interpreter versions without warning and are not part of the Python API.,Python Software Foundation License Version 2; retain attribution and source URL,https://docs.python.org/3/license.html,page:https://docs.python.org/3/reference/executionmodel.html,page:https://docs.python.org/3/reference/executionmodel.html,execmodel_exception_message_api,official_python_documentation,2026-09-26,Official Python documentation page checked; evidence paraphrased; independent review pending,inventory_only_pending_review,pending_independent_review
execmodel_finally_cleanup,execmodel_finally_cleanup,A try statement's finally clause runs whether or not the preceding code raised an exception.,exceptions and control flow,https://docs.python.org/3/reference/executionmodel.html,Execution model,Exceptions,§4.3 Exceptions,A finally clause executes whether or not an exception occurred in the preceding try block.,Python Software Foundation License Version 2; retain attribution and source URL,https://docs.python.org/3/license.html,page:https://docs.python.org/3/reference/executionmodel.html,page:https://docs.python.org/3/reference/executionmodel.html,execmodel_finally_cleanup,official_python_documentation,2026-09-26,Official Python documentation page checked; evidence paraphrased; independent review pending,inventory_only_pending_review,pending_independent_review
threading_lock_any_release,threading_lock_any_release,A Python threading.Lock may be released by a thread other than the acquiring thread.,threading,https://docs.python.org/3/library/threading.html,Thread-based parallelism,Lock objects,Lock objects — release(),"A primitive Lock can be released by any thread, not only the thread that acquired it.",Python Software Foundation License Version 2; retain attribution and source URL,https://docs.python.org/3/license.html,page:https://docs.python.org/3/library/threading.html,page:https://docs.python.org/3/library/threading.html,threading_lock_any_release,official_python_documentation,2026-09-26,Official Python documentation page checked; evidence paraphrased; independent review pending,inventory_only_pending_review,pending_independent_review
threading_lock_unlocked_release,threading_lock_unlocked_release,Calling release() on an already unlocked threading.Lock raises RuntimeError.,threading and exceptions,https://docs.python.org/3/library/threading.html,Thread-based parallelism,Lock objects,Lock objects — release(),Calling release on an unlocked Lock raises RuntimeError.,Python Software Foundation License Version 2; retain attribution and source URL,https://docs.python.org/3/license.html,page:https://docs.python.org/3/library/threading.html,page:https://docs.python.org/3/library/threading.html,threading_lock_unlocked_release,official_python_documentation,2026-09-26,Official Python documentation page checked; evidence paraphrased; independent review pending,inventory_only_pending_review,pending_independent_review
threading_rlock_owner,threading_rlock_owner,A threading.RLock must be released by its owning thread.,threading,https://docs.python.org/3/library/threading.html,Thread-based parallelism,RLock objects,RLock objects,An RLock must be released by the thread that acquired it.,Python Software Foundation License Version 2; retain attribution and source URL,https://docs.python.org/3/license.html,page:https://docs.python.org/3/library/threading.html,page:https://docs.python.org/3/library/threading.html,threading_rlock_owner,official_python_documentation,2026-09-26,Official Python documentation page checked; evidence paraphrased; independent review pending,inventory_only_pending_review,pending_independent_review
threading_rlock_recursion,threading_rlock_recursion,A thread that acquires an RLock multiple times must release it the same number of times.,threading,https://docs.python.org/3/library/threading.html,Thread-based parallelism,RLock objects,RLock objects,The acquiring thread may acquire an RLock repeatedly without blocking and must release it once per acquisition.,Python Software Foundation License Version 2; retain attribution and source URL,https://docs.python.org/3/license.html,page:https://docs.python.org/3/library/threading.html,page:https://docs.python.org/3/library/threading.html,threading_rlock_recursion,official_python_documentation,2026-09-26,Official Python documentation page checked; evidence paraphrased; independent review pending,inventory_only_pending_review,pending_independent_review
threading_condition_wait_lock,threading_condition_wait_lock,Condition.wait() releases the associated lock while waiting and reacquires it before it returns.,threading,https://docs.python.org/3/library/threading.html,Thread-based parallelism,Condition objects,Condition objects — wait(),Condition.wait releases its underlying lock while blocked and reacquires it before returning.,Python Software Foundation License Version 2; retain attribution and source URL,https://docs.python.org/3/license.html,page:https://docs.python.org/3/library/threading.html,page:https://docs.python.org/3/library/threading.html,threading_condition_wait_lock,official_python_documentation,2026-09-26,Official Python documentation page checked; evidence paraphrased; independent review pending,inventory_only_pending_review,pending_independent_review
threading_condition_wait_requires_lock,threading_condition_wait_requires_lock,Condition.wait() raises RuntimeError if called by a thread that does not hold the condition's lock.,threading and exceptions,https://docs.python.org/3/library/threading.html,Thread-based parallelism,Condition objects,Condition objects — wait(),Calling Condition.wait without having acquired its lock raises RuntimeError.,Python Software Foundation License Version 2; retain attribution and source URL,https://docs.python.org/3/license.html,page:https://docs.python.org/3/library/threading.html,page:https://docs.python.org/3/library/threading.html,threading_condition_wait_requires_lock,official_python_documentation,2026-09-26,Official Python documentation page checked; evidence paraphrased; independent review pending,inventory_only_pending_review,pending_independent_review
warnings_default_repeat_location,warnings_default_repeat_location,"The default warnings action treats occurrences as repeats only when message, category, module, and line number all match.",warnings,https://docs.python.org/3/library/warnings.html,Warning control,Repeated Warning Suppression Criteria,Repeated Warning Suppression Criteria — default,"Under the default action, repeat identity includes message, category, module, and line number.",Python Software Foundation License Version 2; retain attribution and source URL,https://docs.python.org/3/license.html,page:https://docs.python.org/3/library/warnings.html,page:https://docs.python.org/3/library/warnings.html,warnings_default_repeat_location,official_python_documentation,2026-09-26,Official Python documentation page checked; evidence paraphrased; independent review pending,inventory_only_pending_review,pending_independent_review
warnings_once_repeat_category,warnings_once_repeat_category,The once warnings action ignores module and line number when deciding whether a warning repeats.,warnings,https://docs.python.org/3/library/warnings.html,Warning control,Repeated Warning Suppression Criteria,Repeated Warning Suppression Criteria — once,"Under once, repeat identity uses message and category while ignoring module and line number.",Python Software Foundation License Version 2; retain attribution and source URL,https://docs.python.org/3/license.html,page:https://docs.python.org/3/library/warnings.html,page:https://docs.python.org/3/library/warnings.html,warnings_once_repeat_category,official_python_documentation,2026-09-26,Official Python documentation page checked; evidence paraphrased; independent review pending,inventory_only_pending_review,pending_independent_review
warnings_later_filters_precedence,warnings_later_filters_precedence,Later comma-separated filters in PYTHONWARNINGS take precedence over earlier filters.,warnings,https://docs.python.org/3/library/warnings.html,Warning control,Describing Warning Filters,Describing Warning Filters,"For multiple filters on one PYTHONWARNINGS line, later filters take precedence.",Python Software Foundation License Version 2; retain attribution and source URL,https://docs.python.org/3/license.html,page:https://docs.python.org/3/library/warnings.html,page:https://docs.python.org/3/library/warnings.html,warnings_later_filters_precedence,official_python_documentation,2026-09-26,Official Python documentation page checked; evidence paraphrased; independent review pending,inventory_only_pending_review,pending_independent_review
warnings_catch_restores_filter,warnings_catch_restores_filter,warnings.catch_warnings restores the warning filter on exit in the documented single-threaded case.,warnings and context managers,https://docs.python.org/3/library/warnings.html,Warning control,Testing Warnings,Testing Warnings; catch_warnings,"On context-manager exit, catch_warnings restores the filter and showwarning function; the guarantee applies in a single-threaded application.",Python Software Foundation License Version 2; retain attribution and source URL,https://docs.python.org/3/license.html,page:https://docs.python.org/3/library/warnings.html,page:https://docs.python.org/3/library/warnings.html,warnings_catch_restores_filter,official_python_documentation,2026-09-26,Official Python documentation page checked; evidence paraphrased; independent review pending,inventory_only_pending_review,pending_independent_review
os_environ_import_snapshot,os_environ_import_snapshot,Changes made outside os.environ after the os module is imported are not reflected in the captured os.environ mapping.,os and environment,https://docs.python.org/3/library/os.html,Miscellaneous operating system interfaces,Process Parameters,os.environ,os.environ is captured when os is first imported; later external environment changes are not reflected unless the mapping itself is modified.,Python Software Foundation License Version 2; retain attribution and source URL,https://docs.python.org/3/license.html,page:https://docs.python.org/3/library/os.html,page:https://docs.python.org/3/library/os.html,os_environ_import_snapshot,official_python_documentation,2026-09-26,Official Python documentation page checked; evidence paraphrased; independent review pending,inventory_only_pending_review,pending_independent_review
os_environ_putenv_sync,os_environ_putenv_sync,"Updating os.environ invokes putenv, but calling putenv directly does not update the os.environ mapping.",os and environment,https://docs.python.org/3/library/os.html,Miscellaneous operating system interfaces,Process Parameters,os.environ,Modifying os.environ calls putenv automatically; calling putenv directly does not change os.environ.,Python Software Foundation License Version 2; retain attribution and source URL,https://docs.python.org/3/license.html,page:https://docs.python.org/3/library/os.html,page:https://docs.python.org/3/library/os.html,os_environ_putenv_sync,official_python_documentation,2026-09-26,Official Python documentation page checked; evidence paraphrased; independent review pending,inventory_only_pending_review,pending_independent_review
os_windows_env_uppercase,os_windows_env_uppercase,"On Windows, os.environ normalizes environment-variable keys to uppercase when accessing or modifying them.",os and environment,https://docs.python.org/3/library/os.html,Miscellaneous operating system interfaces,Process Parameters,os.environ,"On Windows, os.environ keys are converted to uppercase for getting, setting, and deleting.",Python Software Foundation License Version 2; retain attribution and source URL,https://docs.python.org/3/license.html,page:https://docs.python.org/3/library/os.html,page:https://docs.python.org/3/library/os.html,os_windows_env_uppercase,official_python_documentation,2026-09-26,Official Python documentation page checked; evidence paraphrased; independent review pending,inventory_only_pending_review,pending_independent_review
import_cache_none_blocks,import_cache_none_blocks,A sys.modules entry whose value is None causes an import of that name to raise ModuleNotFoundError.,import system,https://docs.python.org/3/reference/import.html,The import system,The module cache,§5.3.1 The module cache,"If a module name maps to None in sys.modules, import raises ModuleNotFoundError.",Python Software Foundation License Version 2; retain attribution and source URL,https://docs.python.org/3/license.html,page:https://docs.python.org/3/reference/import.html,page:https://docs.python.org/3/reference/import.html,import_cache_none_blocks,official_python_documentation,2026-09-26,Official Python documentation page checked; evidence paraphrased; independent review pending,inventory_only_pending_review,pending_independent_review
import_reload_same_object,import_reload_same_object,importlib.reload() reinitializes a module by rerunning its code in the same module object.,import system,https://docs.python.org/3/reference/import.html,The import system,The module cache,§5.3.1 The module cache,importlib.reload reuses the existing module object and reruns its code.,Python Software Foundation License Version 2; retain attribution and source URL,https://docs.python.org/3/license.html,page:https://docs.python.org/3/reference/import.html,page:https://docs.python.org/3/reference/import.html,import_reload_same_object,official_python_documentation,2026-09-26,Official Python documentation page checked; evidence paraphrased; independent review pending,inventory_only_pending_review,pending_independent_review
import_reimport_new_object,import_reimport_new_object,Deleting a module's sys.modules entry and importing it again can produce a different module object from one still held elsewhere.,import system,https://docs.python.org/3/reference/import.html,The import system,The module cache,§5.3.1 The module cache,Removing a module cache entry and importing again can create a distinct module object while old references remain.,Python Software Foundation License Version 2; retain attribution and source URL,https://docs.python.org/3/license.html,page:https://docs.python.org/3/reference/import.html,page:https://docs.python.org/3/reference/import.html,import_reimport_new_object,official_python_documentation,2026-09-26,Official Python documentation page checked; evidence paraphrased; independent review pending,inventory_only_pending_review,pending_independent_review
import_parent_first,import_parent_first,Importing a dotted name searches its parent components before the final submodule.,modules and packages,https://docs.python.org/3/reference/import.html,The import system,Searching,§5.3 Searching,A dotted import attempts the parent module/package before the requested submodule; a failed intermediate import raises ModuleNotFoundError.,Python Software Foundation License Version 2; retain attribution and source URL,https://docs.python.org/3/license.html,page:https://docs.python.org/3/reference/import.html,page:https://docs.python.org/3/reference/import.html,import_parent_first,official_python_documentation,2026-09-26,Official Python documentation page checked; evidence paraphrased; independent review pending,inventory_only_pending_review,pending_independent_review
import_module_cached_before_exec,import_module_cached_before_exec,"Python inserts a module into sys.modules before executing its code, which supports recursive imports.",import system,https://docs.python.org/3/reference/import.html,The import system,Loading,§5.4 Loading,The module is placed in sys.modules before its code executes to prevent unbounded recursion during self-import.,Python Software Foundation License Version 2; retain attribution and source URL,https://docs.python.org/3/license.html,page:https://docs.python.org/3/reference/import.html,page:https://docs.python.org/3/reference/import.html,import_module_cached_before_exec,official_python_documentation,2026-09-26,Official Python documentation page checked; evidence paraphrased; independent review pending,inventory_only_pending_review,pending_independent_review
import_failure_remove_only_failed,import_failure_remove_only_failed,A failed import removes the failing module's cache entry without removing other already-loaded modules.,import system,https://docs.python.org/3/reference/import.html,The import system,Loading,§5.4 Loading,"On load failure the failing module is removed from sys.modules, while cached modules and successfully loaded side-effect modules remain.",Python Software Foundation License Version 2; retain attribution and source URL,https://docs.python.org/3/license.html,page:https://docs.python.org/3/reference/import.html,page:https://docs.python.org/3/reference/import.html,import_failure_remove_only_failed,official_python_documentation,2026-09-26,Official Python documentation page checked; evidence paraphrased; independent review pending,inventory_only_pending_review,pending_independent_review
descriptor_get_instance_binding,descriptor_get_instance_binding,Instance binding invokes a descriptor's __get__ with the instance and its type.,descriptors and attribute access,https://docs.python.org/3/reference/datamodel.html,Data model,Invoking Descriptors,§3.3.2.3 Invoking Descriptors — Instance Binding,"Instance access to descriptor x on a uses type(a).__dict__['x'].__get__(a, type(a)).",Python Software Foundation License Version 2; retain attribution and source URL,https://docs.python.org/3/license.html,page:https://docs.python.org/3/reference/datamodel.html,page:https://docs.python.org/3/reference/datamodel.html,descriptor_get_instance_binding,official_python_documentation,2026-09-26,Official Python documentation page checked; evidence paraphrased; independent review pending,inventory_only_pending_review,pending_independent_review
descriptor_class_binding,descriptor_class_binding,Class binding invokes a descriptor's __get__ with None as the instance and the owner class as the owner.,descriptors and attribute access,https://docs.python.org/3/reference/datamodel.html,Data model,Invoking Descriptors,§3.3.2.3 Invoking Descriptors — Class Binding,"Class access A.x invokes A.__dict__['x'].__get__(None, A).",Python Software Foundation License Version 2; retain attribution and source URL,https://docs.python.org/3/license.html,page:https://docs.python.org/3/reference/datamodel.html,page:https://docs.python.org/3/reference/datamodel.html,descriptor_class_binding,official_python_documentation,2026-09-26,Official Python documentation page checked; evidence paraphrased; independent review pending,inventory_only_pending_review,pending_independent_review
descriptor_data_over_instance_dict,descriptor_data_over_instance_dict,A data descriptor takes precedence over an attribute with the same name in an instance dictionary.,descriptors and attribute access,https://docs.python.org/3/reference/datamodel.html,Data model,Invoking Descriptors,§3.3.2.3 Invoking Descriptors,Data descriptors with __set__ or __delete__ take precedence over an instance-dictionary redefinition.,Python Software Foundation License Version 2; retain attribution and source URL,https://docs.python.org/3/license.html,page:https://docs.python.org/3/reference/datamodel.html,page:https://docs.python.org/3/reference/datamodel.html,descriptor_data_over_instance_dict,official_python_documentation,2026-09-26,Official Python documentation page checked; evidence paraphrased; independent review pending,inventory_only_pending_review,pending_independent_review
descriptor_nondata_overridable,descriptor_nondata_overridable,An instance attribute can override a non-data descriptor of the same name.,descriptors and attribute access,https://docs.python.org/3/reference/datamodel.html,Data model,Invoking Descriptors,§3.3.2.3 Invoking Descriptors,A non-data descriptor can be overridden by an instance attribute.,Python Software Foundation License Version 2; retain attribution and source URL,https://docs.python.org/3/license.html,page:https://docs.python.org/3/reference/datamodel.html,page:https://docs.python.org/3/reference/datamodel.html,descriptor_nondata_overridable,official_python_documentation,2026-09-26,Official Python documentation page checked; evidence paraphrased; independent review pending,inventory_only_pending_review,pending_independent_review
descriptor_property_data_descriptor,descriptor_property_data_descriptor,The property() function implements a data descriptor.,descriptors,https://docs.python.org/3/reference/datamodel.html,Data model,Invoking Descriptors,§3.3.2.3 Invoking Descriptors,property() is implemented as a data descriptor.,Python Software Foundation License Version 2; retain attribution and source URL,https://docs.python.org/3/license.html,page:https://docs.python.org/3/reference/datamodel.html,page:https://docs.python.org/3/reference/datamodel.html,descriptor_property_data_descriptor,official_python_documentation,2026-09-26,Official Python documentation page checked; evidence paraphrased; independent review pending,inventory_only_pending_review,pending_independent_review
descriptor_getattr_only_on_failure,descriptor_getattr_only_on_failure,An instance's __getattr__ is invoked only after ordinary attribute access fails with AttributeError.,attribute access,https://docs.python.org/3/reference/datamodel.html,Data model,Customizing Attribute Access,§3.3.2.2 Customizing Attribute Access — __getattr__,"__getattr__ is called when normal attribute lookup fails with AttributeError, not when normal lookup succeeds.",Python Software Foundation License Version 2; retain attribution and source URL,https://docs.python.org/3/license.html,page:https://docs.python.org/3/reference/datamodel.html,page:https://docs.python.org/3/reference/datamodel.html,descriptor_getattr_only_on_failure,official_python_documentation,2026-09-26,Official Python documentation page checked; evidence paraphrased; independent review pending,inventory_only_pending_review,pending_independent_review
descriptor_getattribute_unconditional,descriptor_getattribute_unconditional,A class-defined __getattribute__ handles every ordinary instance attribute access.,attribute access,https://docs.python.org/3/reference/datamodel.html,Data model,Customizing Attribute Access,§3.3.2.2 Customizing Attribute Access — __getattribute__,__getattribute__ is called unconditionally for instance attribute accesses.,Python Software Foundation License Version 2; retain attribution and source URL,https://docs.python.org/3/license.html,page:https://docs.python.org/3/reference/datamodel.html,page:https://docs.python.org/3/reference/datamodel.html,descriptor_getattribute_unconditional,official_python_documentation,2026-09-26,Official Python documentation page checked; evidence paraphrased; independent review pending,inventory_only_pending_review,pending_independent_review
special_method_lookup_bypasses_getattribute,special_method_lookup_bypasses_getattribute,Implicit special-method lookup can bypass an object's __getattribute__ implementation.,data model and special methods,https://docs.python.org/3/reference/datamodel.html,Data model,Special method lookup,§3.3 Special method lookup,Implicit special-method invocation may bypass instance __getattribute__.,Python Software Foundation License Version 2; retain attribution and source URL,https://docs.python.org/3/license.html,page:https://docs.python.org/3/reference/datamodel.html,page:https://docs.python.org/3/reference/datamodel.html,special_method_lookup_bypasses_getattribute,official_python_documentation,2026-09-26,Official Python documentation page checked; evidence paraphrased; independent review pending,inventory_only_pending_review,pending_independent_review
comparison_returns_notimplemented,comparison_returns_notimplemented,A rich comparison method can return NotImplemented when it does not implement a comparison for the operands.,comparison behavior,https://docs.python.org/3/reference/datamodel.html,Data model,Rich comparison methods,§3.3.1.1 Rich comparison methods,Rich comparison methods may return NotImplemented for operand pairs they do not handle.,Python Software Foundation License Version 2; retain attribution and source URL,https://docs.python.org/3/license.html,page:https://docs.python.org/3/reference/datamodel.html,page:https://docs.python.org/3/reference/datamodel.html,comparison_returns_notimplemented,official_python_documentation,2026-09-26,Official Python documentation page checked; evidence paraphrased; independent review pending,inventory_only_pending_review,pending_independent_review
comparison_boolean_context_calls_bool,comparison_boolean_context_calls_bool,"When a rich-comparison result is used as a condition, Python applies bool() to it.",comparison behavior,https://docs.python.org/3/reference/datamodel.html,Data model,Rich comparison methods,§3.3.1.1 Rich comparison methods,Comparison methods may return non-bool values; Boolean contexts convert the result with bool().,Python Software Foundation License Version 2; retain attribution and source URL,https://docs.python.org/3/license.html,page:https://docs.python.org/3/reference/datamodel.html,page:https://docs.python.org/3/reference/datamodel.html,comparison_boolean_context_calls_bool,official_python_documentation,2026-09-26,Official Python documentation page checked; evidence paraphrased; independent review pending,inventory_only_pending_review,pending_independent_review
comparison_equal_hash_required,comparison_equal_hash_required,"If two objects compare equal, their hash values must be equal.",object model and hashing,https://docs.python.org/3/reference/datamodel.html,Data model,Emulating numeric types,§3.3.1 Basic customization — __hash__,Objects that compare equal are required to have equal hash values.,Python Software Foundation License Version 2; retain attribution and source URL,https://docs.python.org/3/license.html,page:https://docs.python.org/3/reference/datamodel.html,page:https://docs.python.org/3/reference/datamodel.html,comparison_equal_hash_required,official_python_documentation,2026-09-26,Official Python documentation page checked; evidence paraphrased; independent review pending,inventory_only_pending_review,pending_independent_review
comparison_default_object_eq_identity,comparison_default_object_eq_identity,The default object.__eq__ treats an object as equal to itself and otherwise returns NotImplemented.,comparison behavior,https://docs.python.org/3/reference/datamodel.html,Data model,Rich comparison methods,§3.3.1.1 Rich comparison methods,object's default __eq__ compares identity and returns NotImplemented when identities differ.,Python Software Foundation License Version 2; retain attribution and source URL,https://docs.python.org/3/license.html,page:https://docs.python.org/3/reference/datamodel.html,page:https://docs.python.org/3/reference/datamodel.html,comparison_default_object_eq_identity,official_python_documentation,2026-09-26,Official Python documentation page checked; evidence paraphrased; independent review pending,inventory_only_pending_review,pending_independent_review
iterator_next_stopiteration,iterator_next_stopiteration,An exhausted iterator signals completion by raising StopIteration from __next__().,iterator protocol,https://docs.python.org/3/library/stdtypes.html,Built-in Types,Iterator Types,Iterator Types,An iterator's __next__ returns the next value or raises StopIteration when exhausted.,Python Software Foundation License Version 2; retain attribution and source URL,https://docs.python.org/3/license.html,page:https://docs.python.org/3/library/stdtypes.html,page:https://docs.python.org/3/library/stdtypes.html,iterator_next_stopiteration,official_python_documentation,2026-09-26,Official Python documentation page checked; evidence paraphrased; independent review pending,inventory_only_pending_review,pending_independent_review
iterator_exhaustion_sticky,iterator_exhaustion_sticky,An iterator that has raised StopIteration is expected to keep raising it on subsequent next calls.,iterator protocol,https://docs.python.org/3/library/stdtypes.html,Built-in Types,Iterator Types,Iterator Types,"Once an iterator raises StopIteration, subsequent __next__ calls should continue raising StopIteration.",Python Software Foundation License Version 2; retain attribution and source URL,https://docs.python.org/3/license.html,page:https://docs.python.org/3/library/stdtypes.html,page:https://docs.python.org/3/library/stdtypes.html,iterator_exhaustion_sticky,official_python_documentation,2026-09-26,Official Python documentation page checked; evidence paraphrased; independent review pending,inventory_only_pending_review,pending_independent_review
generator_call_returns_iterator,generator_call_returns_iterator,Calling a generator function creates a generator iterator without immediately running its body.,generators,https://docs.python.org/3/reference/expressions.html,Expressions,Yield expressions,§6.2.8 Yield expressions — Generator functions,Calling a generator function returns a generator iterator; its body starts when a generator method is called.,Python Software Foundation License Version 2; retain attribution and source URL,https://docs.python.org/3/license.html,page:https://docs.python.org/3/reference/expressions.html,page:https://docs.python.org/3/reference/expressions.html,generator_call_returns_iterator,official_python_documentation,2026-09-26,Official Python documentation page checked; evidence paraphrased; independent review pending,inventory_only_pending_review,pending_independent_review
generator_yield_suspends_state,generator_yield_suspends_state,A suspended generator retains its local execution state until it resumes.,generators,https://docs.python.org/3/reference/expressions.html,Expressions,Yield expressions,§6.2.8 Yield expressions — Generator functions,"At yield suspension, local bindings, instruction position, evaluation stack, and exception state are retained.",Python Software Foundation License Version 2; retain attribution and source URL,https://docs.python.org/3/license.html,page:https://docs.python.org/3/reference/expressions.html,page:https://docs.python.org/3/reference/expressions.html,generator_yield_suspends_state,official_python_documentation,2026-09-26,Official Python documentation page checked; evidence paraphrased; independent review pending,inventory_only_pending_review,pending_independent_review
generator_send_sets_yield_expression,generator_send_sets_yield_expression,Sending a value into a suspended generator supplies that value as the result of its paused yield expression.,generators,https://docs.python.org/3/reference/expressions.html,Expressions,Yield expressions,§6.2.8.3 Generator-iterator methods,send(value) resumes a suspended generator and makes the yield expression evaluate to value.,Python Software Foundation License Version 2; retain attribution and source URL,https://docs.python.org/3/license.html,page:https://docs.python.org/3/reference/expressions.html,page:https://docs.python.org/3/reference/expressions.html,generator_send_sets_yield_expression,official_python_documentation,2026-09-26,Official Python documentation page checked; evidence paraphrased; independent review pending,inventory_only_pending_review,pending_independent_review
generator_close_raises_generatorexit,generator_close_raises_generatorexit,Calling generator.close() injects GeneratorExit at its suspension point to terminate it and run cleanup.,generators,https://docs.python.org/3/reference/expressions.html,Expressions,Yield expressions,§6.2.8.3 Generator-iterator methods — close(),close() raises GeneratorExit at the suspension point and lets the generator clean up.,Python Software Foundation License Version 2; retain attribution and source URL,https://docs.python.org/3/license.html,page:https://docs.python.org/3/reference/expressions.html,page:https://docs.python.org/3/reference/expressions.html,generator_close_raises_generatorexit,official_python_documentation,2026-09-26,Official Python documentation page checked; evidence paraphrased; independent review pending,inventory_only_pending_review,pending_independent_review
async_iter_aiter_returns_iterator,async_iter_aiter_returns_iterator,An asynchronous iterable's __aiter__ method must return an asynchronous iterator.,asynchronous iteration,https://docs.python.org/3/reference/datamodel.html,Data model,Asynchronous Iterators,§3.4.3 Asynchronous Iterators — __aiter__,__aiter__ must return an asynchronous iterator object.,Python Software Foundation License Version 2; retain attribution and source URL,https://docs.python.org/3/license.html,page:https://docs.python.org/3/reference/datamodel.html,page:https://docs.python.org/3/reference/datamodel.html,async_iter_aiter_returns_iterator,official_python_documentation,2026-09-26,Official Python documentation page checked; evidence paraphrased; independent review pending,inventory_only_pending_review,pending_independent_review
async_iter_anext_awaitable,async_iter_anext_awaitable,An asynchronous iterator's __anext__ returns an awaitable and signals exhaustion with StopAsyncIteration.,asynchronous iteration,https://docs.python.org/3/reference/datamodel.html,Data model,Asynchronous Iterators,§3.4.3 Asynchronous Iterators — __anext__,__anext__ must return an awaitable for the next value and should raise StopAsyncIteration at completion.,Python Software Foundation License Version 2; retain attribution and source URL,https://docs.python.org/3/license.html,page:https://docs.python.org/3/reference/datamodel.html,page:https://docs.python.org/3/reference/datamodel.html,async_iter_anext_awaitable,official_python_documentation,2026-09-26,Official Python documentation page checked; evidence paraphrased; independent review pending,inventory_only_pending_review,pending_independent_review
async_iter_aiter_typeerror_noniterator,async_iter_aiter_typeerror_noniterator,"Under the current asynchronous iteration protocol, __aiter__ returning a non-iterator causes TypeError.",asynchronous iteration,https://docs.python.org/3/reference/datamodel.html,Data model,Asynchronous Iterators,§3.4.3 Asynchronous Iterators,"Since Python 3.7, __aiter__ returning something other than an asynchronous iterator results in TypeError.",Python Software Foundation License Version 2; retain attribution and source URL,https://docs.python.org/3/license.html,page:https://docs.python.org/3/reference/datamodel.html,page:https://docs.python.org/3/reference/datamodel.html,async_iter_aiter_typeerror_noniterator,official_python_documentation,2026-09-26,Official Python documentation page checked; evidence paraphrased; independent review pending,inventory_only_pending_review,pending_independent_review
contextmanager_exactly_one_yield,contextmanager_exactly_one_yield,A generator used by contextlib.contextmanager must yield exactly one value for the with statement.,context managers,https://docs.python.org/3/library/contextlib.html,Utilities for with-statement contexts,contextmanager,contextmanager(),A generator decorated with contextmanager must yield exactly one value.,Python Software Foundation License Version 2; retain attribution and source URL,https://docs.python.org/3/license.html,page:https://docs.python.org/3/library/contextlib.html,page:https://docs.python.org/3/library/contextlib.html,contextmanager_exactly_one_yield,official_python_documentation,2026-09-26,Official Python documentation page checked; evidence paraphrased; independent review pending,inventory_only_pending_review,pending_independent_review
contextmanager_body_exception_injected,contextmanager_body_exception_injected,contextlib.contextmanager injects an exception from the with body at the generator's yield point.,context managers and exceptions,https://docs.python.org/3/library/contextlib.html,Utilities for with-statement contexts,contextmanager,contextmanager(),An unhandled exception from the with body is reraised inside the generator at the yield point.,Python Software Foundation License Version 2; retain attribution and source URL,https://docs.python.org/3/license.html,page:https://docs.python.org/3/library/contextlib.html,page:https://docs.python.org/3/library/contextlib.html,contextmanager_body_exception_injected,official_python_documentation,2026-09-26,Official Python documentation page checked; evidence paraphrased; independent review pending,inventory_only_pending_review,pending_independent_review
contextmanager_reraise_logged_exception,contextmanager_reraise_logged_exception,A contextmanager generator that catches an exception without suppressing it must reraise it.,context managers and exceptions,https://docs.python.org/3/library/contextlib.html,Utilities for with-statement contexts,contextmanager,contextmanager(),"If a contextmanager generator catches an exception only to log or act, it must reraise it or the with statement treats it as handled.",Python Software Foundation License Version 2; retain attribution and source URL,https://docs.python.org/3/license.html,page:https://docs.python.org/3/library/contextlib.html,page:https://docs.python.org/3/library/contextlib.html,contextmanager_reraise_logged_exception,official_python_documentation,2026-09-26,Official Python documentation page checked; evidence paraphrased; independent review pending,inventory_only_pending_review,pending_independent_review
contextmanager_single_use,contextmanager_single_use,A contextlib.contextmanager instance is single-use and cannot be entered a second time.,context managers,https://docs.python.org/3/library/contextlib.html,Utilities for with-statement contexts,"Single use, reusable and reentrant context managers","Single use, reusable and reentrant context managers",Context managers created by contextmanager are single use; reusing one can raise RuntimeError because its generator did not yield.,Python Software Foundation License Version 2; retain attribution and source URL,https://docs.python.org/3/license.html,page:https://docs.python.org/3/library/contextlib.html,page:https://docs.python.org/3/library/contextlib.html,contextmanager_single_use,official_python_documentation,2026-09-26,Official Python documentation page checked; evidence paraphrased; independent review pending,inventory_only_pending_review,pending_independent_review
subprocess_run_completedprocess,subprocess_run_completedprocess,subprocess.run() waits for the command to complete and returns a CompletedProcess.,subprocess,https://docs.python.org/3/library/subprocess.html,Subprocess management,run,Using the subprocess Module — run(),run waits for completion and returns a CompletedProcess object.,Python Software Foundation License Version 2; retain attribution and source URL,https://docs.python.org/3/license.html,page:https://docs.python.org/3/library/subprocess.html,page:https://docs.python.org/3/library/subprocess.html,subprocess_run_completedprocess,official_python_documentation,2026-09-26,Official Python documentation page checked; evidence paraphrased; independent review pending,inventory_only_pending_review,pending_independent_review
subprocess_check_nonzero_raises,subprocess_check_nonzero_raises,subprocess.run(check=True) raises CalledProcessError when the child exits with a nonzero status.,subprocess and exceptions,https://docs.python.org/3/library/subprocess.html,Subprocess management,run,Using the subprocess Module — run(check=True),"With check=True, a nonzero process exit raises CalledProcessError.",Python Software Foundation License Version 2; retain attribution and source URL,https://docs.python.org/3/license.html,page:https://docs.python.org/3/library/subprocess.html,page:https://docs.python.org/3/library/subprocess.html,subprocess_check_nonzero_raises,official_python_documentation,2026-09-26,Official Python documentation page checked; evidence paraphrased; independent review pending,inventory_only_pending_review,pending_independent_review
subprocess_timeout_kills_child,subprocess_timeout_kills_child,"When subprocess.run() times out, it kills and waits for the child before raising TimeoutExpired.",subprocess,https://docs.python.org/3/library/subprocess.html,Subprocess management,run,Using the subprocess Module — timeout,"If run's timeout expires, the child is killed and waited for before TimeoutExpired is reraised.",Python Software Foundation License Version 2; retain attribution and source URL,https://docs.python.org/3/license.html,page:https://docs.python.org/3/library/subprocess.html,page:https://docs.python.org/3/library/subprocess.html,subprocess_timeout_kills_child,official_python_documentation,2026-09-26,Official Python documentation page checked; evidence paraphrased; independent review pending,inventory_only_pending_review,pending_independent_review
subprocess_capture_output_conflicts_streams,subprocess_capture_output_conflicts_streams,subprocess.run(capture_output=True) cannot be used together with explicit stdout or stderr arguments.,subprocess,https://docs.python.org/3/library/subprocess.html,Subprocess management,run,Using the subprocess Module — capture_output,capture_output sets stdout and stderr to PIPE and cannot be combined with stdout or stderr arguments.,Python Software Foundation License Version 2; retain attribution and source URL,https://docs.python.org/3/license.html,page:https://docs.python.org/3/library/subprocess.html,page:https://docs.python.org/3/library/subprocess.html,subprocess_capture_output_conflicts_streams,official_python_documentation,2026-09-26,Official Python documentation page checked; evidence paraphrased; independent review pending,inventory_only_pending_review,pending_independent_review
subprocess_env_replaces_inherited,subprocess_env_replaces_inherited,The env argument to subprocess.run supplies the child environment in place of normal environment inheritance.,subprocess and environment,https://docs.python.org/3/library/subprocess.html,Subprocess management,run,Using the subprocess Module — env,Supplying env passes the specified environment mapping instead of inheriting the parent's default environment.,Python Software Foundation License Version 2; retain attribution and source URL,https://docs.python.org/3/license.html,page:https://docs.python.org/3/library/subprocess.html,page:https://docs.python.org/3/library/subprocess.html,subprocess_env_replaces_inherited,official_python_documentation,2026-09-26,Official Python documentation page checked; evidence paraphrased; independent review pending,inventory_only_pending_review,pending_independent_review
subprocess_communicate_pipe_deadlock_avoid,subprocess_communicate_pipe_deadlock_avoid,"When using subprocess pipes, communicate() avoids the pipe-buffer deadlock risk associated with wait().",subprocess and file objects,https://docs.python.org/3/library/subprocess.html,Subprocess management,Popen objects,Popen.wait() and Popen.communicate(),wait can deadlock with PIPE streams if output fills the OS pipe buffer; communicate is recommended.,Python Software Foundation License Version 2; retain attribution and source URL,https://docs.python.org/3/license.html,page:https://docs.python.org/3/library/subprocess.html,page:https://docs.python.org/3/library/subprocess.html,subprocess_communicate_pipe_deadlock_avoid,official_python_documentation,2026-09-26,Official Python documentation page checked; evidence paraphrased; independent review pending,inventory_only_pending_review,pending_independent_review
path_read_text_closed,path_read_text_closed,Path.read_text() returns decoded text and closes the opened file.,pathlib and file I/O,https://docs.python.org/3/library/pathlib.html,Object-oriented filesystem paths,Reading and writing files,Reading and writing files — read_text(),read_text returns decoded contents as str and closes the file after reading.,Python Software Foundation License Version 2; retain attribution and source URL,https://docs.python.org/3/license.html,page:https://docs.python.org/3/library/pathlib.html,page:https://docs.python.org/3/library/pathlib.html,path_read_text_closed,official_python_documentation,2026-09-26,Official Python documentation page checked; evidence paraphrased; independent review pending,inventory_only_pending_review,pending_independent_review
path_write_text_overwrites,path_write_text_overwrites,Path.write_text() overwrites an existing file at that path.,pathlib and file I/O,https://docs.python.org/3/library/pathlib.html,Object-oriented filesystem paths,Reading and writing files,Reading and writing files — write_text(),"write_text opens in text mode, writes data, closes the file, and overwrites an existing same-name file.",Python Software Foundation License Version 2; retain attribution and source URL,https://docs.python.org/3/license.html,page:https://docs.python.org/3/library/pathlib.html,page:https://docs.python.org/3/library/pathlib.html,path_write_text_overwrites,official_python_documentation,2026-09-26,Official Python documentation page checked; evidence paraphrased; independent review pending,inventory_only_pending_review,pending_independent_review
path_resolve_symlinks_absolute,path_resolve_symlinks_absolute,Path.resolve() returns a new absolute path with symbolic links resolved.,pathlib,https://docs.python.org/3/library/pathlib.html,Object-oriented filesystem paths,Resolving,Path.resolve(),resolve returns a new absolute path and resolves symlinks.,Python Software Foundation License Version 2; retain attribution and source URL,https://docs.python.org/3/license.html,page:https://docs.python.org/3/library/pathlib.html,page:https://docs.python.org/3/library/pathlib.html,path_resolve_symlinks_absolute,official_python_documentation,2026-09-26,Official Python documentation page checked; evidence paraphrased; independent review pending,inventory_only_pending_review,pending_independent_review
path_relative_to_lexical,path_relative_to_lexical,PurePath.relative_to() performs a lexical path operation and raises ValueError when anchors are incompatible.,pathlib,https://docs.python.org/3/library/pathlib.html,Object-oriented filesystem paths,Pure paths,PurePath.relative_to(),relative_to is lexical and raises ValueError for incompatible anchors.,Python Software Foundation License Version 2; retain attribution and source URL,https://docs.python.org/3/license.html,page:https://docs.python.org/3/library/pathlib.html,page:https://docs.python.org/3/library/pathlib.html,path_relative_to_lexical,official_python_documentation,2026-09-26,Official Python documentation page checked; evidence paraphrased; independent review pending,inventory_only_pending_review,pending_independent_review
itertools_batched_lazy,itertools_batched_lazy,"itertools.batched() consumes its input lazily, only as needed to form each output batch.",itertools and iterators,https://docs.python.org/3/library/itertools.html,Itertools,itertools functions,itertools.batched(),batched consumes only enough input to form the next tuple and yields batches lazily.,Python Software Foundation License Version 2; retain attribution and source URL,https://docs.python.org/3/license.html,page:https://docs.python.org/3/library/itertools.html,page:https://docs.python.org/3/library/itertools.html,itertools_batched_lazy,official_python_documentation,2026-09-26,Official Python documentation page checked; evidence paraphrased; independent review pending,inventory_only_pending_review,pending_independent_review
itertools_batched_last_short,itertools_batched_last_short,itertools.batched() can yield a final tuple shorter than the requested batch size.,itertools,https://docs.python.org/3/library/itertools.html,Itertools,itertools functions,itertools.batched(),The final tuple from batched may contain fewer than n elements.,Python Software Foundation License Version 2; retain attribution and source URL,https://docs.python.org/3/license.html,page:https://docs.python.org/3/library/itertools.html,page:https://docs.python.org/3/library/itertools.html,itertools_batched_last_short,official_python_documentation,2026-09-26,Official Python documentation page checked; evidence paraphrased; independent review pending,inventory_only_pending_review,pending_independent_review
itertools_accumulate_initial_extra,itertools_accumulate_initial_extra,itertools.accumulate(initial=...) yields one more item than the input iterable.,itertools,https://docs.python.org/3/library/itertools.html,Itertools,itertools functions,itertools.accumulate(),"When initial is supplied, accumulate yields the initial value first and produces one more output than input elements.",Python Software Foundation License Version 2; retain attribution and source URL,https://docs.python.org/3/license.html,page:https://docs.python.org/3/library/itertools.html,page:https://docs.python.org/3/library/itertools.html,itertools_accumulate_initial_extra,official_python_documentation,2026-09-26,Official Python documentation page checked; evidence paraphrased; independent review pending,inventory_only_pending_review,pending_independent_review
itertools_tee_buffering,itertools_tee_buffering,itertools.tee() may need significant temporary storage when its returned iterators advance at different rates.,itertools and iterators,https://docs.python.org/3/library/itertools.html,Itertools,itertools functions,itertools.tee(),tee may require significant auxiliary storage depending on how far its output iterators diverge.,Python Software Foundation License Version 2; retain attribution and source URL,https://docs.python.org/3/license.html,page:https://docs.python.org/3/library/itertools.html,page:https://docs.python.org/3/library/itertools.html,itertools_tee_buffering,official_python_documentation,2026-09-26,Official Python documentation page checked; evidence paraphrased; independent review pending,inventory_only_pending_review,pending_independent_review
dataclass_eq_identical_type,dataclass_eq_identical_type,Generated dataclass __eq__ compares field tuples only when both objects have the identical type.,dataclasses,https://docs.python.org/3/library/dataclasses.html,Data Classes,dataclass parameters,dataclass() — eq parameter,Generated dataclass equality compares fields as a tuple and requires identical instance types.,Python Software Foundation License Version 2; retain attribution and source URL,https://docs.python.org/3/license.html,page:https://docs.python.org/3/library/dataclasses.html,page:https://docs.python.org/3/library/dataclasses.html,dataclass_eq_identical_type,official_python_documentation,2026-09-26,Official Python documentation page checked; evidence paraphrased; independent review pending,inventory_only_pending_review,pending_independent_review
dataclass_order_requires_eq,dataclass_order_requires_eq,A dataclass configured with order=True and eq=False raises ValueError.,dataclasses and comparison,https://docs.python.org/3/library/dataclasses.html,Data Classes,dataclass parameters,dataclass() — order parameter,order=True with eq=False raises ValueError.,Python Software Foundation License Version 2; retain attribution and source URL,https://docs.python.org/3/license.html,page:https://docs.python.org/3/library/dataclasses.html,page:https://docs.python.org/3/library/dataclasses.html,dataclass_order_requires_eq,official_python_documentation,2026-09-26,Official Python documentation page checked; evidence paraphrased; independent review pending,inventory_only_pending_review,pending_independent_review
dataclass_frozen_not_truly_immutable,dataclass_frozen_not_truly_immutable,dataclasses.frozen=True emulates immutability but does not make an instance truly immutable.,dataclasses and mutability,https://docs.python.org/3/library/dataclasses.html,Data Classes,Frozen instances,Frozen instances,frozen=True emulates immutability via generated setters that raise FrozenInstanceError; Python objects are not made truly immutable.,Python Software Foundation License Version 2; retain attribution and source URL,https://docs.python.org/3/license.html,page:https://docs.python.org/3/library/dataclasses.html,page:https://docs.python.org/3/library/dataclasses.html,dataclass_frozen_not_truly_immutable,official_python_documentation,2026-09-26,Official Python documentation page checked; evidence paraphrased; independent review pending,inventory_only_pending_review,pending_independent_review
dataclass_inherited_field_order,dataclass_inherited_field_order,"Dataclass field order is based on reverse-MRO base fields followed by subclass fields, with subclass definitions overriding inherited fields.",dataclasses and inheritance,https://docs.python.org/3/library/dataclasses.html,Data Classes,Inheritance,Inheritance,Dataclass fields are collected from base classes in reverse MRO before subclass fields; subclass fields override base fields.,Python Software Foundation License Version 2; retain attribution and source URL,https://docs.python.org/3/license.html,page:https://docs.python.org/3/library/dataclasses.html,page:https://docs.python.org/3/library/dataclasses.html,dataclass_inherited_field_order,official_python_documentation,2026-09-26,Official Python documentation page checked; evidence paraphrased; independent review pending,inventory_only_pending_review,pending_independent_review
enum_iter_excludes_aliases,enum_iter_excludes_aliases,Iteration over an Enum excludes alias names.,enum,https://docs.python.org/3/library/enum.html,Enum,Supported data types,How are Enums different? / iteration,Iterating an enum yields canonical members and omits aliases.,Python Software Foundation License Version 2; retain attribution and source URL,https://docs.python.org/3/license.html,page:https://docs.python.org/3/library/enum.html,page:https://docs.python.org/3/library/enum.html,enum_iter_excludes_aliases,official_python_documentation,2026-09-26,Official Python documentation page checked; evidence paraphrased; independent review pending,inventory_only_pending_review,pending_independent_review
enum_members_includes_aliases,enum_members_includes_aliases,An enum's __members__ mapping includes aliases and is read-only and ordered.,enum,https://docs.python.org/3/library/enum.html,Enum,Supported data types,How are Enums different? / __members__,__members__ is a read-only ordered mapping that includes aliases.,Python Software Foundation License Version 2; retain attribution and source URL,https://docs.python.org/3/license.html,page:https://docs.python.org/3/library/enum.html,page:https://docs.python.org/3/library/enum.html,enum_members_includes_aliases,official_python_documentation,2026-09-26,Official Python documentation page checked; evidence paraphrased; independent review pending,inventory_only_pending_review,pending_independent_review
enum_value_call_name_index,enum_value_call_name_index,"EnumClass(value) performs by-value lookup, while EnumClass[name] performs by-name lookup.",enum,https://docs.python.org/3/library/enum.html,Enum,Programmatic access,Programmatic access,Enum call syntax looks up a member by value; indexing looks it up by name.,Python Software Foundation License Version 2; retain attribution and source URL,https://docs.python.org/3/license.html,page:https://docs.python.org/3/library/enum.html,page:https://docs.python.org/3/library/enum.html,enum_value_call_name_index,official_python_documentation,2026-09-26,Official Python documentation page checked; evidence paraphrased; independent review pending,inventory_only_pending_review,pending_independent_review
enum_ordered_comparisons_not_supported,enum_ordered_comparisons_not_supported,Members of a plain Enum do not support ordering comparisons such as less-than.,enum and comparison,https://docs.python.org/3/library/enum.html,Enum,Comparisons,Comparisons,Ordinary Enum members do not support ordered comparisons.,Python Software Foundation License Version 2; retain attribution and source URL,https://docs.python.org/3/license.html,page:https://docs.python.org/3/library/enum.html,page:https://docs.python.org/3/library/enum.html,enum_ordered_comparisons_not_supported,official_python_documentation,2026-09-26,Official Python documentation page checked; evidence paraphrased; independent review pending,inventory_only_pending_review,pending_independent_review
typing_runtime_no_enforcement,typing_runtime_no_enforcement,Function and variable type annotations are not enforced by the Python runtime.,typing and runtime behavior,https://docs.python.org/3/library/typing.html,Typing,Type hints,Type Hints,The Python runtime does not enforce function and variable annotations.,Python Software Foundation License Version 2; retain attribution and source URL,https://docs.python.org/3/license.html,page:https://docs.python.org/3/library/typing.html,page:https://docs.python.org/3/library/typing.html,typing_runtime_no_enforcement,official_python_documentation,2026-09-26,Official Python documentation page checked; evidence paraphrased; independent review pending,inventory_only_pending_review,pending_independent_review
typing_annotated_metadata_ignored,typing_annotated_metadata_ignored,"A tool with no special handling for Annotated metadata should treat Annotated[T, x] as its underlying type T.",typing,https://docs.python.org/3/library/typing.html,Typing,Annotated,Annotated,"Tools without special handling for Annotated metadata should treat Annotated[T, x] as T.",Python Software Foundation License Version 2; retain attribution and source URL,https://docs.python.org/3/license.html,page:https://docs.python.org/3/library/typing.html,page:https://docs.python.org/3/library/typing.html,typing_annotated_metadata_ignored,official_python_documentation,2026-09-26,Official Python documentation page checked; evidence paraphrased; independent review pending,inventory_only_pending_review,pending_independent_review
logging_propagate_parent_handlers,logging_propagate_parent_handlers,A logger with propagate=True passes eligible records to ancestor logger handlers.,logging,https://docs.python.org/3/library/logging.html,Logging facility for Python,Logger objects,Logger.propagate,"When propagate is true, a logger's events are offered to handlers on its ancestor loggers up to root.",Python Software Foundation License Version 2; retain attribution and source URL,https://docs.python.org/3/license.html,page:https://docs.python.org/3/library/logging.html,page:https://docs.python.org/3/library/logging.html,logging_propagate_parent_handlers,official_python_documentation,2026-09-26,Official Python documentation page checked; evidence paraphrased; independent review pending,inventory_only_pending_review,pending_independent_review
logging_propagate_false_stops,logging_propagate_false_stops,A logger with propagate=False stops passing its records to ancestor handlers.,logging,https://docs.python.org/3/library/logging.html,Logging facility for Python,Logger objects,Logger.propagate,Propagation stops at the logger whose propagate attribute is false.,Python Software Foundation License Version 2; retain attribution and source URL,https://docs.python.org/3/license.html,page:https://docs.python.org/3/library/logging.html,page:https://docs.python.org/3/library/logging.html,logging_propagate_false_stops,official_python_documentation,2026-09-26,Official Python documentation page checked; evidence paraphrased; independent review pending,inventory_only_pending_review,pending_independent_review
functools_lru_args_hashable,functools_lru_args_hashable,Arguments to an lru_cache-decorated function must be hashable.,functools,https://docs.python.org/3/library/functools.html,Functools,lru_cache,lru_cache(),"lru_cache uses a dictionary, so function arguments must be hashable.",Python Software Foundation License Version 2; retain attribution and source URL,https://docs.python.org/3/license.html,page:https://docs.python.org/3/library/functools.html,page:https://docs.python.org/3/library/functools.html,functools_lru_args_hashable,official_python_documentation,2026-09-26,Official Python documentation page checked; evidence paraphrased; independent review pending,inventory_only_pending_review,pending_independent_review
functools_lru_threadsafe_duplicate_calls,functools_lru_threadsafe_duplicate_calls,functools.lru_cache can invoke the wrapped function more than once for the same key during concurrent first calls.,functools and threading,https://docs.python.org/3/library/functools.html,Functools,lru_cache,lru_cache(),"lru_cache's data structure is thread-safe, but concurrent calls may compute the same uncached value more than once.",Python Software Foundation License Version 2; retain attribution and source URL,https://docs.python.org/3/license.html,page:https://docs.python.org/3/library/functools.html,page:https://docs.python.org/3/library/functools.html,functools_lru_threadsafe_duplicate_calls,official_python_documentation,2026-09-26,Official Python documentation page checked; evidence paraphrased; independent review pending,inventory_only_pending_review,pending_independent_review
