id,claim,evidence,data_origin,source_name,source_url,source_record_id,license,topic,language,fact_key,evidence_group,provenance,verification_status,source_title,source_section,claim_family,review_status,review_id,record_id,dataset_partition,split,proposed_label,reviewer_label,reviewer_confidence,reviewer_notes,adjudication_status,reviewer_A_label,reviewer_A_id,reviewer_A_confidence,reviewer_A_notes,reviewer_B_label,reviewer_B_id,reviewer_B_confidence,reviewer_B_notes,final_adjudicated_label,adjudicator_id,adjudicator_notes,priority_rank,priority_reason,batch_id,source_group,verified_label,reviewer_A_timestamp,reviewer_A_mode,reviewer_A_source_verified,reviewer_A_quality_flags,reviewer_B_timestamp,reviewer_B_mode,reviewer_B_source_verified,reviewer_B_quality_flags,adjudication_timestamp
cg-rd-0067,Python's __bool__ method should return a Boolean value.,The __bool__() method should return False or True.,synthetic_pending_review,Python documentation (Python Software Foundation),https://docs.python.org/3/reference/datamodel.html,python-docs:datamodel_bool,Python Software Foundation License Version 2; source attribution and URL retained,data model,Python,datamodel_bool,page:https://docs.python.org/3/reference/datamodel.html,Synthetic claim wording grounded in the linked official documentation excerpt; not a human annotation.,Held out by documentation page; synthetic and awaiting independent review,Python Data Model,Data model — emulating numeric types,datamodel_bool,pending,cg-rd-0067,cg-rd-0067,external,external,Supported,,,,pending,,,,,,,,,,,,0,External benchmark candidate; review before any use,external_review_pool,,,,,False,[],,,False,[],
cg-rd-0068,Python's __bool__ method should return a string.,The __bool__() method should return False or True.,synthetic_pending_review,Python documentation (Python Software Foundation),https://docs.python.org/3/reference/datamodel.html,python-docs:datamodel_bool,Python Software Foundation License Version 2; source attribution and URL retained,data model,Python,datamodel_bool,page:https://docs.python.org/3/reference/datamodel.html,Synthetic claim wording grounded in the linked official documentation excerpt; not a human annotation.,Held out by documentation page; synthetic and awaiting independent review,Python Data Model,Data model — emulating numeric types,datamodel_bool,pending,cg-rd-0068,cg-rd-0068,external,external,Contradicted,,,,pending,,,,,,,,,,,,0,External benchmark candidate; review before any use,external_review_pool,,,,,False,[],,,False,[],
cg-rd-0069,A Python __len__ method must return a nonnegative integer.,__len__() should return an integer greater than or equal to zero.,synthetic_pending_review,Python documentation (Python Software Foundation),https://docs.python.org/3/reference/datamodel.html,python-docs:datamodel_len,Python Software Foundation License Version 2; source attribution and URL retained,data model,Python,datamodel_len,page:https://docs.python.org/3/reference/datamodel.html,Synthetic claim wording grounded in the linked official documentation excerpt; not a human annotation.,Held out by documentation page; synthetic and awaiting independent review,Python Data Model,Data model — emulating container types,datamodel_len,pending,cg-rd-0069,cg-rd-0069,external,external,Supported,,,,pending,,,,,,,,,,,,0,External benchmark candidate; review before any use,external_review_pool,,,,,False,[],,,False,[],
cg-rd-0070,A Python __len__ method may return a negative integer.,__len__() should return an integer greater than or equal to zero.,synthetic_pending_review,Python documentation (Python Software Foundation),https://docs.python.org/3/reference/datamodel.html,python-docs:datamodel_len,Python Software Foundation License Version 2; source attribution and URL retained,data model,Python,datamodel_len,page:https://docs.python.org/3/reference/datamodel.html,Synthetic claim wording grounded in the linked official documentation excerpt; not a human annotation.,Held out by documentation page; synthetic and awaiting independent review,Python Data Model,Data model — emulating container types,datamodel_len,pending,cg-rd-0070,cg-rd-0070,external,external,Contradicted,,,,pending,,,,,,,,,,,,0,External benchmark candidate; review before any use,external_review_pool,,,,,False,[],,,False,[],
cg-rd-0071,"Python data model fact 1 is established by this excerpt, although it concerns a different special method.",The __bool__() method should return False or True.,synthetic_pending_review,Python documentation (Python Software Foundation),https://docs.python.org/3/reference/datamodel.html,python-docs:external_ie_1,Python Software Foundation License Version 2; source attribution and URL retained,data model,Python,external_ie_1,page:https://docs.python.org/3/reference/datamodel.html,Synthetic claim wording grounded in the linked official documentation excerpt; not a human annotation.,Held out by documentation page; synthetic and awaiting independent review,Python Data Model,Data model — emulating numeric types,external_ie_1,pending,cg-rd-0071,cg-rd-0071,external,external,Insufficient Evidence,,,,pending,,,,,,,,,,,,0,External benchmark candidate; review before any use,external_review_pool,,,,,False,[],,,False,[],
cg-rd-0072,"Python data model fact 2 is established by this excerpt, although it concerns a different special method.",__len__() should return an integer greater than or equal to zero.,synthetic_pending_review,Python documentation (Python Software Foundation),https://docs.python.org/3/reference/datamodel.html,python-docs:external_ie_2,Python Software Foundation License Version 2; source attribution and URL retained,data model,Python,external_ie_2,page:https://docs.python.org/3/reference/datamodel.html,Synthetic claim wording grounded in the linked official documentation excerpt; not a human annotation.,Held out by documentation page; synthetic and awaiting independent review,Python Data Model,Data model — emulating container types,external_ie_2,pending,cg-rd-0072,cg-rd-0072,external,external,Insufficient Evidence,,,,pending,,,,,,,,,,,,0,External benchmark candidate; review before any use,external_review_pool,,,,,False,[],,,False,[],
cg-rd-0054,all([]) returns False.,Return True if all elements of the iterable are true (or if the iterable is empty).,synthetic_pending_review,Python documentation (Python Software Foundation),https://docs.python.org/3/library/functions.html,python-docs:all_empty,Python Software Foundation License Version 2; source attribution and URL retained,built-ins,Python,all_empty,page:https://docs.python.org/3/library/functions.html,Synthetic claim wording grounded in the linked official documentation excerpt; not a human annotation.,Source checked; independent human expert review pending,Python Library Reference,Built-in functions — all,all_empty,pending,cg-rd-0054,cg-rd-0054,internal,train,Contradicted,,,,pending,,,,,,,,,,,,1,Synthetic contradiction polarity pair; verify wording and evidence,review_batch_003,,,,,False,[],,,False,[],
cg-rd-0056,any([]) returns True.,"Return True if any element of the iterable is true. If the iterable is empty, return False.",synthetic_pending_review,Python documentation (Python Software Foundation),https://docs.python.org/3/library/functions.html,python-docs:any_empty,Python Software Foundation License Version 2; source attribution and URL retained,built-ins,Python,any_empty,page:https://docs.python.org/3/library/functions.html,Synthetic claim wording grounded in the linked official documentation excerpt; not a human annotation.,Source checked; independent human expert review pending,Python Library Reference,Built-in functions — any,any_empty,pending,cg-rd-0056,cg-rd-0056,internal,train,Contradicted,,,,pending,,,,,,,,,,,,1,Synthetic contradiction polarity pair; verify wording and evidence,review_batch_004,,,,,False,[],,,False,[],
cg-rd-0052,bool is not a subclass of int in Python.,"bool is a subclass of int (see Numeric Types — int, float, complex). In many numeric contexts, False and True behave like 0 and 1, respectively.",synthetic_pending_review,Python documentation (Python Software Foundation),https://docs.python.org/3/library/functions.html,python-docs:bool_int,Python Software Foundation License Version 2; source attribution and URL retained,built-ins,Python,bool_int,page:https://docs.python.org/3/library/functions.html,Synthetic claim wording grounded in the linked official documentation excerpt; not a human annotation.,Source checked; independent human expert review pending,Python Library Reference,Built-in functions — bool,bool_int,pending,cg-rd-0052,cg-rd-0052,internal,train,Contradicted,,,,pending,,,,,,,,,,,,1,Synthetic contradiction polarity pair; verify wording and evidence,review_batch_005,,,,,False,[],,,False,[],
cg-rd-0036,A mutable default argument is freshly evaluated on every function call.,The default value is evaluated only once. This makes a difference when the default is a mutable object such as a list or dictionary.,synthetic_pending_review,Python documentation (Python Software Foundation),https://docs.python.org/3/tutorial/controlflow.html,python-docs:default_once,Python Software Foundation License Version 2; source attribution and URL retained,functions,Python,default_once,page:https://docs.python.org/3/tutorial/controlflow.html,Synthetic claim wording grounded in the linked official documentation excerpt; not a human annotation.,Source checked; independent human expert review pending,The Python Tutorial,Control flow — default argument values,default_once,pending,cg-rd-0036,cg-rd-0036,internal,train,Contradicted,,,,pending,,,,,,,,,,,,1,Synthetic contradiction polarity pair; verify wording and evidence,review_batch_003,,,,,False,[],,,False,[],
cg-rd-0018,dict.get raises KeyError by default when a key is missing.,"Dictionary subscription with a missing key raises KeyError. The get method returns None by default for a missing key, or returns the caller-provided default value.",synthetic_pending_review,Python documentation (Python Software Foundation),https://docs.python.org/3/tutorial/datastructures.html,python-docs:dict_get_missing_key,Python Software Foundation License Version 2; source attribution and URL retained,dictionaries and exceptions,Python,dict_get_missing_key,page:https://docs.python.org/3/tutorial/datastructures.html,Synthetic claim wording grounded in the linked official documentation excerpt; not a human annotation.,Legacy synthetic pilot record; expert review pending,Curated Python documentation passage,5.5 Dictionaries,dict_get_missing_key,pending,cg-rd-0018,cg-rd-0018,internal,train,Contradicted,,,,pending,,,,,,,,,,,,1,Synthetic contradiction polarity pair; verify wording and evidence,review_batch_004,,,,,False,[],,,False,[],
cg-rd-0006,Python dictionaries do not preserve insertion order.,"Iterating over a dictionary, including list(dict), produces keys in insertion order. Calling sorted on the dictionary keys is a separate way to obtain sorted order.",synthetic_pending_review,Python documentation (Python Software Foundation),https://docs.python.org/3/tutorial/datastructures.html,python-docs:dict_insertion_order,Python Software Foundation License Version 2; source attribution and URL retained,dictionaries,Python,dict_insertion_order,page:https://docs.python.org/3/tutorial/datastructures.html,Synthetic claim wording grounded in the linked official documentation excerpt; not a human annotation.,Legacy synthetic pilot record; expert review pending,The Python Tutorial: Data Structures,5.5 Dictionaries,dict_insertion_order,pending,cg-rd-0006,cg-rd-0006,internal,train,Contradicted,,,,pending,,,,,,,,,,,,1,Synthetic contradiction polarity pair; verify wording and evidence,review_batch_006,,,,,False,[],,,False,[],
cg-rd-0058,enumerate returns only the current item and never a count.,"An enumerate object yields pairs containing a count (from start, which defaults to zero) and a value obtained from iterating over iterable.",synthetic_pending_review,Python documentation (Python Software Foundation),https://docs.python.org/3/library/functions.html,python-docs:enumerate_tuple,Python Software Foundation License Version 2; source attribution and URL retained,built-ins,Python,enumerate_tuple,page:https://docs.python.org/3/library/functions.html,Synthetic claim wording grounded in the linked official documentation excerpt; not a human annotation.,Source checked; independent human expert review pending,Python Library Reference,Built-in functions — enumerate,enumerate_tuple,pending,cg-rd-0058,cg-rd-0058,internal,train,Contradicted,,,,pending,,,,,,,,,,,,1,Synthetic contradiction polarity pair; verify wording and evidence,review_batch_006,,,,,False,[],,,False,[],
cg-rd-0038,A Python function that reaches its end without return returns zero.,"If a function definition does not include a return statement, it returns None.",synthetic_pending_review,Python documentation (Python Software Foundation),https://docs.python.org/3/tutorial/controlflow.html,python-docs:fallthrough_none,Python Software Foundation License Version 2; source attribution and URL retained,functions,Python,fallthrough_none,page:https://docs.python.org/3/tutorial/controlflow.html,Synthetic claim wording grounded in the linked official documentation excerpt; not a human annotation.,Source checked; independent human expert review pending,The Python Tutorial,Control flow — defining functions,fallthrough_none,pending,cg-rd-0038,cg-rd-0038,internal,train,Contradicted,,,,pending,,,,,,,,,,,,1,Synthetic contradiction polarity pair; verify wording and evidence,review_batch_004,,,,,False,[],,,False,[],
cg-rd-0026,A Python for-else suite runs when the loop exits with break.,A for loop's optional else suite runs when the loop finishes normally because the iterator is exhausted. It does not run when a break statement terminates the loop.,synthetic_pending_review,Python documentation (Python Software Foundation),https://docs.python.org/3/reference/compound_stmts.html#the-for-statement,python-docs:for_else_after_break,Python Software Foundation License Version 2; source attribution and URL retained,loops,Python,for_else_after_break,page:https://docs.python.org/3/reference/compound_stmts.html#the-for-statement,Synthetic claim wording grounded in the linked official documentation excerpt; not a human annotation.,Legacy synthetic pilot record; expert review pending,Curated Python documentation passage,The for statement,for_else_after_break,pending,cg-rd-0026,cg-rd-0026,internal,test,Contradicted,,,,pending,,,,,,,,,,,,1,Synthetic contradiction polarity pair; verify wording and evidence,review_batch_006,,,,,False,[],,,False,[],
cg-rd-0034,A for-else suite runs after a break exits the loop.,"The else clause executes after the for loop completes normally, but not when the loop is terminated by a break statement.",synthetic_pending_review,Python documentation (Python Software Foundation),https://docs.python.org/3/tutorial/controlflow.html,python-docs:for_else_break,Python Software Foundation License Version 2; source attribution and URL retained,loops,Python,for_else_break,page:https://docs.python.org/3/tutorial/controlflow.html,Synthetic claim wording grounded in the linked official documentation excerpt; not a human annotation.,Source checked; independent human expert review pending,The Python Tutorial,Control flow — for statements,for_else_break,pending,cg-rd-0034,cg-rd-0034,internal,train,Contradicted,,,,pending,,,,,,,,,,,,1,Synthetic contradiction polarity pair; verify wording and evidence,review_batch_002,,,,,False,[],,,False,[],
cg-rd-0024,Defining a Python function immediately executes its body.,Executing a function definition binds a function object to its name. The function body is not executed by defining it; the body runs when the function is called.,synthetic_pending_review,Python documentation (Python Software Foundation),https://docs.python.org/3/reference/compound_stmts.html#function-definitions,python-docs:function_definition_executes_body,Python Software Foundation License Version 2; source attribution and URL retained,functions,Python,function_definition_executes_body,page:https://docs.python.org/3/reference/compound_stmts.html#function-definitions,Synthetic claim wording grounded in the linked official documentation excerpt; not a human annotation.,Legacy synthetic pilot record; expert review pending,Curated Python documentation passage,Function definitions,function_definition_executes_body,pending,cg-rd-0024,cg-rd-0024,internal,validation,Contradicted,,,,pending,,,,,,,,,,,,1,Synthetic contradiction polarity pair; verify wording and evidence,review_batch_005,,,,,False,[],,,False,[],
cg-rd-0040,A name assigned in a function body is global by default.,"When a variable is used in a function, the value is looked up in the local symbol table; the local symbol table is populated from the function's parameters and variables assigned in the function body.",synthetic_pending_review,Python documentation (Python Software Foundation),https://docs.python.org/3/tutorial/controlflow.html,python-docs:function_scope,Python Software Foundation License Version 2; source attribution and URL retained,functions,Python,function_scope,page:https://docs.python.org/3/tutorial/controlflow.html,Synthetic claim wording grounded in the linked official documentation excerpt; not a human annotation.,Source checked; independent human expert review pending,The Python Tutorial,Control flow — defining functions,function_scope,pending,cg-rd-0040,cg-rd-0040,internal,train,Contradicted,,,,pending,,,,,,,,,,,,1,Synthetic contradiction polarity pair; verify wording and evidence,review_batch_006,,,,,False,[],,,False,[],
cg-rd-0046,A generator expression always builds a full list before iteration.,Generator expressions are more memory friendly than equivalent list comprehensions.,synthetic_pending_review,Python documentation (Python Software Foundation),https://docs.python.org/3/tutorial/classes.html,python-docs:generator_expression,Python Software Foundation License Version 2; source attribution and URL retained,iteration,Python,generator_expression,page:https://docs.python.org/3/tutorial/classes.html,Synthetic claim wording grounded in the linked official documentation excerpt; not a human annotation.,Source checked; independent human expert review pending,The Python Tutorial,Classes — generator expressions,generator_expression,pending,cg-rd-0046,cg-rd-0046,internal,validation,Contradicted,,,,pending,,,,,,,,,,,,1,Synthetic contradiction polarity pair; verify wording and evidence,review_batch_006,,,,,False,[],,,False,[],
cg-rd-0044,A generator restarts its function from the beginning after every yield.,"Each time next() is called on it, the generator resumes where it left off (it remembers all the data values and which statement was last executed).",synthetic_pending_review,Python documentation (Python Software Foundation),https://docs.python.org/3/tutorial/classes.html,python-docs:generator_resume,Python Software Foundation License Version 2; source attribution and URL retained,iteration,Python,generator_resume,page:https://docs.python.org/3/tutorial/classes.html,Synthetic claim wording grounded in the linked official documentation excerpt; not a human annotation.,Source checked; independent human expert review pending,The Python Tutorial,Classes — generators,generator_resume,pending,cg-rd-0044,cg-rd-0044,internal,validation,Contradicted,,,,pending,,,,,,,,,,,,1,Synthetic contradiction polarity pair; verify wording and evidence,review_batch_002,,,,,False,[],,,False,[],
cg-rd-0042,A for loop must index each container and does not use an iterator.,"The for statement calls iter() on the container object. The function returns an iterator object that defines __next__(), which accesses elements one at a time. When there are no more elements, __next__() raises StopIteration.",synthetic_pending_review,Python documentation (Python Software Foundation),https://docs.python.org/3/tutorial/classes.html,python-docs:iterator_protocol,Python Software Foundation License Version 2; source attribution and URL retained,iteration,Python,iterator_protocol,page:https://docs.python.org/3/tutorial/classes.html,Synthetic claim wording grounded in the linked official documentation excerpt; not a human annotation.,Source checked; independent human expert review pending,The Python Tutorial,Classes — iterators,iterator_protocol,pending,cg-rd-0042,cg-rd-0042,internal,validation,Contradicted,,,,pending,,,,,,,,,,,,1,Synthetic contradiction polarity pair; verify wording and evidence,review_batch_003,,,,,False,[],,,False,[],
cg-rd-0016,A Python list comprehension modifies its input list in place.,"A list comprehension evaluates an expression for items selected by its for and optional if clauses, producing a new list.",synthetic_pending_review,Python documentation (Python Software Foundation),https://docs.python.org/3/tutorial/datastructures.html,python-docs:list_comprehension_new_list,Python Software Foundation License Version 2; source attribution and URL retained,comprehensions,Python,list_comprehension_new_list,page:https://docs.python.org/3/tutorial/datastructures.html,Synthetic claim wording grounded in the linked official documentation excerpt; not a human annotation.,Legacy synthetic pilot record; expert review pending,Curated Python documentation passage,5.1.3 List Comprehensions,list_comprehension_new_list,pending,cg-rd-0016,cg-rd-0016,internal,train,Contradicted,,,,pending,,,,,,,,,,,,1,Synthetic contradiction polarity pair; verify wording and evidence,review_batch_004,,,,,False,[],,,False,[],
cg-rd-0020,Inserting or popping at the front of a Python list leaves the remaining elements in place.,"A list can represent a queue, but inserts and pops at the beginning are slow because the other elements must shift. The tutorial recommends collections.deque for efficient operations at both ends.",synthetic_pending_review,Python documentation (Python Software Foundation),https://docs.python.org/3/tutorial/datastructures.html,python-docs:list_front_queue_performance,Python Software Foundation License Version 2; source attribution and URL retained,collections and performance,Python,list_front_queue_performance,page:https://docs.python.org/3/tutorial/datastructures.html,Synthetic claim wording grounded in the linked official documentation excerpt; not a human annotation.,Legacy synthetic pilot record; expert review pending,Curated Python documentation passage,5.1.2 Using Lists as Queues,list_front_queue_performance,pending,cg-rd-0020,cg-rd-0020,internal,train,Contradicted,,,,pending,,,,,,,,,,,,1,Synthetic contradiction polarity pair; verify wording and evidence,review_batch_003,,,,,False,[],,,False,[],
cg-rd-0002,Python lists are immutable.,"Lists are mutable data structures. Methods such as append, insert, remove, pop, sort, and reverse change the existing list. Tuples are immutable, although a tuple can contain a separate mutable object such as a list.",synthetic_pending_review,Python documentation (Python Software Foundation),https://docs.python.org/3/tutorial/datastructures.html,python-docs:list_mutability,Python Software Foundation License Version 2; source attribution and URL retained,collections and mutability,Python,list_mutability,page:https://docs.python.org/3/tutorial/datastructures.html,Synthetic claim wording grounded in the linked official documentation excerpt; not a human annotation.,Legacy synthetic pilot record; expert review pending,The Python Tutorial: Data Structures,5.1 More on Lists; 5.3 Tuples and Sequences,list_mutability,pending,cg-rd-0002,cg-rd-0002,internal,train,Contradicted,,,,pending,,,,,,,,,,,,1,Synthetic contradiction polarity pair; verify wording and evidence,review_batch_006,,,,,False,[],,,False,[],
cg-rd-0060,A range object stores every represented integer in memory.,"The range type represents an immutable sequence of numbers and is commonly used for looping a specific number of times. The advantage of the range type over a regular list is that a range object will always take the same (small) amount of memory, no matter the size of the range it represents.",synthetic_pending_review,Python documentation (Python Software Foundation),https://docs.python.org/3/library/stdtypes.html,python-docs:range_constant_memory,Python Software Foundation License Version 2; source attribution and URL retained,sequences,Python,range_constant_memory,page:https://docs.python.org/3/library/stdtypes.html,Synthetic claim wording grounded in the linked official documentation excerpt; not a human annotation.,Source checked; independent human expert review pending,Python Library Reference,Built-in types — range,range_constant_memory,pending,cg-rd-0060,cg-rd-0060,internal,train,Contradicted,,,,pending,,,,,,,,,,,,1,Synthetic contradiction polarity pair; verify wording and evidence,review_batch_006,,,,,False,[],,,False,[],
cg-rd-0032,Python range(10) includes 10.,The given end point is never part of the generated sequence; range(10) generates 10 values.,synthetic_pending_review,Python documentation (Python Software Foundation),https://docs.python.org/3/tutorial/controlflow.html,python-docs:range_stop,Python Software Foundation License Version 2; source attribution and URL retained,range,Python,range_stop,page:https://docs.python.org/3/tutorial/controlflow.html,Synthetic claim wording grounded in the linked official documentation excerpt; not a human annotation.,Source checked; independent human expert review pending,The Python Tutorial,Control flow — range,range_stop,pending,cg-rd-0032,cg-rd-0032,internal,train,Contradicted,,,,pending,,,,,,,,,,,,1,Synthetic contradiction polarity pair; verify wording and evidence,review_batch_003,,,,,False,[],,,False,[],
cg-rd-0008,Python sets preserve insertion order.,A set is an unordered collection with no duplicate elements. Iterating over a set or printing it can produce elements in an order different from what a reader expects.,synthetic_pending_review,Python documentation (Python Software Foundation),https://docs.python.org/3/tutorial/datastructures.html,python-docs:set_insertion_order,Python Software Foundation License Version 2; source attribution and URL retained,sets,Python,set_insertion_order,page:https://docs.python.org/3/tutorial/datastructures.html,Synthetic claim wording grounded in the linked official documentation excerpt; not a human annotation.,Legacy synthetic pilot record; expert review pending,The Python Tutorial: Data Structures,5.4 Sets,set_insertion_order,pending,cg-rd-0008,cg-rd-0008,internal,train,Contradicted,,,,pending,,,,,,,,,,,,1,Synthetic contradiction polarity pair; verify wording and evidence,review_batch_002,,,,,False,[],,,False,[],
cg-rd-0010,Python sorted is unstable.,The built-in sorted function is guaranteed to be stable. A stable sort preserves the relative order of elements that compare equal.,synthetic_pending_review,Python documentation (Python Software Foundation),https://docs.python.org/3/library/functions.html#sorted,python-docs:sorted_stability,Python Software Foundation License Version 2; source attribution and URL retained,built-ins and sorting,Python,sorted_stability,page:https://docs.python.org/3/library/functions.html#sorted,Synthetic claim wording grounded in the linked official documentation excerpt; not a human annotation.,Legacy synthetic pilot record; expert review pending,Built-in Functions,"sorted(iterable, *, key=None, reverse=False)",sorted_stability,pending,cg-rd-0010,cg-rd-0010,internal,test,Contradicted,,,,pending,,,,,,,,,,,,1,Synthetic contradiction polarity pair; verify wording and evidence,review_batch_002,,,,,False,[],,,False,[],
cg-rd-0022,Python's sorted function is unstable.,The built-in sorted function is guaranteed to be stable. A stable sort preserves the relative order of elements that compare equal.,synthetic_pending_review,Python documentation (Python Software Foundation),https://docs.python.org/3/library/functions.html#sorted,python-docs:sorted_stability,Python Software Foundation License Version 2; source attribution and URL retained,built-ins and sorting,Python,sorted_stability,page:https://docs.python.org/3/library/functions.html#sorted,Synthetic claim wording grounded in the linked official documentation excerpt; not a human annotation.,Legacy synthetic pilot record; expert review pending,Curated Python documentation passage,"sorted(iterable, *, key=None, reverse=False)",sorted_stability,pending,cg-rd-0022,cg-rd-0022,internal,test,Contradicted,,,,pending,,,,,,,,,,,,1,Synthetic contradiction polarity pair; verify wording and evidence,review_batch_003,,,,,False,[],,,False,[],
cg-rd-0050,Indexing a Python string produces a separate character type.,The items of a string are Unicode code points. There is no separate character type; a character is represented by a string of length 1.,synthetic_pending_review,Python documentation (Python Software Foundation),https://docs.python.org/3/library/stdtypes.html,python-docs:str_index,Python Software Foundation License Version 2; source attribution and URL retained,strings,Python,str_index,page:https://docs.python.org/3/library/stdtypes.html,Synthetic claim wording grounded in the linked official documentation excerpt; not a human annotation.,Source checked; independent human expert review pending,Python Library Reference,Built-in types — text sequence type str,str_index,pending,cg-rd-0050,cg-rd-0050,internal,train,Contradicted,,,,pending,,,,,,,,,,,,1,Synthetic contradiction polarity pair; verify wording and evidence,review_batch_005,,,,,False,[],,,False,[],
cg-rd-0048,Python strings are mutable.,Strings are immutable sequences of Unicode code points.,synthetic_pending_review,Python documentation (Python Software Foundation),https://docs.python.org/3/library/stdtypes.html,python-docs:string_immutable,Python Software Foundation License Version 2; source attribution and URL retained,strings,Python,string_immutable,page:https://docs.python.org/3/library/stdtypes.html,Synthetic claim wording grounded in the linked official documentation excerpt; not a human annotation.,Source checked; independent human expert review pending,Python Library Reference,Built-in types — text sequence type str,string_immutable,pending,cg-rd-0048,cg-rd-0048,internal,train,Contradicted,,,,pending,,,,,,,,,,,,1,Synthetic contradiction polarity pair; verify wording and evidence,review_batch_006,,,,,False,[],,,False,[],
cg-rd-0004,Python tuples are mutable.,"Tuples are immutable: assigning to an individual tuple item is not allowed. A tuple may contain a mutable object, but that does not make the tuple's own item bindings mutable.",synthetic_pending_review,Python documentation (Python Software Foundation),https://docs.python.org/3/tutorial/datastructures.html,python-docs:tuple_mutability,Python Software Foundation License Version 2; source attribution and URL retained,collections and mutability,Python,tuple_mutability,page:https://docs.python.org/3/tutorial/datastructures.html,Synthetic claim wording grounded in the linked official documentation excerpt; not a human annotation.,Legacy synthetic pilot record; expert review pending,The Python Tutorial: Data Structures,5.3 Tuples and Sequences,tuple_mutability,pending,cg-rd-0004,cg-rd-0004,internal,train,Contradicted,,,,pending,,,,,,,,,,,,1,Synthetic contradiction polarity pair; verify wording and evidence,review_batch_002,,,,,False,[],,,False,[],
cg-rd-0028,An unhandled Python exception is silently discarded before reaching the caller.,"If an exception is not handled by an except clause, it is propagated to the caller and may continue up the call stack.",synthetic_pending_review,Python documentation (Python Software Foundation),https://docs.python.org/3/tutorial/errors.html,python-docs:unhandled_exception_propagates,Python Software Foundation License Version 2; source attribution and URL retained,exceptions,Python,unhandled_exception_propagates,page:https://docs.python.org/3/tutorial/errors.html,Synthetic claim wording grounded in the linked official documentation excerpt; not a human annotation.,Legacy synthetic pilot record; expert review pending,Curated Python documentation passage,8. Errors and Exceptions,unhandled_exception_propagates,pending,cg-rd-0028,cg-rd-0028,internal,test,Contradicted,,,,pending,,,,,,,,,,,,1,Synthetic contradiction polarity pair; verify wording and evidence,review_batch_005,,,,,False,[],,,False,[],
cg-rd-0030,A file opened with a with statement stays open after the block exits with an exception.,"Using with open(...) as file is recommended for files. The context manager closes the file when the with block finishes, even when an exception occurs.",synthetic_pending_review,Python documentation (Python Software Foundation),https://docs.python.org/3/tutorial/inputoutput.html#reading-and-writing-files,python-docs:with_open_closes_file,Python Software Foundation License Version 2; source attribution and URL retained,file handling and exceptions,Python,with_open_closes_file,page:https://docs.python.org/3/tutorial/inputoutput.html#reading-and-writing-files,Synthetic claim wording grounded in the linked official documentation excerpt; not a human annotation.,Legacy synthetic pilot record; expert review pending,Curated Python documentation passage,Reading and Writing Files,with_open_closes_file,pending,cg-rd-0030,cg-rd-0030,internal,train,Contradicted,,,,pending,,,,,,,,,,,,1,Synthetic contradiction polarity pair; verify wording and evidence,review_batch_006,,,,,False,[],,,False,[],
cg-rd-0063,Python stores every default argument object in a function's __defaults__ tuple.,The default value is evaluated only once. This makes a difference when the default is a mutable object such as a list or dictionary.,synthetic_pending_review,Python documentation (Python Software Foundation),https://docs.python.org/3/tutorial/controlflow.html,python-docs:out_of_scope_default_once,Python Software Foundation License Version 2; source attribution and URL retained,functions,Python,out_of_scope_default_once,page:https://docs.python.org/3/tutorial/controlflow.html,Synthetic claim wording grounded in the linked official documentation excerpt; not a human annotation.,Source checked; independent human expert review pending,Python documentation excerpt,Control flow — default argument values,ie_default_once,pending,cg-rd-0063,cg-rd-0063,internal,train,Insufficient Evidence,,,,pending,,,,,,,,,,,,2,Insufficient-evidence case; confirm evidence is genuinely non-establishing,review_batch_002,,,,,False,[],,,False,[],
cg-rd-0064,A function's implicit return value is written into a CPU register chosen by the interpreter.,"If a function definition does not include a return statement, it returns None.",synthetic_pending_review,Python documentation (Python Software Foundation),https://docs.python.org/3/tutorial/controlflow.html,python-docs:out_of_scope_fallthrough_none,Python Software Foundation License Version 2; source attribution and URL retained,functions,Python,out_of_scope_fallthrough_none,page:https://docs.python.org/3/tutorial/controlflow.html,Synthetic claim wording grounded in the linked official documentation excerpt; not a human annotation.,Source checked; independent human expert review pending,Python documentation excerpt,Control flow — defining functions,ie_fallthrough_none,pending,cg-rd-0064,cg-rd-0064,internal,train,Insufficient Evidence,,,,pending,,,,,,,,,,,,2,Insufficient-evidence case; confirm evidence is genuinely non-establishing,review_batch_003,,,,,False,[],,,False,[],
cg-rd-0062,A for-else suite runs a finalizer in a background thread after the loop ends.,"The else clause executes after the for loop completes normally, but not when the loop is terminated by a break statement.",synthetic_pending_review,Python documentation (Python Software Foundation),https://docs.python.org/3/tutorial/controlflow.html,python-docs:out_of_scope_for_else_break,Python Software Foundation License Version 2; source attribution and URL retained,loops,Python,out_of_scope_for_else_break,page:https://docs.python.org/3/tutorial/controlflow.html,Synthetic claim wording grounded in the linked official documentation excerpt; not a human annotation.,Source checked; independent human expert review pending,Python documentation excerpt,Control flow — for statements,ie_for_else_break,pending,cg-rd-0062,cg-rd-0062,internal,train,Insufficient Evidence,,,,pending,,,,,,,,,,,,2,Insufficient-evidence case; confirm evidence is genuinely non-establishing,review_batch_006,,,,,False,[],,,False,[],
cg-rd-0065,Python function locals are serialized to disk whenever the function returns.,"When a variable is used in a function, the value is looked up in the local symbol table; the local symbol table is populated from the function's parameters and variables assigned in the function body.",synthetic_pending_review,Python documentation (Python Software Foundation),https://docs.python.org/3/tutorial/controlflow.html,python-docs:out_of_scope_function_scope,Python Software Foundation License Version 2; source attribution and URL retained,functions,Python,out_of_scope_function_scope,page:https://docs.python.org/3/tutorial/controlflow.html,Synthetic claim wording grounded in the linked official documentation excerpt; not a human annotation.,Source checked; independent human expert review pending,Python documentation excerpt,Control flow — defining functions,ie_function_scope,pending,cg-rd-0065,cg-rd-0065,internal,train,Insufficient Evidence,,,,pending,,,,,,,,,,,,2,Insufficient-evidence case; confirm evidence is genuinely non-establishing,review_batch_004,,,,,False,[],,,False,[],
cg-rd-0066,Calling iter() on every iterator resets it to its first element.,"The for statement calls iter() on the container object. The function returns an iterator object that defines __next__(), which accesses elements one at a time. When there are no more elements, __next__() raises StopIteration.",synthetic_pending_review,Python documentation (Python Software Foundation),https://docs.python.org/3/tutorial/classes.html,python-docs:out_of_scope_iterator_protocol,Python Software Foundation License Version 2; source attribution and URL retained,iteration,Python,out_of_scope_iterator_protocol,page:https://docs.python.org/3/tutorial/classes.html,Synthetic claim wording grounded in the linked official documentation excerpt; not a human annotation.,Source checked; independent human expert review pending,Python documentation excerpt,Classes — iterators,ie_iterator_protocol,pending,cg-rd-0066,cg-rd-0066,internal,validation,Insufficient Evidence,,,,pending,,,,,,,,,,,,2,Insufficient-evidence case; confirm evidence is genuinely non-establishing,review_batch_003,,,,,False,[],,,False,[],
cg-rd-0061,The range constructor accepts an arbitrary number of keyword-only arguments.,The given end point is never part of the generated sequence; range(10) generates 10 values.,synthetic_pending_review,Python documentation (Python Software Foundation),https://docs.python.org/3/tutorial/controlflow.html,python-docs:out_of_scope_range_stop,Python Software Foundation License Version 2; source attribution and URL retained,range,Python,out_of_scope_range_stop,page:https://docs.python.org/3/tutorial/controlflow.html,Synthetic claim wording grounded in the linked official documentation excerpt; not a human annotation.,Source checked; independent human expert review pending,Python documentation excerpt,Control flow — range,ie_range_stop,pending,cg-rd-0061,cg-rd-0061,internal,train,Insufficient Evidence,,,,pending,,,,,,,,,,,,2,Insufficient-evidence case; confirm evidence is genuinely non-establishing,review_batch_006,,,,,False,[],,,False,[],
cg-rd-0011,An exhausted Python generator can be restarted to yield its values again.,A for loop's optional else suite runs when the loop finishes normally because the iterator is exhausted. It does not run when a break statement terminates the loop.,synthetic_pending_review,Python documentation (Python Software Foundation),https://docs.python.org/3/reference/compound_stmts.html#the-for-statement,python-docs:pilot_insufficient_out-of-scope_1,Python Software Foundation License Version 2; source attribution and URL retained,pilot out-of-scope example,Python,pilot_insufficient_out-of-scope_1,page:https://docs.python.org/3/reference/compound_stmts.html#the-for-statement,Synthetic claim wording grounded in the linked official documentation excerpt; not a human annotation.,Legacy synthetic pilot record; expert review pending,The Python Language Reference: Compound Statements,The for statement,pilot_insufficient_out-of-scope_1,pending,cg-rd-0011,cg-rd-0011,internal,test,Insufficient Evidence,,,,pending,,,,,,,,,,,,2,Insufficient-evidence case; confirm evidence is genuinely non-establishing,review_batch_002,,,,,False,[],,,False,[],
cg-rd-0012,Python floating point values always represent decimal fractions exactly.,"A list can represent a queue, but inserts and pops at the beginning are slow because the other elements must shift. The tutorial recommends collections.deque for efficient operations at both ends.",synthetic_pending_review,Python documentation (Python Software Foundation),https://docs.python.org/3/tutorial/datastructures.html,python-docs:pilot_insufficient_out-of-scope_3,Python Software Foundation License Version 2; source attribution and URL retained,pilot out-of-scope example,Python,pilot_insufficient_out-of-scope_3,page:https://docs.python.org/3/tutorial/datastructures.html,Synthetic claim wording grounded in the linked official documentation excerpt; not a human annotation.,Legacy synthetic pilot record; expert review pending,The Python Tutorial: Data Structures,5.1.2 Using Lists as Queues,pilot_insufficient_out-of-scope_3,pending,cg-rd-0012,cg-rd-0012,internal,train,Insufficient Evidence,,,,pending,,,,,,,,,,,,2,Insufficient-evidence case; confirm evidence is genuinely non-establishing,review_batch_003,,,,,False,[],,,False,[],
cg-rd-0013,Python functions are memoized automatically after their first call.,Executing a function definition binds a function object to its name. The function body is not executed by defining it; the body runs when the function is called.,synthetic_pending_review,Python documentation (Python Software Foundation),https://docs.python.org/3/reference/compound_stmts.html#function-definitions,python-docs:pilot_insufficient_out-of-scope_4,Python Software Foundation License Version 2; source attribution and URL retained,pilot out-of-scope example,Python,pilot_insufficient_out-of-scope_4,page:https://docs.python.org/3/reference/compound_stmts.html#function-definitions,Synthetic claim wording grounded in the linked official documentation excerpt; not a human annotation.,Legacy synthetic pilot record; expert review pending,The Python Language Reference: Compound Statements,Function definitions,pilot_insufficient_out-of-scope_4,pending,cg-rd-0013,cg-rd-0013,internal,validation,Insufficient Evidence,,,,pending,,,,,,,,,,,,2,Insufficient-evidence case; confirm evidence is genuinely non-establishing,review_batch_004,,,,,False,[],,,False,[],
cg-rd-0014,Every Python dictionary operation is thread safe in every implementation.,"Iterating over a dictionary, including list(dict), produces keys in insertion order. Calling sorted on the dictionary keys is a separate way to obtain sorted order.",synthetic_pending_review,Python documentation (Python Software Foundation),https://docs.python.org/3/tutorial/datastructures.html,python-docs:pilot_insufficient_out-of-scope_5,Python Software Foundation License Version 2; source attribution and URL retained,pilot out-of-scope example,Python,pilot_insufficient_out-of-scope_5,page:https://docs.python.org/3/tutorial/datastructures.html,Synthetic claim wording grounded in the linked official documentation excerpt; not a human annotation.,Legacy synthetic pilot record; expert review pending,The Python Tutorial: Data Structures,5.5 Dictionaries,pilot_insufficient_out-of-scope_5,pending,cg-rd-0014,cg-rd-0014,internal,train,Insufficient Evidence,,,,pending,,,,,,,,,,,,2,Insufficient-evidence case; confirm evidence is genuinely non-establishing,review_batch_005,,,,,False,[],,,False,[],
cg-rd-0053,all([]) returns True.,Return True if all elements of the iterable are true (or if the iterable is empty).,synthetic_pending_review,Python documentation (Python Software Foundation),https://docs.python.org/3/library/functions.html,python-docs:all_empty,Python Software Foundation License Version 2; source attribution and URL retained,built-ins,Python,all_empty,page:https://docs.python.org/3/library/functions.html,Synthetic claim wording grounded in the linked official documentation excerpt; not a human annotation.,Source checked; independent human expert review pending,Python Library Reference,Built-in functions — all,all_empty,pending,cg-rd-0053,cg-rd-0053,internal,train,Supported,,,,pending,,,,,,,,,,,,4,Synthetic supported case; verify claim is directly entailed,review_batch_004,,,,,False,[],,,False,[],
cg-rd-0055,any([]) returns False.,"Return True if any element of the iterable is true. If the iterable is empty, return False.",synthetic_pending_review,Python documentation (Python Software Foundation),https://docs.python.org/3/library/functions.html,python-docs:any_empty,Python Software Foundation License Version 2; source attribution and URL retained,built-ins,Python,any_empty,page:https://docs.python.org/3/library/functions.html,Synthetic claim wording grounded in the linked official documentation excerpt; not a human annotation.,Source checked; independent human expert review pending,Python Library Reference,Built-in functions — any,any_empty,pending,cg-rd-0055,cg-rd-0055,internal,train,Supported,,,,pending,,,,,,,,,,,,4,Synthetic supported case; verify claim is directly entailed,review_batch_005,,,,,False,[],,,False,[],
cg-rd-0051,bool is a subclass of int in Python.,"bool is a subclass of int (see Numeric Types — int, float, complex). In many numeric contexts, False and True behave like 0 and 1, respectively.",synthetic_pending_review,Python documentation (Python Software Foundation),https://docs.python.org/3/library/functions.html,python-docs:bool_int,Python Software Foundation License Version 2; source attribution and URL retained,built-ins,Python,bool_int,page:https://docs.python.org/3/library/functions.html,Synthetic claim wording grounded in the linked official documentation excerpt; not a human annotation.,Source checked; independent human expert review pending,Python Library Reference,Built-in functions — bool,bool_int,pending,cg-rd-0051,cg-rd-0051,internal,train,Supported,,,,pending,,,,,,,,,,,,4,Synthetic supported case; verify claim is directly entailed,review_batch_006,,,,,False,[],,,False,[],
cg-rd-0035,A mutable default argument is evaluated once when its function is defined.,The default value is evaluated only once. This makes a difference when the default is a mutable object such as a list or dictionary.,synthetic_pending_review,Python documentation (Python Software Foundation),https://docs.python.org/3/tutorial/controlflow.html,python-docs:default_once,Python Software Foundation License Version 2; source attribution and URL retained,functions,Python,default_once,page:https://docs.python.org/3/tutorial/controlflow.html,Synthetic claim wording grounded in the linked official documentation excerpt; not a human annotation.,Source checked; independent human expert review pending,The Python Tutorial,Control flow — default argument values,default_once,pending,cg-rd-0035,cg-rd-0035,internal,train,Supported,,,,pending,,,,,,,,,,,,4,Synthetic supported case; verify claim is directly entailed,review_batch_006,,,,,False,[],,,False,[],
cg-rd-0017,dict.get returns None by default when a key is missing.,"Dictionary subscription with a missing key raises KeyError. The get method returns None by default for a missing key, or returns the caller-provided default value.",synthetic_pending_review,Python documentation (Python Software Foundation),https://docs.python.org/3/tutorial/datastructures.html,python-docs:dict_get_missing_key,Python Software Foundation License Version 2; source attribution and URL retained,dictionaries and exceptions,Python,dict_get_missing_key,page:https://docs.python.org/3/tutorial/datastructures.html,Synthetic claim wording grounded in the linked official documentation excerpt; not a human annotation.,Legacy synthetic pilot record; expert review pending,Curated Python documentation passage,5.5 Dictionaries,dict_get_missing_key,pending,cg-rd-0017,cg-rd-0017,internal,train,Supported,,,,pending,,,,,,,,,,,,4,Synthetic supported case; verify claim is directly entailed,review_batch_006,,,,,False,[],,,False,[],
cg-rd-0005,Python dictionaries preserve insertion order.,"Iterating over a dictionary, including list(dict), produces keys in insertion order. Calling sorted on the dictionary keys is a separate way to obtain sorted order.",synthetic_pending_review,Python documentation (Python Software Foundation),https://docs.python.org/3/tutorial/datastructures.html,python-docs:dict_insertion_order,Python Software Foundation License Version 2; source attribution and URL retained,dictionaries,Python,dict_insertion_order,page:https://docs.python.org/3/tutorial/datastructures.html,Synthetic claim wording grounded in the linked official documentation excerpt; not a human annotation.,Legacy synthetic pilot record; expert review pending,The Python Tutorial: Data Structures,5.5 Dictionaries,dict_insertion_order,pending,cg-rd-0005,cg-rd-0005,internal,train,Supported,,,,pending,,,,,,,,,,,,4,Synthetic supported case; verify claim is directly entailed,review_batch_003,,,,,False,[],,,False,[],
cg-rd-0057,Each enumerate result is a pair containing a count and an item.,"An enumerate object yields pairs containing a count (from start, which defaults to zero) and a value obtained from iterating over iterable.",synthetic_pending_review,Python documentation (Python Software Foundation),https://docs.python.org/3/library/functions.html,python-docs:enumerate_tuple,Python Software Foundation License Version 2; source attribution and URL retained,built-ins,Python,enumerate_tuple,page:https://docs.python.org/3/library/functions.html,Synthetic claim wording grounded in the linked official documentation excerpt; not a human annotation.,Source checked; independent human expert review pending,Python Library Reference,Built-in functions — enumerate,enumerate_tuple,pending,cg-rd-0057,cg-rd-0057,internal,train,Supported,,,,pending,,,,,,,,,,,,4,Synthetic supported case; verify claim is directly entailed,review_batch_002,,,,,False,[],,,False,[],
cg-rd-0037,A Python function that reaches its end without return returns None.,"If a function definition does not include a return statement, it returns None.",synthetic_pending_review,Python documentation (Python Software Foundation),https://docs.python.org/3/tutorial/controlflow.html,python-docs:fallthrough_none,Python Software Foundation License Version 2; source attribution and URL retained,functions,Python,fallthrough_none,page:https://docs.python.org/3/tutorial/controlflow.html,Synthetic claim wording grounded in the linked official documentation excerpt; not a human annotation.,Source checked; independent human expert review pending,The Python Tutorial,Control flow — defining functions,fallthrough_none,pending,cg-rd-0037,cg-rd-0037,internal,train,Supported,,,,pending,,,,,,,,,,,,4,Synthetic supported case; verify claim is directly entailed,review_batch_002,,,,,False,[],,,False,[],
cg-rd-0025,A Python for-else suite does not run when the loop exits with break.,A for loop's optional else suite runs when the loop finishes normally because the iterator is exhausted. It does not run when a break statement terminates the loop.,synthetic_pending_review,Python documentation (Python Software Foundation),https://docs.python.org/3/reference/compound_stmts.html#the-for-statement,python-docs:for_else_after_break,Python Software Foundation License Version 2; source attribution and URL retained,loops,Python,for_else_after_break,page:https://docs.python.org/3/reference/compound_stmts.html#the-for-statement,Synthetic claim wording grounded in the linked official documentation excerpt; not a human annotation.,Legacy synthetic pilot record; expert review pending,Curated Python documentation passage,The for statement,for_else_after_break,pending,cg-rd-0025,cg-rd-0025,internal,test,Supported,,,,pending,,,,,,,,,,,,4,Synthetic supported case; verify claim is directly entailed,review_batch_003,,,,,False,[],,,False,[],
cg-rd-0033,A for-else suite is skipped when the loop exits with break.,"The else clause executes after the for loop completes normally, but not when the loop is terminated by a break statement.",synthetic_pending_review,Python documentation (Python Software Foundation),https://docs.python.org/3/tutorial/controlflow.html,python-docs:for_else_break,Python Software Foundation License Version 2; source attribution and URL retained,loops,Python,for_else_break,page:https://docs.python.org/3/tutorial/controlflow.html,Synthetic claim wording grounded in the linked official documentation excerpt; not a human annotation.,Source checked; independent human expert review pending,The Python Tutorial,Control flow — for statements,for_else_break,pending,cg-rd-0033,cg-rd-0033,internal,train,Supported,,,,pending,,,,,,,,,,,,4,Synthetic supported case; verify claim is directly entailed,review_batch_004,,,,,False,[],,,False,[],
cg-rd-0023,Defining a Python function does not execute its body.,Executing a function definition binds a function object to its name. The function body is not executed by defining it; the body runs when the function is called.,synthetic_pending_review,Python documentation (Python Software Foundation),https://docs.python.org/3/reference/compound_stmts.html#function-definitions,python-docs:function_definition_executes_body,Python Software Foundation License Version 2; source attribution and URL retained,functions,Python,function_definition_executes_body,page:https://docs.python.org/3/reference/compound_stmts.html#function-definitions,Synthetic claim wording grounded in the linked official documentation excerpt; not a human annotation.,Legacy synthetic pilot record; expert review pending,Curated Python documentation passage,Function definitions,function_definition_executes_body,pending,cg-rd-0023,cg-rd-0023,internal,validation,Supported,,,,pending,,,,,,,,,,,,4,Synthetic supported case; verify claim is directly entailed,review_batch_003,,,,,False,[],,,False,[],
cg-rd-0039,A name assigned in a function body is local by default.,"When a variable is used in a function, the value is looked up in the local symbol table; the local symbol table is populated from the function's parameters and variables assigned in the function body.",synthetic_pending_review,Python documentation (Python Software Foundation),https://docs.python.org/3/tutorial/controlflow.html,python-docs:function_scope,Python Software Foundation License Version 2; source attribution and URL retained,functions,Python,function_scope,page:https://docs.python.org/3/tutorial/controlflow.html,Synthetic claim wording grounded in the linked official documentation excerpt; not a human annotation.,Source checked; independent human expert review pending,The Python Tutorial,Control flow — defining functions,function_scope,pending,cg-rd-0039,cg-rd-0039,internal,train,Supported,,,,pending,,,,,,,,,,,,4,Synthetic supported case; verify claim is directly entailed,review_batch_004,,,,,False,[],,,False,[],
cg-rd-0045,A generator expression avoids eagerly building the corresponding list.,Generator expressions are more memory friendly than equivalent list comprehensions.,synthetic_pending_review,Python documentation (Python Software Foundation),https://docs.python.org/3/tutorial/classes.html,python-docs:generator_expression,Python Software Foundation License Version 2; source attribution and URL retained,iteration,Python,generator_expression,page:https://docs.python.org/3/tutorial/classes.html,Synthetic claim wording grounded in the linked official documentation excerpt; not a human annotation.,Source checked; independent human expert review pending,The Python Tutorial,Classes — generator expressions,generator_expression,pending,cg-rd-0045,cg-rd-0045,internal,validation,Supported,,,,pending,,,,,,,,,,,,4,Synthetic supported case; verify claim is directly entailed,review_batch_003,,,,,False,[],,,False,[],
cg-rd-0043,A generator resumes from its suspended state after yield.,"Each time next() is called on it, the generator resumes where it left off (it remembers all the data values and which statement was last executed).",synthetic_pending_review,Python documentation (Python Software Foundation),https://docs.python.org/3/tutorial/classes.html,python-docs:generator_resume,Python Software Foundation License Version 2; source attribution and URL retained,iteration,Python,generator_resume,page:https://docs.python.org/3/tutorial/classes.html,Synthetic claim wording grounded in the linked official documentation excerpt; not a human annotation.,Source checked; independent human expert review pending,The Python Tutorial,Classes — generators,generator_resume,pending,cg-rd-0043,cg-rd-0043,internal,validation,Supported,,,,pending,,,,,,,,,,,,4,Synthetic supported case; verify claim is directly entailed,review_batch_004,,,,,False,[],,,False,[],
cg-rd-0041,A for loop obtains an iterator and advances it until StopIteration.,"The for statement calls iter() on the container object. The function returns an iterator object that defines __next__(), which accesses elements one at a time. When there are no more elements, __next__() raises StopIteration.",synthetic_pending_review,Python documentation (Python Software Foundation),https://docs.python.org/3/tutorial/classes.html,python-docs:iterator_protocol,Python Software Foundation License Version 2; source attribution and URL retained,iteration,Python,iterator_protocol,page:https://docs.python.org/3/tutorial/classes.html,Synthetic claim wording grounded in the linked official documentation excerpt; not a human annotation.,Source checked; independent human expert review pending,The Python Tutorial,Classes — iterators,iterator_protocol,pending,cg-rd-0041,cg-rd-0041,internal,validation,Supported,,,,pending,,,,,,,,,,,,4,Synthetic supported case; verify claim is directly entailed,review_batch_005,,,,,False,[],,,False,[],
cg-rd-0015,A Python list comprehension produces a new list.,"A list comprehension evaluates an expression for items selected by its for and optional if clauses, producing a new list.",synthetic_pending_review,Python documentation (Python Software Foundation),https://docs.python.org/3/tutorial/datastructures.html,python-docs:list_comprehension_new_list,Python Software Foundation License Version 2; source attribution and URL retained,comprehensions,Python,list_comprehension_new_list,page:https://docs.python.org/3/tutorial/datastructures.html,Synthetic claim wording grounded in the linked official documentation excerpt; not a human annotation.,Legacy synthetic pilot record; expert review pending,Curated Python documentation passage,5.1.3 List Comprehensions,list_comprehension_new_list,pending,cg-rd-0015,cg-rd-0015,internal,train,Supported,,,,pending,,,,,,,,,,,,4,Synthetic supported case; verify claim is directly entailed,review_batch_006,,,,,False,[],,,False,[],
cg-rd-0019,Inserting or popping at the front of a Python list shifts the remaining elements.,"A list can represent a queue, but inserts and pops at the beginning are slow because the other elements must shift. The tutorial recommends collections.deque for efficient operations at both ends.",synthetic_pending_review,Python documentation (Python Software Foundation),https://docs.python.org/3/tutorial/datastructures.html,python-docs:list_front_queue_performance,Python Software Foundation License Version 2; source attribution and URL retained,collections and performance,Python,list_front_queue_performance,page:https://docs.python.org/3/tutorial/datastructures.html,Synthetic claim wording grounded in the linked official documentation excerpt; not a human annotation.,Legacy synthetic pilot record; expert review pending,Curated Python documentation passage,5.1.2 Using Lists as Queues,list_front_queue_performance,pending,cg-rd-0019,cg-rd-0019,internal,train,Supported,,,,pending,,,,,,,,,,,,4,Synthetic supported case; verify claim is directly entailed,review_batch_004,,,,,False,[],,,False,[],
cg-rd-0001,Python lists are mutable.,"Lists are mutable data structures. Methods such as append, insert, remove, pop, sort, and reverse change the existing list. Tuples are immutable, although a tuple can contain a separate mutable object such as a list.",synthetic_pending_review,Python documentation (Python Software Foundation),https://docs.python.org/3/tutorial/datastructures.html,python-docs:list_mutability,Python Software Foundation License Version 2; source attribution and URL retained,collections and mutability,Python,list_mutability,page:https://docs.python.org/3/tutorial/datastructures.html,Synthetic claim wording grounded in the linked official documentation excerpt; not a human annotation.,Legacy synthetic pilot record; expert review pending,The Python Tutorial: Data Structures,5.1 More on Lists; 5.3 Tuples and Sequences,list_mutability,pending,cg-rd-0001,cg-rd-0001,internal,train,Supported,,,,pending,,,,,,,,,,,,4,Synthetic supported case; verify claim is directly entailed,review_batch_002,,,,,False,[],,,False,[],
cg-rd-0059,"A range object uses a small, constant amount of memory as its represented sequence grows.","The range type represents an immutable sequence of numbers and is commonly used for looping a specific number of times. The advantage of the range type over a regular list is that a range object will always take the same (small) amount of memory, no matter the size of the range it represents.",synthetic_pending_review,Python documentation (Python Software Foundation),https://docs.python.org/3/library/stdtypes.html,python-docs:range_constant_memory,Python Software Foundation License Version 2; source attribution and URL retained,sequences,Python,range_constant_memory,page:https://docs.python.org/3/library/stdtypes.html,Synthetic claim wording grounded in the linked official documentation excerpt; not a human annotation.,Source checked; independent human expert review pending,Python Library Reference,Built-in types — range,range_constant_memory,pending,cg-rd-0059,cg-rd-0059,internal,train,Supported,,,,pending,,,,,,,,,,,,4,Synthetic supported case; verify claim is directly entailed,review_batch_003,,,,,False,[],,,False,[],
cg-rd-0031,Python range(10) excludes 10.,The given end point is never part of the generated sequence; range(10) generates 10 values.,synthetic_pending_review,Python documentation (Python Software Foundation),https://docs.python.org/3/tutorial/controlflow.html,python-docs:range_stop,Python Software Foundation License Version 2; source attribution and URL retained,range,Python,range_stop,page:https://docs.python.org/3/tutorial/controlflow.html,Synthetic claim wording grounded in the linked official documentation excerpt; not a human annotation.,Source checked; independent human expert review pending,The Python Tutorial,Control flow — range,range_stop,pending,cg-rd-0031,cg-rd-0031,internal,train,Supported,,,,pending,,,,,,,,,,,,4,Synthetic supported case; verify claim is directly entailed,review_batch_005,,,,,False,[],,,False,[],
cg-rd-0007,Python sets are unordered.,A set is an unordered collection with no duplicate elements. Iterating over a set or printing it can produce elements in an order different from what a reader expects.,synthetic_pending_review,Python documentation (Python Software Foundation),https://docs.python.org/3/tutorial/datastructures.html,python-docs:set_insertion_order,Python Software Foundation License Version 2; source attribution and URL retained,sets,Python,set_insertion_order,page:https://docs.python.org/3/tutorial/datastructures.html,Synthetic claim wording grounded in the linked official documentation excerpt; not a human annotation.,Legacy synthetic pilot record; expert review pending,The Python Tutorial: Data Structures,5.4 Sets,set_insertion_order,pending,cg-rd-0007,cg-rd-0007,internal,train,Supported,,,,pending,,,,,,,,,,,,4,Synthetic supported case; verify claim is directly entailed,review_batch_004,,,,,False,[],,,False,[],
cg-rd-0009,Python sorted is stable.,The built-in sorted function is guaranteed to be stable. A stable sort preserves the relative order of elements that compare equal.,synthetic_pending_review,Python documentation (Python Software Foundation),https://docs.python.org/3/library/functions.html#sorted,python-docs:sorted_stability,Python Software Foundation License Version 2; source attribution and URL retained,built-ins and sorting,Python,sorted_stability,page:https://docs.python.org/3/library/functions.html#sorted,Synthetic claim wording grounded in the linked official documentation excerpt; not a human annotation.,Legacy synthetic pilot record; expert review pending,Built-in Functions,"sorted(iterable, *, key=None, reverse=False)",sorted_stability,pending,cg-rd-0009,cg-rd-0009,internal,test,Supported,,,,pending,,,,,,,,,,,,4,Synthetic supported case; verify claim is directly entailed,review_batch_003,,,,,False,[],,,False,[],
cg-rd-0021,Python's sorted function is stable.,The built-in sorted function is guaranteed to be stable. A stable sort preserves the relative order of elements that compare equal.,synthetic_pending_review,Python documentation (Python Software Foundation),https://docs.python.org/3/library/functions.html#sorted,python-docs:sorted_stability,Python Software Foundation License Version 2; source attribution and URL retained,built-ins and sorting,Python,sorted_stability,page:https://docs.python.org/3/library/functions.html#sorted,Synthetic claim wording grounded in the linked official documentation excerpt; not a human annotation.,Legacy synthetic pilot record; expert review pending,Curated Python documentation passage,"sorted(iterable, *, key=None, reverse=False)",sorted_stability,pending,cg-rd-0021,cg-rd-0021,internal,test,Supported,,,,pending,,,,,,,,,,,,4,Synthetic supported case; verify claim is directly entailed,review_batch_004,,,,,False,[],,,False,[],
cg-rd-0049,Indexing a Python string produces a string of length one.,The items of a string are Unicode code points. There is no separate character type; a character is represented by a string of length 1.,synthetic_pending_review,Python documentation (Python Software Foundation),https://docs.python.org/3/library/stdtypes.html,python-docs:str_index,Python Software Foundation License Version 2; source attribution and URL retained,strings,Python,str_index,page:https://docs.python.org/3/library/stdtypes.html,Synthetic claim wording grounded in the linked official documentation excerpt; not a human annotation.,Source checked; independent human expert review pending,Python Library Reference,Built-in types — text sequence type str,str_index,pending,cg-rd-0049,cg-rd-0049,internal,train,Supported,,,,pending,,,,,,,,,,,,4,Synthetic supported case; verify claim is directly entailed,review_batch_002,,,,,False,[],,,False,[],
cg-rd-0047,Python strings are immutable.,Strings are immutable sequences of Unicode code points.,synthetic_pending_review,Python documentation (Python Software Foundation),https://docs.python.org/3/library/stdtypes.html,python-docs:string_immutable,Python Software Foundation License Version 2; source attribution and URL retained,strings,Python,string_immutable,page:https://docs.python.org/3/library/stdtypes.html,Synthetic claim wording grounded in the linked official documentation excerpt; not a human annotation.,Source checked; independent human expert review pending,Python Library Reference,Built-in types — text sequence type str,string_immutable,pending,cg-rd-0047,cg-rd-0047,internal,train,Supported,,,,pending,,,,,,,,,,,,4,Synthetic supported case; verify claim is directly entailed,review_batch_003,,,,,False,[],,,False,[],
cg-rd-0003,Python tuples are immutable.,"Tuples are immutable: assigning to an individual tuple item is not allowed. A tuple may contain a mutable object, but that does not make the tuple's own item bindings mutable.",synthetic_pending_review,Python documentation (Python Software Foundation),https://docs.python.org/3/tutorial/datastructures.html,python-docs:tuple_mutability,Python Software Foundation License Version 2; source attribution and URL retained,collections and mutability,Python,tuple_mutability,page:https://docs.python.org/3/tutorial/datastructures.html,Synthetic claim wording grounded in the linked official documentation excerpt; not a human annotation.,Legacy synthetic pilot record; expert review pending,The Python Tutorial: Data Structures,5.3 Tuples and Sequences,tuple_mutability,pending,cg-rd-0003,cg-rd-0003,internal,train,Supported,,,,pending,,,,,,,,,,,,4,Synthetic supported case; verify claim is directly entailed,review_batch_003,,,,,False,[],,,False,[],
cg-rd-0027,An unhandled Python exception propagates to the caller.,"If an exception is not handled by an except clause, it is propagated to the caller and may continue up the call stack.",synthetic_pending_review,Python documentation (Python Software Foundation),https://docs.python.org/3/tutorial/errors.html,python-docs:unhandled_exception_propagates,Python Software Foundation License Version 2; source attribution and URL retained,exceptions,Python,unhandled_exception_propagates,page:https://docs.python.org/3/tutorial/errors.html,Synthetic claim wording grounded in the linked official documentation excerpt; not a human annotation.,Legacy synthetic pilot record; expert review pending,Curated Python documentation passage,8. Errors and Exceptions,unhandled_exception_propagates,pending,cg-rd-0027,cg-rd-0027,internal,test,Supported,,,,pending,,,,,,,,,,,,4,Synthetic supported case; verify claim is directly entailed,review_batch_002,,,,,False,[],,,False,[],
cg-rd-0029,"A file opened with a with statement is closed when the block exits, including after an exception.","Using with open(...) as file is recommended for files. The context manager closes the file when the with block finishes, even when an exception occurs.",synthetic_pending_review,Python documentation (Python Software Foundation),https://docs.python.org/3/tutorial/inputoutput.html#reading-and-writing-files,python-docs:with_open_closes_file,Python Software Foundation License Version 2; source attribution and URL retained,file handling and exceptions,Python,with_open_closes_file,page:https://docs.python.org/3/tutorial/inputoutput.html#reading-and-writing-files,Synthetic claim wording grounded in the linked official documentation excerpt; not a human annotation.,Legacy synthetic pilot record; expert review pending,Curated Python documentation passage,Reading and Writing Files,with_open_closes_file,pending,cg-rd-0029,cg-rd-0029,internal,train,Supported,,,,pending,,,,,,,,,,,,4,Synthetic supported case; verify claim is directly entailed,review_batch_003,,,,,False,[],,,False,[],
,Python automatically enforces every function annotation when the function is called.,The Python runtime does not enforce function and variable annotations.,synthetic,Python Software Foundation documentation,https://docs.python.org/3/library/typing.html,python-docs:annotations_runtime,Python Software Foundation License Version 2; retain attribution and source URL,typing,Python,annotations_runtime,page:https://docs.python.org/3/library/typing.html,Synthetic claim candidate derived from a curated official-documentation fact; not a human annotation.,Candidate wording requires independent evidence-only review,Typing,Type Hints,annotations_runtime,pending,cg165-012-c,cg165-012-c,internal,unassigned,Contradicted,,,,pending,,,,,,,,,,,,,,review_batch_005,page:https://docs.python.org/3/library/typing.html,,,,False,[],,,False,[],
,typing.get_type_hints can resolve annotations into evaluated Python objects.,The Python runtime does not enforce function and variable annotations.,synthetic,Python Software Foundation documentation,https://docs.python.org/3/library/typing.html,python-docs:annotations_runtime,Python Software Foundation License Version 2; retain attribution and source URL,typing,Python,annotations_runtime,page:https://docs.python.org/3/library/typing.html,Synthetic claim candidate derived from a curated official-documentation fact; not a human annotation.,Candidate wording requires independent evidence-only review,Typing,Type Hints,annotations_runtime,pending,cg165-012-i,cg165-012-i,internal,unassigned,Insufficient Evidence,,,,pending,,,,,,,,,,,,,,review_batch_003,page:https://docs.python.org/3/library/typing.html,,,,False,[],,,False,[],
,Adding a type annotation does not itself make Python reject a value of another type at runtime.,The Python runtime does not enforce function and variable annotations.,synthetic,Python Software Foundation documentation,https://docs.python.org/3/library/typing.html,python-docs:annotations_runtime,Python Software Foundation License Version 2; retain attribution and source URL,typing,Python,annotations_runtime,page:https://docs.python.org/3/library/typing.html,Synthetic claim candidate derived from a curated official-documentation fact; not a human annotation.,Candidate wording requires independent evidence-only review,Typing,Type Hints,annotations_runtime,pending,cg165-012-s,cg165-012-s,internal,unassigned,Supported,,,,pending,,,,,,,,,,,,,,review_batch_006,page:https://docs.python.org/3/library/typing.html,,,,False,[],,,False,[],
,An asynchronous iterable's __aiter__ method must return an asynchronous iterator.,__aiter__ must return an asynchronous iterator object.,synthetic,Python Software Foundation documentation,https://docs.python.org/3/reference/datamodel.html,python-docs:async_iter_aiter_returns_iterator,Python Software Foundation License Version 2; retain attribution and source URL,asynchronous iteration,Python,async_iter_aiter_returns_iterator,page:https://docs.python.org/3/reference/datamodel.html,Synthetic candidate claim reproducing one curated source fact; not a human annotation.,Pending independent source-backed human review,Data model,Asynchronous Iterators,async_iter_aiter_returns_iterator,pending,cg169-async_iter_aiter_returns_iterator-s,cg169-async_iter_aiter_returns_iterator-s,external,unassigned,Supported,,,,pending,,,,,,,,,,,,,,external_review_pool,page:https://docs.python.org/3/reference/datamodel.html,,,,False,[],,,False,[],
,"Under the current asynchronous iteration protocol, __aiter__ returning a non-iterator causes TypeError.","Since Python 3.7, __aiter__ returning something other than an asynchronous iterator results in TypeError.",synthetic,Python Software Foundation documentation,https://docs.python.org/3/reference/datamodel.html,python-docs:async_iter_aiter_typeerror_noniterator,Python Software Foundation License Version 2; retain attribution and source URL,asynchronous iteration,Python,async_iter_aiter_typeerror_noniterator,page:https://docs.python.org/3/reference/datamodel.html,Synthetic candidate claim reproducing one curated source fact; not a human annotation.,Pending independent source-backed human review,Data model,Asynchronous Iterators,async_iter_aiter_typeerror_noniterator,pending,cg169-async_iter_aiter_typeerror_noniterator-s,cg169-async_iter_aiter_typeerror_noniterator-s,external,unassigned,Supported,,,,pending,,,,,,,,,,,,,,external_review_pool,page:https://docs.python.org/3/reference/datamodel.html,,,,False,[],,,False,[],
,An asynchronous iterator's __anext__ returns an awaitable and signals exhaustion with StopAsyncIteration.,__anext__ must return an awaitable for the next value and should raise StopAsyncIteration at completion.,synthetic,Python Software Foundation documentation,https://docs.python.org/3/reference/datamodel.html,python-docs:async_iter_anext_awaitable,Python Software Foundation License Version 2; retain attribution and source URL,asynchronous iteration,Python,async_iter_anext_awaitable,page:https://docs.python.org/3/reference/datamodel.html,Synthetic candidate claim reproducing one curated source fact; not a human annotation.,Pending independent source-backed human review,Data model,Asynchronous Iterators,async_iter_anext_awaitable,pending,cg169-async_iter_anext_awaitable-s,cg169-async_iter_anext_awaitable-s,external,unassigned,Supported,,,,pending,,,,,,,,,,,,,,external_review_pool,page:https://docs.python.org/3/reference/datamodel.html,,,,False,[],,,False,[],
,Calling asyncio.create_task(coro) immediately returns the coroutine's final result without awaiting its completion.,Tasks are used to schedule coroutines concurrently.,synthetic,Python Software Foundation documentation,https://docs.python.org/3/library/asyncio-task.html,python-docs:asyncio_task,Python Software Foundation License Version 2; retain attribution and source URL,async programming,Python,asyncio_task,page:https://docs.python.org/3/library/asyncio-task.html,Synthetic claim candidate derived from a curated official-documentation fact; not a human annotation.,Candidate wording requires independent evidence-only review,Asyncio Tasks,Task Object,asyncio_task,pending,cg165-028-c,cg165-028-c,external,unassigned,Contradicted,,,,pending,,,,,,,,,,,,,,external_review_pool,page:https://docs.python.org/3/library/asyncio-task.html,,,,False,[],,,False,[],
,Task.cancel() raises CancelledError immediately in the caller before control returns.,Tasks are used to schedule coroutines concurrently.,synthetic,Python Software Foundation documentation,https://docs.python.org/3/library/asyncio-task.html,python-docs:asyncio_task,Python Software Foundation License Version 2; retain attribution and source URL,async programming,Python,asyncio_task,page:https://docs.python.org/3/library/asyncio-task.html,Synthetic claim candidate derived from a curated official-documentation fact; not a human annotation.,Candidate wording requires independent evidence-only review,Asyncio Tasks,Task Object,asyncio_task,pending,cg165-028-i,cg165-028-i,external,unassigned,Insufficient Evidence,,,,pending,,,,,,,,,,,,,,external_review_pool,page:https://docs.python.org/3/library/asyncio-task.html,,,,False,[],,,False,[],
,asyncio tasks schedule coroutine execution within an event loop.,Tasks are used to schedule coroutines concurrently.,synthetic,Python Software Foundation documentation,https://docs.python.org/3/library/asyncio-task.html,python-docs:asyncio_task,Python Software Foundation License Version 2; retain attribution and source URL,async programming,Python,asyncio_task,page:https://docs.python.org/3/library/asyncio-task.html,Synthetic claim candidate derived from a curated official-documentation fact; not a human annotation.,Candidate wording requires independent evidence-only review,Asyncio Tasks,Task Object,asyncio_task,pending,cg165-028-s,cg165-028-s,external,unassigned,Supported,,,,pending,,,,,,,,,,,,,,external_review_pool,page:https://docs.python.org/3/library/asyncio-task.html,,,,False,[],,,False,[],
,An argparse default is always ignored when parsing an empty command line.,An argument default is used when the argument is absent from the command line.,synthetic,Python Software Foundation documentation,https://docs.python.org/3/library/argparse.html,python-docs:cg166b_argparse_default,Python Software Foundation License Version 2; retain attribution and source URL,standard library: argparse,Python,cg166b_argparse_default,page:https://docs.python.org/3/library/argparse.html,Synthetic claim candidate derived from a curated official-documentation fact; not a human annotation.,Candidate wording requires independent evidence-only review,"Parser for command-line options, arguments and subcommands",Default,cg166b_argparse_default,pending,cg166b-cg166b_argparse_default-c,cg166b-cg166b_argparse_default-c,external,unassigned,Contradicted,,,,pending,,,,,,,,,,,,,,external_review_pool,page:https://docs.python.org/3/library/argparse.html,,,,False,[],,,False,[],
,The default value is converted by type in all cases regardless of its Python type.,An argument default is used when the argument is absent from the command line.,synthetic,Python Software Foundation documentation,https://docs.python.org/3/library/argparse.html,python-docs:cg166b_argparse_default,Python Software Foundation License Version 2; retain attribution and source URL,standard library: argparse,Python,cg166b_argparse_default,page:https://docs.python.org/3/library/argparse.html,Synthetic claim candidate derived from a curated official-documentation fact; not a human annotation.,Candidate wording requires independent evidence-only review,"Parser for command-line options, arguments and subcommands",Default,cg166b_argparse_default,pending,cg166b-cg166b_argparse_default-i,cg166b-cg166b_argparse_default-i,external,unassigned,Insufficient Evidence,,,,pending,,,,,,,,,,,,,,external_review_pool,page:https://docs.python.org/3/library/argparse.html,,,,False,[],,,False,[],
,argparse uses a specified default when the corresponding argument is absent.,An argument default is used when the argument is absent from the command line.,synthetic,Python Software Foundation documentation,https://docs.python.org/3/library/argparse.html,python-docs:cg166b_argparse_default,Python Software Foundation License Version 2; retain attribution and source URL,standard library: argparse,Python,cg166b_argparse_default,page:https://docs.python.org/3/library/argparse.html,Synthetic claim candidate derived from a curated official-documentation fact; not a human annotation.,Candidate wording requires independent evidence-only review,"Parser for command-line options, arguments and subcommands",Default,cg166b_argparse_default,pending,cg166b-cg166b_argparse_default-s,cg166b-cg166b_argparse_default-s,external,unassigned,Supported,,,,pending,,,,,,,,,,,,,,external_review_pool,page:https://docs.python.org/3/library/argparse.html,,,,False,[],,,False,[],
,Every optional argument is required by default.,An optional argument can be made required with required=True.,synthetic,Python Software Foundation documentation,https://docs.python.org/3/library/argparse.html,python-docs:cg166b_argparse_required,Python Software Foundation License Version 2; retain attribution and source URL,standard library: argparse,Python,cg166b_argparse_required,page:https://docs.python.org/3/library/argparse.html,Synthetic claim candidate derived from a curated official-documentation fact; not a human annotation.,Candidate wording requires independent evidence-only review,"Parser for command-line options, arguments and subcommands",Required arguments,cg166b_argparse_required,pending,cg166b-cg166b_argparse_required-c,cg166b-cg166b_argparse_required-c,external,unassigned,Contradicted,,,,pending,,,,,,,,,,,,,,external_review_pool,page:https://docs.python.org/3/library/argparse.html,,,,False,[],,,False,[],
,A required optional argument is validated before parsing any positional arguments.,An optional argument can be made required with required=True.,synthetic,Python Software Foundation documentation,https://docs.python.org/3/library/argparse.html,python-docs:cg166b_argparse_required,Python Software Foundation License Version 2; retain attribution and source URL,standard library: argparse,Python,cg166b_argparse_required,page:https://docs.python.org/3/library/argparse.html,Synthetic claim candidate derived from a curated official-documentation fact; not a human annotation.,Candidate wording requires independent evidence-only review,"Parser for command-line options, arguments and subcommands",Required arguments,cg166b_argparse_required,pending,cg166b-cg166b_argparse_required-i,cg166b-cg166b_argparse_required-i,external,unassigned,Insufficient Evidence,,,,pending,,,,,,,,,,,,,,external_review_pool,page:https://docs.python.org/3/library/argparse.html,,,,False,[],,,False,[],
,argparse supports required=True for an optional argument.,An optional argument can be made required with required=True.,synthetic,Python Software Foundation documentation,https://docs.python.org/3/library/argparse.html,python-docs:cg166b_argparse_required,Python Software Foundation License Version 2; retain attribution and source URL,standard library: argparse,Python,cg166b_argparse_required,page:https://docs.python.org/3/library/argparse.html,Synthetic claim candidate derived from a curated official-documentation fact; not a human annotation.,Candidate wording requires independent evidence-only review,"Parser for command-line options, arguments and subcommands",Required arguments,cg166b_argparse_required,pending,cg166b-cg166b_argparse_required-s,cg166b-cg166b_argparse_required-s,external,unassigned,Supported,,,,pending,,,,,,,,,,,,,,external_review_pool,page:https://docs.python.org/3/library/argparse.html,,,,False,[],,,False,[],
,argparse infers arbitrary argument types from the option name when type is omitted.,The type parameter converts a command-line argument string using the specified callable.,synthetic,Python Software Foundation documentation,https://docs.python.org/3/library/argparse.html,python-docs:cg166b_argparse_type,Python Software Foundation License Version 2; retain attribution and source URL,standard library: argparse,Python,cg166b_argparse_type,page:https://docs.python.org/3/library/argparse.html,Synthetic claim candidate derived from a curated official-documentation fact; not a human annotation.,Candidate wording requires independent evidence-only review,"Parser for command-line options, arguments and subcommands",The add_argument() method,cg166b_argparse_type,pending,cg166b-cg166b_argparse_type-c,cg166b-cg166b_argparse_type-c,external,unassigned,Contradicted,,,,pending,,,,,,,,,,,,,,external_review_pool,page:https://docs.python.org/3/library/argparse.html,,,,False,[],,,False,[],
,The type callable is guaranteed to run before every custom action side effect.,The type parameter converts a command-line argument string using the specified callable.,synthetic,Python Software Foundation documentation,https://docs.python.org/3/library/argparse.html,python-docs:cg166b_argparse_type,Python Software Foundation License Version 2; retain attribution and source URL,standard library: argparse,Python,cg166b_argparse_type,page:https://docs.python.org/3/library/argparse.html,Synthetic claim candidate derived from a curated official-documentation fact; not a human annotation.,Candidate wording requires independent evidence-only review,"Parser for command-line options, arguments and subcommands",The add_argument() method,cg166b_argparse_type,pending,cg166b-cg166b_argparse_type-i,cg166b-cg166b_argparse_type-i,external,unassigned,Insufficient Evidence,,,,pending,,,,,,,,,,,,,,external_review_pool,page:https://docs.python.org/3/library/argparse.html,,,,False,[],,,False,[],
,argparse can apply a type conversion callable to a parsed argument string.,The type parameter converts a command-line argument string using the specified callable.,synthetic,Python Software Foundation documentation,https://docs.python.org/3/library/argparse.html,python-docs:cg166b_argparse_type,Python Software Foundation License Version 2; retain attribution and source URL,standard library: argparse,Python,cg166b_argparse_type,page:https://docs.python.org/3/library/argparse.html,Synthetic claim candidate derived from a curated official-documentation fact; not a human annotation.,Candidate wording requires independent evidence-only review,"Parser for command-line options, arguments and subcommands",The add_argument() method,cg166b_argparse_type,pending,cg166b-cg166b_argparse_type-s,cg166b-cg166b_argparse_type-s,external,unassigned,Supported,,,,pending,,,,,,,,,,,,,,external_review_pool,page:https://docs.python.org/3/library/argparse.html,,,,False,[],,,False,[],
,The or operator always converts its result to the bool type.,"The and and or operators return one of their operands, not necessarily a bool.",synthetic,Python Software Foundation documentation,https://docs.python.org/3/library/stdtypes.html,python-docs:cg166b_bool_operand,Python Software Foundation License Version 2; retain attribution and source URL,Boolean operations,Python,cg166b_bool_operand,page:https://docs.python.org/3/library/stdtypes.html,Synthetic claim candidate derived from a curated official-documentation fact; not a human annotation.,Candidate wording requires independent evidence-only review,Built-in Types,Boolean Operations,cg166b_bool_operand,pending,cg166b-cg166b_bool_operand-c,cg166b-cg166b_bool_operand-c,internal,unassigned,Contradicted,,,,pending,,,,,,,,,,,,,,review_batch_002,page:https://docs.python.org/3/library/stdtypes.html,,,,False,[],,,False,[],
,"For x or y, Python returns x when x is true and otherwise returns y.","The and and or operators return one of their operands, not necessarily a bool.",synthetic,Python Software Foundation documentation,https://docs.python.org/3/library/stdtypes.html,python-docs:cg166b_bool_operand,Python Software Foundation License Version 2; retain attribution and source URL,Boolean operations,Python,cg166b_bool_operand,page:https://docs.python.org/3/library/stdtypes.html,Synthetic claim candidate derived from a curated official-documentation fact; not a human annotation.,Candidate wording requires independent evidence-only review,Built-in Types,Boolean Operations,cg166b_bool_operand,pending,cg166b-cg166b_bool_operand-s,cg166b-cg166b_bool_operand-s,internal,unassigned,Supported,,,,pending,,,,,,,,,,,,,,review_batch_002,page:https://docs.python.org/3/library/stdtypes.html,,,,False,[],,,False,[],
,The exact bytecode instruction used for short-circuiting is specified across Python implementations.,and evaluates its second operand only if the first operand is true.,synthetic,Python Software Foundation documentation,https://docs.python.org/3/library/stdtypes.html,python-docs:cg166b_bool_shortcircuit,Python Software Foundation License Version 2; retain attribution and source URL,Boolean operations,Python,cg166b_bool_shortcircuit,page:https://docs.python.org/3/library/stdtypes.html,Synthetic claim candidate derived from a curated official-documentation fact; not a human annotation.,Candidate wording requires independent evidence-only review,Built-in Types,Boolean Operations,cg166b_bool_shortcircuit,pending,cg166b-cg166b_bool_shortcircuit-i,cg166b-cg166b_bool_shortcircuit-i,internal,unassigned,Insufficient Evidence,,,,pending,,,,,,,,,,,,,,review_batch_002,page:https://docs.python.org/3/library/stdtypes.html,,,,False,[],,,False,[],
,A false first operand prevents evaluation of the second operand of and.,and evaluates its second operand only if the first operand is true.,synthetic,Python Software Foundation documentation,https://docs.python.org/3/library/stdtypes.html,python-docs:cg166b_bool_shortcircuit,Python Software Foundation License Version 2; retain attribution and source URL,Boolean operations,Python,cg166b_bool_shortcircuit,page:https://docs.python.org/3/library/stdtypes.html,Synthetic claim candidate derived from a curated official-documentation fact; not a human annotation.,Candidate wording requires independent evidence-only review,Built-in Types,Boolean Operations,cg166b_bool_shortcircuit,pending,cg166b-cg166b_bool_shortcircuit-s,cg166b-cg166b_bool_shortcircuit-s,internal,unassigned,Supported,,,,pending,,,,,,,,,,,,,,review_batch_003,page:https://docs.python.org/3/library/stdtypes.html,,,,False,[],,,False,[],
,bytearray is immutable like bytes.,bytearray is a mutable sequence of integers in the range 0 through 255.,synthetic,Python Software Foundation documentation,https://docs.python.org/3/library/stdtypes.html,python-docs:cg166b_bytearray_mutable,Python Software Foundation License Version 2; retain attribution and source URL,bytearray,Python,cg166b_bytearray_mutable,page:https://docs.python.org/3/library/stdtypes.html,Synthetic claim candidate derived from a curated official-documentation fact; not a human annotation.,Candidate wording requires independent evidence-only review,Built-in Types,Binary Sequence Types,cg166b_bytearray_mutable,pending,cg166b-cg166b_bytearray_mutable-c,cg166b-cg166b_bytearray_mutable-c,internal,unassigned,Contradicted,,,,pending,,,,,,,,,,,,,,review_batch_004,page:https://docs.python.org/3/library/stdtypes.html,,,,False,[],,,False,[],
,Every buffer-protocol consumer copies a bytearray before reading it.,bytearray is a mutable sequence of integers in the range 0 through 255.,synthetic,Python Software Foundation documentation,https://docs.python.org/3/library/stdtypes.html,python-docs:cg166b_bytearray_mutable,Python Software Foundation License Version 2; retain attribution and source URL,bytearray,Python,cg166b_bytearray_mutable,page:https://docs.python.org/3/library/stdtypes.html,Synthetic claim candidate derived from a curated official-documentation fact; not a human annotation.,Candidate wording requires independent evidence-only review,Built-in Types,Binary Sequence Types,cg166b_bytearray_mutable,pending,cg166b-cg166b_bytearray_mutable-i,cg166b-cg166b_bytearray_mutable-i,internal,unassigned,Insufficient Evidence,,,,pending,,,,,,,,,,,,,,review_batch_003,page:https://docs.python.org/3/library/stdtypes.html,,,,False,[],,,False,[],
,The default text encoding used by open() is always UTF-8 on every platform.,bytes literals contain ASCII characters directly; values outside ASCII use escapes.,synthetic,Python Software Foundation documentation,https://docs.python.org/3/library/stdtypes.html,python-docs:cg166b_bytes_ascii,Python Software Foundation License Version 2; retain attribution and source URL,bytes,Python,cg166b_bytes_ascii,page:https://docs.python.org/3/library/stdtypes.html,Synthetic claim candidate derived from a curated official-documentation fact; not a human annotation.,Candidate wording requires independent evidence-only review,Built-in Types,Binary Sequence Types,cg166b_bytes_ascii,pending,cg166b-cg166b_bytes_ascii-i,cg166b-cg166b_bytes_ascii-i,internal,unassigned,Insufficient Evidence,,,,pending,,,,,,,,,,,,,,review_batch_004,page:https://docs.python.org/3/library/stdtypes.html,,,,False,[],,,False,[],
,A non-ASCII byte value can be represented in a bytes literal with an escape.,bytes literals contain ASCII characters directly; values outside ASCII use escapes.,synthetic,Python Software Foundation documentation,https://docs.python.org/3/library/stdtypes.html,python-docs:cg166b_bytes_ascii,Python Software Foundation License Version 2; retain attribution and source URL,bytes,Python,cg166b_bytes_ascii,page:https://docs.python.org/3/library/stdtypes.html,Synthetic claim candidate derived from a curated official-documentation fact; not a human annotation.,Candidate wording requires independent evidence-only review,Built-in Types,Binary Sequence Types,cg166b_bytes_ascii,pending,cg166b-cg166b_bytes_ascii-s,cg166b-cg166b_bytes_ascii-s,internal,unassigned,Supported,,,,pending,,,,,,,,,,,,,,review_batch_005,page:https://docs.python.org/3/library/stdtypes.html,,,,False,[],,,False,[],
,A chained comparison always evaluates its final expression even when the first comparison is false.,"In a chained comparison such as x < y <= z, y is evaluated only once.",synthetic,Python Software Foundation documentation,https://docs.python.org/3/library/stdtypes.html,python-docs:cg166b_chain_compare,Python Software Foundation License Version 2; retain attribution and source URL,comparisons,Python,cg166b_chain_compare,page:https://docs.python.org/3/library/stdtypes.html,Synthetic claim candidate derived from a curated official-documentation fact; not a human annotation.,Candidate wording requires independent evidence-only review,Built-in Types,Comparisons,cg166b_chain_compare,pending,cg166b-cg166b_chain_compare-i,cg166b-cg166b_chain_compare-i,internal,unassigned,Insufficient Evidence,,,,pending,,,,,,,,,,,,,,review_batch_005,page:https://docs.python.org/3/library/stdtypes.html,,,,False,[],,,False,[],
,Python evaluates the middle expression once in a chained comparison.,"In a chained comparison such as x < y <= z, y is evaluated only once.",synthetic,Python Software Foundation documentation,https://docs.python.org/3/library/stdtypes.html,python-docs:cg166b_chain_compare,Python Software Foundation License Version 2; retain attribution and source URL,comparisons,Python,cg166b_chain_compare,page:https://docs.python.org/3/library/stdtypes.html,Synthetic claim candidate derived from a curated official-documentation fact; not a human annotation.,Candidate wording requires independent evidence-only review,Built-in Types,Comparisons,cg166b_chain_compare,pending,cg166b-cg166b_chain_compare-s,cg166b-cg166b_chain_compare-s,internal,unassigned,Supported,,,,pending,,,,,,,,,,,,,,review_batch_005,page:https://docs.python.org/3/library/stdtypes.html,,,,False,[],,,False,[],
,A DictReader without fieldnames returns the first row both as keys and as a data record.,"If fieldnames is omitted, DictReader uses the first row as field names and omits that row from results.",synthetic,Python Software Foundation documentation,https://docs.python.org/3/library/csv.html,python-docs:cg166b_csv_dictreader_headers,Python Software Foundation License Version 2; retain attribution and source URL,standard library: csv,Python,cg166b_csv_dictreader_headers,page:https://docs.python.org/3/library/csv.html,Synthetic claim candidate derived from a curated official-documentation fact; not a human annotation.,Candidate wording requires independent evidence-only review,CSV File Reading and Writing,DictReader,cg166b_csv_dictreader_headers,pending,cg166b-cg166b_csv_dictreader_headers-c,cg166b-cg166b_csv_dictreader_headers-c,external,unassigned,Contradicted,,,,pending,,,,,,,,,,,,,,external_review_pool,page:https://docs.python.org/3/library/csv.html,,,,False,[],,,False,[],
,DictReader automatically normalizes header spelling and capitalization.,"If fieldnames is omitted, DictReader uses the first row as field names and omits that row from results.",synthetic,Python Software Foundation documentation,https://docs.python.org/3/library/csv.html,python-docs:cg166b_csv_dictreader_headers,Python Software Foundation License Version 2; retain attribution and source URL,standard library: csv,Python,cg166b_csv_dictreader_headers,page:https://docs.python.org/3/library/csv.html,Synthetic claim candidate derived from a curated official-documentation fact; not a human annotation.,Candidate wording requires independent evidence-only review,CSV File Reading and Writing,DictReader,cg166b_csv_dictreader_headers,pending,cg166b-cg166b_csv_dictreader_headers-i,cg166b-cg166b_csv_dictreader_headers-i,external,unassigned,Insufficient Evidence,,,,pending,,,,,,,,,,,,,,external_review_pool,page:https://docs.python.org/3/library/csv.html,,,,False,[],,,False,[],
,A default DictReader consumes the first row as field names.,"If fieldnames is omitted, DictReader uses the first row as field names and omits that row from results.",synthetic,Python Software Foundation documentation,https://docs.python.org/3/library/csv.html,python-docs:cg166b_csv_dictreader_headers,Python Software Foundation License Version 2; retain attribution and source URL,standard library: csv,Python,cg166b_csv_dictreader_headers,page:https://docs.python.org/3/library/csv.html,Synthetic claim candidate derived from a curated official-documentation fact; not a human annotation.,Candidate wording requires independent evidence-only review,CSV File Reading and Writing,DictReader,cg166b_csv_dictreader_headers,pending,cg166b-cg166b_csv_dictreader_headers-s,cg166b-cg166b_csv_dictreader_headers-s,external,unassigned,Supported,,,,pending,,,,,,,,,,,,,,external_review_pool,page:https://docs.python.org/3/library/csv.html,,,,False,[],,,False,[],
,"The csv module requires text files to be opened with newline='
'.",CSV files should be opened with newline='' so embedded newlines are handled correctly.,synthetic,Python Software Foundation documentation,https://docs.python.org/3/library/csv.html,python-docs:cg166b_csv_newline,Python Software Foundation License Version 2; retain attribution and source URL,standard library: csv,Python,cg166b_csv_newline,page:https://docs.python.org/3/library/csv.html,Synthetic claim candidate derived from a curated official-documentation fact; not a human annotation.,Candidate wording requires independent evidence-only review,CSV File Reading and Writing,Examples,cg166b_csv_newline,pending,cg166b-cg166b_csv_newline-c,cg166b-cg166b_csv_newline-c,external,unassigned,Contradicted,,,,pending,,,,,,,,,,,,,,external_review_pool,page:https://docs.python.org/3/library/csv.html,,,,False,[],,,False,[],
,Using newline='' guarantees a particular newline convention in every external CSV producer.,CSV files should be opened with newline='' so embedded newlines are handled correctly.,synthetic,Python Software Foundation documentation,https://docs.python.org/3/library/csv.html,python-docs:cg166b_csv_newline,Python Software Foundation License Version 2; retain attribution and source URL,standard library: csv,Python,cg166b_csv_newline,page:https://docs.python.org/3/library/csv.html,Synthetic claim candidate derived from a curated official-documentation fact; not a human annotation.,Candidate wording requires independent evidence-only review,CSV File Reading and Writing,Examples,cg166b_csv_newline,pending,cg166b-cg166b_csv_newline-i,cg166b-cg166b_csv_newline-i,external,unassigned,Insufficient Evidence,,,,pending,,,,,,,,,,,,,,external_review_pool,page:https://docs.python.org/3/library/csv.html,,,,False,[],,,False,[],
,The csv documentation recommends opening file objects with newline=''.,CSV files should be opened with newline='' so embedded newlines are handled correctly.,synthetic,Python Software Foundation documentation,https://docs.python.org/3/library/csv.html,python-docs:cg166b_csv_newline,Python Software Foundation License Version 2; retain attribution and source URL,standard library: csv,Python,cg166b_csv_newline,page:https://docs.python.org/3/library/csv.html,Synthetic claim candidate derived from a curated official-documentation fact; not a human annotation.,Candidate wording requires independent evidence-only review,CSV File Reading and Writing,Examples,cg166b_csv_newline,pending,cg166b-cg166b_csv_newline-s,cg166b-cg166b_csv_newline-s,external,unassigned,Supported,,,,pending,,,,,,,,,,,,,,external_review_pool,page:https://docs.python.org/3/library/csv.html,,,,False,[],,,False,[],
,csv.writer writes None as the literal text 'None'.,"csv.writer writes None as an empty string, which is not a reversible transformation.",synthetic,Python Software Foundation documentation,https://docs.python.org/3/library/csv.html,python-docs:cg166b_csv_none_write,Python Software Foundation License Version 2; retain attribution and source URL,standard library: csv,Python,cg166b_csv_none_write,page:https://docs.python.org/3/library/csv.html,Synthetic claim candidate derived from a curated official-documentation fact; not a human annotation.,Candidate wording requires independent evidence-only review,CSV File Reading and Writing,csv.writer,cg166b_csv_none_write,pending,cg166b-cg166b_csv_none_write-c,cg166b-cg166b_csv_none_write-c,external,unassigned,Contradicted,,,,pending,,,,,,,,,,,,,,external_review_pool,page:https://docs.python.org/3/library/csv.html,,,,False,[],,,False,[],
,A CSV round trip can always distinguish a Python None from an empty string.,"csv.writer writes None as an empty string, which is not a reversible transformation.",synthetic,Python Software Foundation documentation,https://docs.python.org/3/library/csv.html,python-docs:cg166b_csv_none_write,Python Software Foundation License Version 2; retain attribution and source URL,standard library: csv,Python,cg166b_csv_none_write,page:https://docs.python.org/3/library/csv.html,Synthetic claim candidate derived from a curated official-documentation fact; not a human annotation.,Candidate wording requires independent evidence-only review,CSV File Reading and Writing,csv.writer,cg166b_csv_none_write,pending,cg166b-cg166b_csv_none_write-i,cg166b-cg166b_csv_none_write-i,external,unassigned,Insufficient Evidence,,,,pending,,,,,,,,,,,,,,external_review_pool,page:https://docs.python.org/3/library/csv.html,,,,False,[],,,False,[],
,Writing None with csv.writer produces an empty string field.,"csv.writer writes None as an empty string, which is not a reversible transformation.",synthetic,Python Software Foundation documentation,https://docs.python.org/3/library/csv.html,python-docs:cg166b_csv_none_write,Python Software Foundation License Version 2; retain attribution and source URL,standard library: csv,Python,cg166b_csv_none_write,page:https://docs.python.org/3/library/csv.html,Synthetic claim candidate derived from a curated official-documentation fact; not a human annotation.,Candidate wording requires independent evidence-only review,CSV File Reading and Writing,csv.writer,cg166b_csv_none_write,pending,cg166b-cg166b_csv_none_write-s,cg166b-cg166b_csv_none_write-s,external,unassigned,Supported,,,,pending,,,,,,,,,,,,,,external_review_pool,page:https://docs.python.org/3/library/csv.html,,,,False,[],,,False,[],
,"With QUOTE_NONNUMERIC, quoted fields are converted to float and unquoted fields remain strings.",QUOTE_NONNUMERIC makes the reader convert unquoted fields to float.,synthetic,Python Software Foundation documentation,https://docs.python.org/3/library/csv.html,python-docs:cg166b_csv_quote_nonnum,Python Software Foundation License Version 2; retain attribution and source URL,standard library: csv,Python,cg166b_csv_quote_nonnum,page:https://docs.python.org/3/library/csv.html,Synthetic claim candidate derived from a curated official-documentation fact; not a human annotation.,Candidate wording requires independent evidence-only review,CSV File Reading and Writing,QUOTE_NONNUMERIC,cg166b_csv_quote_nonnum,pending,cg166b-cg166b_csv_quote_nonnum-c,cg166b-cg166b_csv_quote_nonnum-c,external,unassigned,Contradicted,,,,pending,,,,,,,,,,,,,,external_review_pool,page:https://docs.python.org/3/library/csv.html,,,,False,[],,,False,[],
,"QUOTE_NONNUMERIC can convert every numeric-looking object representation, including all bool and Fraction values.",QUOTE_NONNUMERIC makes the reader convert unquoted fields to float.,synthetic,Python Software Foundation documentation,https://docs.python.org/3/library/csv.html,python-docs:cg166b_csv_quote_nonnum,Python Software Foundation License Version 2; retain attribution and source URL,standard library: csv,Python,cg166b_csv_quote_nonnum,page:https://docs.python.org/3/library/csv.html,Synthetic claim candidate derived from a curated official-documentation fact; not a human annotation.,Candidate wording requires independent evidence-only review,CSV File Reading and Writing,QUOTE_NONNUMERIC,cg166b_csv_quote_nonnum,pending,cg166b-cg166b_csv_quote_nonnum-i,cg166b-cg166b_csv_quote_nonnum-i,external,unassigned,Insufficient Evidence,,,,pending,,,,,,,,,,,,,,external_review_pool,page:https://docs.python.org/3/library/csv.html,,,,False,[],,,False,[],
,"With QUOTE_NONNUMERIC, unquoted CSV fields are converted to float by the reader.",QUOTE_NONNUMERIC makes the reader convert unquoted fields to float.,synthetic,Python Software Foundation documentation,https://docs.python.org/3/library/csv.html,python-docs:cg166b_csv_quote_nonnum,Python Software Foundation License Version 2; retain attribution and source URL,standard library: csv,Python,cg166b_csv_quote_nonnum,page:https://docs.python.org/3/library/csv.html,Synthetic claim candidate derived from a curated official-documentation fact; not a human annotation.,Candidate wording requires independent evidence-only review,CSV File Reading and Writing,QUOTE_NONNUMERIC,cg166b_csv_quote_nonnum,pending,cg166b-cg166b_csv_quote_nonnum-s,cg166b-cg166b_csv_quote_nonnum-s,external,unassigned,Supported,,,,pending,,,,,,,,,,,,,,external_review_pool,page:https://docs.python.org/3/library/csv.html,,,,False,[],,,False,[],
,csv.reader automatically converts every field to its most likely Python type.,csv.reader returns each row as a list of strings unless QUOTE_NONNUMERIC is enabled.,synthetic,Python Software Foundation documentation,https://docs.python.org/3/library/csv.html,python-docs:cg166b_csv_reader_strings,Python Software Foundation License Version 2; retain attribution and source URL,standard library: csv,Python,cg166b_csv_reader_strings,page:https://docs.python.org/3/library/csv.html,Synthetic claim candidate derived from a curated official-documentation fact; not a human annotation.,Candidate wording requires independent evidence-only review,CSV File Reading and Writing,csv.reader,cg166b_csv_reader_strings,pending,cg166b-cg166b_csv_reader_strings-c,cg166b-cg166b_csv_reader_strings-c,external,unassigned,Contradicted,,,,pending,,,,,,,,,,,,,,external_review_pool,page:https://docs.python.org/3/library/csv.html,,,,False,[],,,False,[],
,csv.reader preserves the physical line boundaries of records containing quoted newlines.,csv.reader returns each row as a list of strings unless QUOTE_NONNUMERIC is enabled.,synthetic,Python Software Foundation documentation,https://docs.python.org/3/library/csv.html,python-docs:cg166b_csv_reader_strings,Python Software Foundation License Version 2; retain attribution and source URL,standard library: csv,Python,cg166b_csv_reader_strings,page:https://docs.python.org/3/library/csv.html,Synthetic claim candidate derived from a curated official-documentation fact; not a human annotation.,Candidate wording requires independent evidence-only review,CSV File Reading and Writing,csv.reader,cg166b_csv_reader_strings,pending,cg166b-cg166b_csv_reader_strings-i,cg166b-cg166b_csv_reader_strings-i,external,unassigned,Insufficient Evidence,,,,pending,,,,,,,,,,,,,,external_review_pool,page:https://docs.python.org/3/library/csv.html,,,,False,[],,,False,[],
,"By default, fields returned by csv.reader are strings.",csv.reader returns each row as a list of strings unless QUOTE_NONNUMERIC is enabled.,synthetic,Python Software Foundation documentation,https://docs.python.org/3/library/csv.html,python-docs:cg166b_csv_reader_strings,Python Software Foundation License Version 2; retain attribution and source URL,standard library: csv,Python,cg166b_csv_reader_strings,page:https://docs.python.org/3/library/csv.html,Synthetic claim candidate derived from a curated official-documentation fact; not a human annotation.,Candidate wording requires independent evidence-only review,CSV File Reading and Writing,csv.reader,cg166b_csv_reader_strings,pending,cg166b-cg166b_csv_reader_strings-s,cg166b-cg166b_csv_reader_strings-s,external,unassigned,Supported,,,,pending,,,,,,,,,,,,,,external_review_pool,page:https://docs.python.org/3/library/csv.html,,,,False,[],,,False,[],
,csv.Sniffer.has_header guarantees correct header detection for arbitrary CSV data.,Sniffer.has_header uses a rough heuristic and may produce false positives and false negatives.,synthetic,Python Software Foundation documentation,https://docs.python.org/3/library/csv.html,python-docs:cg166b_csv_sniffer_heuristic,Python Software Foundation License Version 2; retain attribution and source URL,standard library: csv,Python,cg166b_csv_sniffer_heuristic,page:https://docs.python.org/3/library/csv.html,Synthetic claim candidate derived from a curated official-documentation fact; not a human annotation.,Candidate wording requires independent evidence-only review,CSV File Reading and Writing,Sniffer,cg166b_csv_sniffer_heuristic,pending,cg166b-cg166b_csv_sniffer_heuristic-c,cg166b-cg166b_csv_sniffer_heuristic-c,external,unassigned,Contradicted,,,,pending,,,,,,,,,,,,,,external_review_pool,page:https://docs.python.org/3/library/csv.html,,,,False,[],,,False,[],
,The heuristic's accuracy on a particular private dataset is specified by the documentation.,Sniffer.has_header uses a rough heuristic and may produce false positives and false negatives.,synthetic,Python Software Foundation documentation,https://docs.python.org/3/library/csv.html,python-docs:cg166b_csv_sniffer_heuristic,Python Software Foundation License Version 2; retain attribution and source URL,standard library: csv,Python,cg166b_csv_sniffer_heuristic,page:https://docs.python.org/3/library/csv.html,Synthetic claim candidate derived from a curated official-documentation fact; not a human annotation.,Candidate wording requires independent evidence-only review,CSV File Reading and Writing,Sniffer,cg166b_csv_sniffer_heuristic,pending,cg166b-cg166b_csv_sniffer_heuristic-i,cg166b-cg166b_csv_sniffer_heuristic-i,external,unassigned,Insufficient Evidence,,,,pending,,,,,,,,,,,,,,external_review_pool,page:https://docs.python.org/3/library/csv.html,,,,False,[],,,False,[],
,csv.Sniffer.has_header is heuristic and can misclassify a sample.,Sniffer.has_header uses a rough heuristic and may produce false positives and false negatives.,synthetic,Python Software Foundation documentation,https://docs.python.org/3/library/csv.html,python-docs:cg166b_csv_sniffer_heuristic,Python Software Foundation License Version 2; retain attribution and source URL,standard library: csv,Python,cg166b_csv_sniffer_heuristic,page:https://docs.python.org/3/library/csv.html,Synthetic claim candidate derived from a curated official-documentation fact; not a human annotation.,Candidate wording requires independent evidence-only review,CSV File Reading and Writing,Sniffer,cg166b_csv_sniffer_heuristic,pending,cg166b-cg166b_csv_sniffer_heuristic-s,cg166b-cg166b_csv_sniffer_heuristic-s,external,unassigned,Supported,,,,pending,,,,,,,,,,,,,,external_review_pool,page:https://docs.python.org/3/library/csv.html,,,,False,[],,,False,[],
,The dataclass decorator requires every field to have a default value.,The dataclass decorator adds generated methods such as __init__ based on annotated fields.,synthetic,Python Software Foundation documentation,https://docs.python.org/3/library/dataclasses.html,python-docs:cg166b_dataclass_fields,Python Software Foundation License Version 2; retain attribution and source URL,standard library: dataclasses,Python,cg166b_dataclass_fields,page:https://docs.python.org/3/library/dataclasses.html,Synthetic claim candidate derived from a curated official-documentation fact; not a human annotation.,Candidate wording requires independent evidence-only review,Data Classes,Module-level decorators and functions,cg166b_dataclass_fields,pending,cg166b-cg166b_dataclass_fields-c,cg166b-cg166b_dataclass_fields-c,internal,unassigned,Contradicted,,,,pending,,,,,,,,,,,,,,review_batch_003,page:https://docs.python.org/3/library/dataclasses.html,,,,False,[],,,False,[],
,The dataclass decorator validates all runtime assignments against field annotations.,The dataclass decorator adds generated methods such as __init__ based on annotated fields.,synthetic,Python Software Foundation documentation,https://docs.python.org/3/library/dataclasses.html,python-docs:cg166b_dataclass_fields,Python Software Foundation License Version 2; retain attribution and source URL,standard library: dataclasses,Python,cg166b_dataclass_fields,page:https://docs.python.org/3/library/dataclasses.html,Synthetic claim candidate derived from a curated official-documentation fact; not a human annotation.,Candidate wording requires independent evidence-only review,Data Classes,Module-level decorators and functions,cg166b_dataclass_fields,pending,cg166b-cg166b_dataclass_fields-i,cg166b-cg166b_dataclass_fields-i,internal,unassigned,Insufficient Evidence,,,,pending,,,,,,,,,,,,,,review_batch_004,page:https://docs.python.org/3/library/dataclasses.html,,,,False,[],,,False,[],
,Every naive datetime is implicitly interpreted as UTC by the datetime module.,A naive datetime lacks sufficient timezone information to locate itself unambiguously relative to other datetimes.,synthetic,Python Software Foundation documentation,https://docs.python.org/3/library/datetime.html,python-docs:cg166b_datetime_naive,Python Software Foundation License Version 2; retain attribution and source URL,standard library: datetime,Python,cg166b_datetime_naive,page:https://docs.python.org/3/library/datetime.html,Synthetic claim candidate derived from a curated official-documentation fact; not a human annotation.,Candidate wording requires independent evidence-only review,Basic date and time types,Aware and Naive Objects,cg166b_datetime_naive,pending,cg166b-cg166b_datetime_naive-c,cg166b-cg166b_datetime_naive-c,external,unassigned,Contradicted,,,,pending,,,,,,,,,,,,,,external_review_pool,page:https://docs.python.org/3/library/datetime.html,,,,False,[],,,False,[],
,A naive datetime's intended timezone can be inferred from its numeric fields alone.,A naive datetime lacks sufficient timezone information to locate itself unambiguously relative to other datetimes.,synthetic,Python Software Foundation documentation,https://docs.python.org/3/library/datetime.html,python-docs:cg166b_datetime_naive,Python Software Foundation License Version 2; retain attribution and source URL,standard library: datetime,Python,cg166b_datetime_naive,page:https://docs.python.org/3/library/datetime.html,Synthetic claim candidate derived from a curated official-documentation fact; not a human annotation.,Candidate wording requires independent evidence-only review,Basic date and time types,Aware and Naive Objects,cg166b_datetime_naive,pending,cg166b-cg166b_datetime_naive-i,cg166b-cg166b_datetime_naive-i,external,unassigned,Insufficient Evidence,,,,pending,,,,,,,,,,,,,,external_review_pool,page:https://docs.python.org/3/library/datetime.html,,,,False,[],,,False,[],
,A naive datetime does not contain enough timezone information to identify an unambiguous moment relative to other datetimes.,A naive datetime lacks sufficient timezone information to locate itself unambiguously relative to other datetimes.,synthetic,Python Software Foundation documentation,https://docs.python.org/3/library/datetime.html,python-docs:cg166b_datetime_naive,Python Software Foundation License Version 2; retain attribution and source URL,standard library: datetime,Python,cg166b_datetime_naive,page:https://docs.python.org/3/library/datetime.html,Synthetic claim candidate derived from a curated official-documentation fact; not a human annotation.,Candidate wording requires independent evidence-only review,Basic date and time types,Aware and Naive Objects,cg166b_datetime_naive,pending,cg166b-cg166b_datetime_naive-s,cg166b-cg166b_datetime_naive-s,external,unassigned,Supported,,,,pending,,,,,,,,,,,,,,external_review_pool,page:https://docs.python.org/3/library/datetime.html,,,,False,[],,,False,[],
,datetime.strptime formats a datetime into a string.,strptime parses a string according to a format string and returns a datetime object.,synthetic,Python Software Foundation documentation,https://docs.python.org/3/library/datetime.html,python-docs:cg166b_datetime_strptime,Python Software Foundation License Version 2; retain attribution and source URL,standard library: datetime,Python,cg166b_datetime_strptime,page:https://docs.python.org/3/library/datetime.html,Synthetic claim candidate derived from a curated official-documentation fact; not a human annotation.,Candidate wording requires independent evidence-only review,Basic date and time types,strftime() and strptime() Behavior,cg166b_datetime_strptime,pending,cg166b-cg166b_datetime_strptime-c,cg166b-cg166b_datetime_strptime-c,external,unassigned,Contradicted,,,,pending,,,,,,,,,,,,,,external_review_pool,page:https://docs.python.org/3/library/datetime.html,,,,False,[],,,False,[],
,Every strptime format directive has identical support across all platforms.,strptime parses a string according to a format string and returns a datetime object.,synthetic,Python Software Foundation documentation,https://docs.python.org/3/library/datetime.html,python-docs:cg166b_datetime_strptime,Python Software Foundation License Version 2; retain attribution and source URL,standard library: datetime,Python,cg166b_datetime_strptime,page:https://docs.python.org/3/library/datetime.html,Synthetic claim candidate derived from a curated official-documentation fact; not a human annotation.,Candidate wording requires independent evidence-only review,Basic date and time types,strftime() and strptime() Behavior,cg166b_datetime_strptime,pending,cg166b-cg166b_datetime_strptime-i,cg166b-cg166b_datetime_strptime-i,external,unassigned,Insufficient Evidence,,,,pending,,,,,,,,,,,,,,external_review_pool,page:https://docs.python.org/3/library/datetime.html,,,,False,[],,,False,[],
,datetime.strptime uses a format string to parse a date/time string.,strptime parses a string according to a format string and returns a datetime object.,synthetic,Python Software Foundation documentation,https://docs.python.org/3/library/datetime.html,python-docs:cg166b_datetime_strptime,Python Software Foundation License Version 2; retain attribution and source URL,standard library: datetime,Python,cg166b_datetime_strptime,page:https://docs.python.org/3/library/datetime.html,Synthetic claim candidate derived from a curated official-documentation fact; not a human annotation.,Candidate wording requires independent evidence-only review,Basic date and time types,strftime() and strptime() Behavior,cg166b_datetime_strptime,pending,cg166b-cg166b_datetime_strptime-s,cg166b-cg166b_datetime_strptime-s,external,unassigned,Supported,,,,pending,,,,,,,,,,,,,,external_review_pool,page:https://docs.python.org/3/library/datetime.html,,,,False,[],,,False,[],
,A timedelta stores a timezone or daylight-saving rule for its duration.,"A timedelta represents a duration expressed as days, seconds, and microseconds.",synthetic,Python Software Foundation documentation,https://docs.python.org/3/library/datetime.html,python-docs:cg166b_datetime_timedelta,Python Software Foundation License Version 2; retain attribution and source URL,standard library: datetime,Python,cg166b_datetime_timedelta,page:https://docs.python.org/3/library/datetime.html,Synthetic claim candidate derived from a curated official-documentation fact; not a human annotation.,Candidate wording requires independent evidence-only review,Basic date and time types,timedelta Objects,cg166b_datetime_timedelta,pending,cg166b-cg166b_datetime_timedelta-c,cg166b-cg166b_datetime_timedelta-c,external,unassigned,Contradicted,,,,pending,,,,,,,,,,,,,,external_review_pool,page:https://docs.python.org/3/library/datetime.html,,,,False,[],,,False,[],
,Adding one day to a datetime always corresponds to exactly 24 elapsed hours in every timezone transition.,"A timedelta represents a duration expressed as days, seconds, and microseconds.",synthetic,Python Software Foundation documentation,https://docs.python.org/3/library/datetime.html,python-docs:cg166b_datetime_timedelta,Python Software Foundation License Version 2; retain attribution and source URL,standard library: datetime,Python,cg166b_datetime_timedelta,page:https://docs.python.org/3/library/datetime.html,Synthetic claim candidate derived from a curated official-documentation fact; not a human annotation.,Candidate wording requires independent evidence-only review,Basic date and time types,timedelta Objects,cg166b_datetime_timedelta,pending,cg166b-cg166b_datetime_timedelta-i,cg166b-cg166b_datetime_timedelta-i,external,unassigned,Insufficient Evidence,,,,pending,,,,,,,,,,,,,,external_review_pool,page:https://docs.python.org/3/library/datetime.html,,,,False,[],,,False,[],
,datetime.timedelta represents a duration rather than a calendar date.,"A timedelta represents a duration expressed as days, seconds, and microseconds.",synthetic,Python Software Foundation documentation,https://docs.python.org/3/library/datetime.html,python-docs:cg166b_datetime_timedelta,Python Software Foundation License Version 2; retain attribution and source URL,standard library: datetime,Python,cg166b_datetime_timedelta,page:https://docs.python.org/3/library/datetime.html,Synthetic claim candidate derived from a curated official-documentation fact; not a human annotation.,Candidate wording requires independent evidence-only review,Basic date and time types,timedelta Objects,cg166b_datetime_timedelta,pending,cg166b-cg166b_datetime_timedelta-s,cg166b-cg166b_datetime_timedelta-s,external,unassigned,Supported,,,,pending,,,,,,,,,,,,,,external_review_pool,page:https://docs.python.org/3/library/datetime.html,,,,False,[],,,False,[],
,Decimal operations always use unlimited precision and ignore the active context.,"A decimal context controls precision, rounding, exponent limits, flags, and traps.",synthetic,Python Software Foundation documentation,https://docs.python.org/3/library/decimal.html,python-docs:cg166b_decimal_context,Python Software Foundation License Version 2; retain attribution and source URL,standard library: decimal,Python,cg166b_decimal_context,page:https://docs.python.org/3/library/decimal.html,Synthetic claim candidate derived from a curated official-documentation fact; not a human annotation.,Candidate wording requires independent evidence-only review,Decimal fixed-point and floating-point arithmetic,Context Objects,cg166b_decimal_context,pending,cg166b-cg166b_decimal_context-c,cg166b-cg166b_decimal_context-c,external,unassigned,Contradicted,,,,pending,,,,,,,,,,,,,,external_review_pool,page:https://docs.python.org/3/library/decimal.html,,,,False,[],,,False,[],
,The active decimal context is shared globally across every thread and task.,"A decimal context controls precision, rounding, exponent limits, flags, and traps.",synthetic,Python Software Foundation documentation,https://docs.python.org/3/library/decimal.html,python-docs:cg166b_decimal_context,Python Software Foundation License Version 2; retain attribution and source URL,standard library: decimal,Python,cg166b_decimal_context,page:https://docs.python.org/3/library/decimal.html,Synthetic claim candidate derived from a curated official-documentation fact; not a human annotation.,Candidate wording requires independent evidence-only review,Decimal fixed-point and floating-point arithmetic,Context Objects,cg166b_decimal_context,pending,cg166b-cg166b_decimal_context-i,cg166b-cg166b_decimal_context-i,external,unassigned,Insufficient Evidence,,,,pending,,,,,,,,,,,,,,external_review_pool,page:https://docs.python.org/3/library/decimal.html,,,,False,[],,,False,[],
,Decimal arithmetic behavior can be affected by the active context's precision and rounding settings.,"A decimal context controls precision, rounding, exponent limits, flags, and traps.",synthetic,Python Software Foundation documentation,https://docs.python.org/3/library/decimal.html,python-docs:cg166b_decimal_context,Python Software Foundation License Version 2; retain attribution and source URL,standard library: decimal,Python,cg166b_decimal_context,page:https://docs.python.org/3/library/decimal.html,Synthetic claim candidate derived from a curated official-documentation fact; not a human annotation.,Candidate wording requires independent evidence-only review,Decimal fixed-point and floating-point arithmetic,Context Objects,cg166b_decimal_context,pending,cg166b-cg166b_decimal_context-s,cg166b-cg166b_decimal_context-s,external,unassigned,Supported,,,,pending,,,,,,,,,,,,,,external_review_pool,page:https://docs.python.org/3/library/decimal.html,,,,False,[],,,False,[],
,Decimal(0.1) is guaranteed to equal Decimal('0.1').,Decimal constructed from a float preserves the exact binary floating-point value as a decimal expansion.,synthetic,Python Software Foundation documentation,https://docs.python.org/3/library/decimal.html,python-docs:cg166b_decimal_exact_input,Python Software Foundation License Version 2; retain attribution and source URL,standard library: decimal,Python,cg166b_decimal_exact_input,page:https://docs.python.org/3/library/decimal.html,Synthetic claim candidate derived from a curated official-documentation fact; not a human annotation.,Candidate wording requires independent evidence-only review,Decimal fixed-point and floating-point arithmetic,Decimal objects,cg166b_decimal_exact_input,pending,cg166b-cg166b_decimal_exact_input-c,cg166b-cg166b_decimal_exact_input-c,external,unassigned,Contradicted,,,,pending,,,,,,,,,,,,,,external_review_pool,page:https://docs.python.org/3/library/decimal.html,,,,False,[],,,False,[],
,Every Decimal operation is exact regardless of context precision.,Decimal constructed from a float preserves the exact binary floating-point value as a decimal expansion.,synthetic,Python Software Foundation documentation,https://docs.python.org/3/library/decimal.html,python-docs:cg166b_decimal_exact_input,Python Software Foundation License Version 2; retain attribution and source URL,standard library: decimal,Python,cg166b_decimal_exact_input,page:https://docs.python.org/3/library/decimal.html,Synthetic claim candidate derived from a curated official-documentation fact; not a human annotation.,Candidate wording requires independent evidence-only review,Decimal fixed-point and floating-point arithmetic,Decimal objects,cg166b_decimal_exact_input,pending,cg166b-cg166b_decimal_exact_input-i,cg166b-cg166b_decimal_exact_input-i,external,unassigned,Insufficient Evidence,,,,pending,,,,,,,,,,,,,,external_review_pool,page:https://docs.python.org/3/library/decimal.html,,,,False,[],,,False,[],
,"Decimal(0.1) represents the exact binary float value passed to the constructor, not the short decimal text '0.1'.",Decimal constructed from a float preserves the exact binary floating-point value as a decimal expansion.,synthetic,Python Software Foundation documentation,https://docs.python.org/3/library/decimal.html,python-docs:cg166b_decimal_exact_input,Python Software Foundation License Version 2; retain attribution and source URL,standard library: decimal,Python,cg166b_decimal_exact_input,page:https://docs.python.org/3/library/decimal.html,Synthetic claim candidate derived from a curated official-documentation fact; not a human annotation.,Candidate wording requires independent evidence-only review,Decimal fixed-point and floating-point arithmetic,Decimal objects,cg166b_decimal_exact_input,pending,cg166b-cg166b_decimal_exact_input-s,cg166b-cg166b_decimal_exact_input-s,external,unassigned,Supported,,,,pending,,,,,,,,,,,,,,external_review_pool,page:https://docs.python.org/3/library/decimal.html,,,,False,[],,,False,[],
,Enum.auto() begins with integer 0 by default.,"For Enum, auto generates increasing integer values beginning with 1.",synthetic,Python Software Foundation documentation,https://docs.python.org/3/library/enum.html,python-docs:cg166b_enum_auto,Python Software Foundation License Version 2; retain attribution and source URL,standard library: enum,Python,cg166b_enum_auto,page:https://docs.python.org/3/library/enum.html,Synthetic claim candidate derived from a curated official-documentation fact; not a human annotation.,Candidate wording requires independent evidence-only review,Support for enumerations,auto,cg166b_enum_auto,pending,cg166b-cg166b_enum_auto-c,cg166b-cg166b_enum_auto-c,external,unassigned,Contradicted,,,,pending,,,,,,,,,,,,,,external_review_pool,page:https://docs.python.org/3/library/enum.html,,,,False,[],,,False,[],
,The numeric values generated by auto are stable when members are reordered.,"For Enum, auto generates increasing integer values beginning with 1.",synthetic,Python Software Foundation documentation,https://docs.python.org/3/library/enum.html,python-docs:cg166b_enum_auto,Python Software Foundation License Version 2; retain attribution and source URL,standard library: enum,Python,cg166b_enum_auto,page:https://docs.python.org/3/library/enum.html,Synthetic claim candidate derived from a curated official-documentation fact; not a human annotation.,Candidate wording requires independent evidence-only review,Support for enumerations,auto,cg166b_enum_auto,pending,cg166b-cg166b_enum_auto-i,cg166b-cg166b_enum_auto-i,external,unassigned,Insufficient Evidence,,,,pending,,,,,,,,,,,,,,external_review_pool,page:https://docs.python.org/3/library/enum.html,,,,False,[],,,False,[],
,The documented default auto sequence for Enum begins at 1 and increases.,"For Enum, auto generates increasing integer values beginning with 1.",synthetic,Python Software Foundation documentation,https://docs.python.org/3/library/enum.html,python-docs:cg166b_enum_auto,Python Software Foundation License Version 2; retain attribution and source URL,standard library: enum,Python,cg166b_enum_auto,page:https://docs.python.org/3/library/enum.html,Synthetic claim candidate derived from a curated official-documentation fact; not a human annotation.,Candidate wording requires independent evidence-only review,Support for enumerations,auto,cg166b_enum_auto,pending,cg166b-cg166b_enum_auto-s,cg166b-cg166b_enum_auto-s,external,unassigned,Supported,,,,pending,,,,,,,,,,,,,,external_review_pool,page:https://docs.python.org/3/library/enum.html,,,,False,[],,,False,[],
,Enum iteration yields aliases as additional members in alphabetical order.,Iteration over an Enum yields canonical non-alias members in definition order.,synthetic,Python Software Foundation documentation,https://docs.python.org/3/library/enum.html,python-docs:cg166b_enum_iteration,Python Software Foundation License Version 2; retain attribution and source URL,standard library: enum,Python,cg166b_enum_iteration,page:https://docs.python.org/3/library/enum.html,Synthetic claim candidate derived from a curated official-documentation fact; not a human annotation.,Candidate wording requires independent evidence-only review,Support for enumerations,Enum,cg166b_enum_iteration,pending,cg166b-cg166b_enum_iteration-c,cg166b-cg166b_enum_iteration-c,external,unassigned,Contradicted,,,,pending,,,,,,,,,,,,,,external_review_pool,page:https://docs.python.org/3/library/enum.html,,,,False,[],,,False,[],
,Enum member iteration order remains unchanged after arbitrary runtime mutation of the class namespace.,Iteration over an Enum yields canonical non-alias members in definition order.,synthetic,Python Software Foundation documentation,https://docs.python.org/3/library/enum.html,python-docs:cg166b_enum_iteration,Python Software Foundation License Version 2; retain attribution and source URL,standard library: enum,Python,cg166b_enum_iteration,page:https://docs.python.org/3/library/enum.html,Synthetic claim candidate derived from a curated official-documentation fact; not a human annotation.,Candidate wording requires independent evidence-only review,Support for enumerations,Enum,cg166b_enum_iteration,pending,cg166b-cg166b_enum_iteration-i,cg166b-cg166b_enum_iteration-i,external,unassigned,Insufficient Evidence,,,,pending,,,,,,,,,,,,,,external_review_pool,page:https://docs.python.org/3/library/enum.html,,,,False,[],,,False,[],
,Iterating over an Enum skips aliases and yields canonical members in definition order.,Iteration over an Enum yields canonical non-alias members in definition order.,synthetic,Python Software Foundation documentation,https://docs.python.org/3/library/enum.html,python-docs:cg166b_enum_iteration,Python Software Foundation License Version 2; retain attribution and source URL,standard library: enum,Python,cg166b_enum_iteration,page:https://docs.python.org/3/library/enum.html,Synthetic claim candidate derived from a curated official-documentation fact; not a human annotation.,Candidate wording requires independent evidence-only review,Support for enumerations,Enum,cg166b_enum_iteration,pending,cg166b-cg166b_enum_iteration-s,cg166b-cg166b_enum_iteration-s,external,unassigned,Supported,,,,pending,,,,,,,,,,,,,,external_review_pool,page:https://docs.python.org/3/library/enum.html,,,,False,[],,,False,[],
,Enum call syntax performs name lookup while square brackets perform value lookup.,"Enum call syntax looks up a member by value, while index syntax looks it up by name.",synthetic,Python Software Foundation documentation,https://docs.python.org/3/library/enum.html,python-docs:cg166b_enum_lookup_value,Python Software Foundation License Version 2; retain attribution and source URL,standard library: enum,Python,cg166b_enum_lookup_value,page:https://docs.python.org/3/library/enum.html,Synthetic claim candidate derived from a curated official-documentation fact; not a human annotation.,Candidate wording requires independent evidence-only review,Support for enumerations,Enum,cg166b_enum_lookup_value,pending,cg166b-cg166b_enum_lookup_value-c,cg166b-cg166b_enum_lookup_value-c,external,unassigned,Contradicted,,,,pending,,,,,,,,,,,,,,external_review_pool,page:https://docs.python.org/3/library/enum.html,,,,False,[],,,False,[],
,Every Enum subclass guarantees values are unique regardless of alias declarations.,"Enum call syntax looks up a member by value, while index syntax looks it up by name.",synthetic,Python Software Foundation documentation,https://docs.python.org/3/library/enum.html,python-docs:cg166b_enum_lookup_value,Python Software Foundation License Version 2; retain attribution and source URL,standard library: enum,Python,cg166b_enum_lookup_value,page:https://docs.python.org/3/library/enum.html,Synthetic claim candidate derived from a curated official-documentation fact; not a human annotation.,Candidate wording requires independent evidence-only review,Support for enumerations,Enum,cg166b_enum_lookup_value,pending,cg166b-cg166b_enum_lookup_value-i,cg166b-cg166b_enum_lookup_value-i,external,unassigned,Insufficient Evidence,,,,pending,,,,,,,,,,,,,,external_review_pool,page:https://docs.python.org/3/library/enum.html,,,,False,[],,,False,[],
,Color(1) can perform value lookup and Color['RED'] name lookup for an Enum.,"Enum call syntax looks up a member by value, while index syntax looks it up by name.",synthetic,Python Software Foundation documentation,https://docs.python.org/3/library/enum.html,python-docs:cg166b_enum_lookup_value,Python Software Foundation License Version 2; retain attribution and source URL,standard library: enum,Python,cg166b_enum_lookup_value,page:https://docs.python.org/3/library/enum.html,Synthetic claim candidate derived from a curated official-documentation fact; not a human annotation.,Candidate wording requires independent evidence-only review,Support for enumerations,Enum,cg166b_enum_lookup_value,pending,cg166b-cg166b_enum_lookup_value-s,cg166b-cg166b_enum_lookup_value-s,external,unassigned,Supported,,,,pending,,,,,,,,,,,,,,external_review_pool,page:https://docs.python.org/3/library/enum.html,,,,False,[],,,False,[],
,int(3.9) rounds to 4.,Converting a float to int truncates by discarding the fractional part.,synthetic,Python Software Foundation documentation,https://docs.python.org/3/library/stdtypes.html,python-docs:cg166b_float_int_truncate,Python Software Foundation License Version 2; retain attribution and source URL,numeric conversions,Python,cg166b_float_int_truncate,page:https://docs.python.org/3/library/stdtypes.html,Synthetic claim candidate derived from a curated official-documentation fact; not a human annotation.,Candidate wording requires independent evidence-only review,Built-in Types,Numeric Types,cg166b_float_int_truncate,pending,cg166b-cg166b_float_int_truncate-c,cg166b-cg166b_float_int_truncate-c,internal,unassigned,Contradicted,,,,pending,,,,,,,,,,,,,,review_batch_005,page:https://docs.python.org/3/library/stdtypes.html,,,,False,[],,,False,[],
,int(3.9) discards the fractional part rather than rounding to the nearest integer.,Converting a float to int truncates by discarding the fractional part.,synthetic,Python Software Foundation documentation,https://docs.python.org/3/library/stdtypes.html,python-docs:cg166b_float_int_truncate,Python Software Foundation License Version 2; retain attribution and source URL,numeric conversions,Python,cg166b_float_int_truncate,page:https://docs.python.org/3/library/stdtypes.html,Synthetic claim candidate derived from a curated official-documentation fact; not a human annotation.,Candidate wording requires independent evidence-only review,Built-in Types,Numeric Types,cg166b_float_int_truncate,pending,cg166b-cg166b_float_int_truncate-s,cg166b-cg166b_float_int_truncate-s,internal,unassigned,Supported,,,,pending,,,,,,,,,,,,,,review_batch_002,page:https://docs.python.org/3/library/stdtypes.html,,,,False,[],,,False,[],
,The performance cost of floor division is identical for every integer magnitude.,Integer floor division is rounded toward minus infinity.,synthetic,Python Software Foundation documentation,https://docs.python.org/3/library/stdtypes.html,python-docs:cg166b_floor_negative,Python Software Foundation License Version 2; retain attribution and source URL,numeric behavior,Python,cg166b_floor_negative,page:https://docs.python.org/3/library/stdtypes.html,Synthetic claim candidate derived from a curated official-documentation fact; not a human annotation.,Candidate wording requires independent evidence-only review,Built-in Types,Numeric Types,cg166b_floor_negative,pending,cg166b-cg166b_floor_negative-i,cg166b-cg166b_floor_negative-i,internal,unassigned,Insufficient Evidence,,,,pending,,,,,,,,,,,,,,review_batch_003,page:https://docs.python.org/3/library/stdtypes.html,,,,False,[],,,False,[],
,-1 // 2 evaluates to -1.,Integer floor division is rounded toward minus infinity.,synthetic,Python Software Foundation documentation,https://docs.python.org/3/library/stdtypes.html,python-docs:cg166b_floor_negative,Python Software Foundation License Version 2; retain attribution and source URL,numeric behavior,Python,cg166b_floor_negative,page:https://docs.python.org/3/library/stdtypes.html,Synthetic claim candidate derived from a curated official-documentation fact; not a human annotation.,Candidate wording requires independent evidence-only review,Built-in Types,Numeric Types,cg166b_floor_negative,pending,cg166b-cg166b_floor_negative-s,cg166b-cg166b_floor_negative-s,internal,unassigned,Supported,,,,pending,,,,,,,,,,,,,,review_batch_006,page:https://docs.python.org/3/library/stdtypes.html,,,,False,[],,,False,[],
,Leaving an Executor context manager cancels every running task immediately.,Using an Executor as a context manager shuts it down and waits as if shutdown(wait=True) were called.,synthetic,Python Software Foundation documentation,https://docs.python.org/3/library/concurrent.futures.html,python-docs:cg166b_futures_context,Python Software Foundation License Version 2; retain attribution and source URL,standard library: concurrent.futures,Python,cg166b_futures_context,page:https://docs.python.org/3/library/concurrent.futures.html,Synthetic claim candidate derived from a curated official-documentation fact; not a human annotation.,Candidate wording requires independent evidence-only review,Launching parallel tasks,Executor Objects,cg166b_futures_context,pending,cg166b-cg166b_futures_context-c,cg166b-cg166b_futures_context-c,external,unassigned,Contradicted,,,,pending,,,,,,,,,,,,,,external_review_pool,page:https://docs.python.org/3/library/concurrent.futures.html,,,,False,[],,,False,[],
,The context manager guarantees that pending tasks will complete successfully.,Using an Executor as a context manager shuts it down and waits as if shutdown(wait=True) were called.,synthetic,Python Software Foundation documentation,https://docs.python.org/3/library/concurrent.futures.html,python-docs:cg166b_futures_context,Python Software Foundation License Version 2; retain attribution and source URL,standard library: concurrent.futures,Python,cg166b_futures_context,page:https://docs.python.org/3/library/concurrent.futures.html,Synthetic claim candidate derived from a curated official-documentation fact; not a human annotation.,Candidate wording requires independent evidence-only review,Launching parallel tasks,Executor Objects,cg166b_futures_context,pending,cg166b-cg166b_futures_context-i,cg166b-cg166b_futures_context-i,external,unassigned,Insufficient Evidence,,,,pending,,,,,,,,,,,,,,external_review_pool,page:https://docs.python.org/3/library/concurrent.futures.html,,,,False,[],,,False,[],
,Leaving an Executor context manager waits for pending work as with shutdown(wait=True).,Using an Executor as a context manager shuts it down and waits as if shutdown(wait=True) were called.,synthetic,Python Software Foundation documentation,https://docs.python.org/3/library/concurrent.futures.html,python-docs:cg166b_futures_context,Python Software Foundation License Version 2; retain attribution and source URL,standard library: concurrent.futures,Python,cg166b_futures_context,page:https://docs.python.org/3/library/concurrent.futures.html,Synthetic claim candidate derived from a curated official-documentation fact; not a human annotation.,Candidate wording requires independent evidence-only review,Launching parallel tasks,Executor Objects,cg166b_futures_context,pending,cg166b-cg166b_futures_context-s,cg166b-cg166b_futures_context-s,external,unassigned,Supported,,,,pending,,,,,,,,,,,,,,external_review_pool,page:https://docs.python.org/3/library/concurrent.futures.html,,,,False,[],,,False,[],
,Executor.map always consumes input iterables lazily one item at a time.,Executor.map collects its input iterables immediately and executes calls asynchronously.,synthetic,Python Software Foundation documentation,https://docs.python.org/3/library/concurrent.futures.html,python-docs:cg166b_futures_map_eager,Python Software Foundation License Version 2; retain attribution and source URL,standard library: concurrent.futures,Python,cg166b_futures_map_eager,page:https://docs.python.org/3/library/concurrent.futures.html,Synthetic claim candidate derived from a curated official-documentation fact; not a human annotation.,Candidate wording requires independent evidence-only review,Launching parallel tasks,Executor.map,cg166b_futures_map_eager,pending,cg166b-cg166b_futures_map_eager-c,cg166b-cg166b_futures_map_eager-c,external,unassigned,Contradicted,,,,pending,,,,,,,,,,,,,,external_review_pool,page:https://docs.python.org/3/library/concurrent.futures.html,,,,False,[],,,False,[],
,Executor.map preserves input iterator side effects in the same order under every executor implementation.,Executor.map collects its input iterables immediately and executes calls asynchronously.,synthetic,Python Software Foundation documentation,https://docs.python.org/3/library/concurrent.futures.html,python-docs:cg166b_futures_map_eager,Python Software Foundation License Version 2; retain attribution and source URL,standard library: concurrent.futures,Python,cg166b_futures_map_eager,page:https://docs.python.org/3/library/concurrent.futures.html,Synthetic claim candidate derived from a curated official-documentation fact; not a human annotation.,Candidate wording requires independent evidence-only review,Launching parallel tasks,Executor.map,cg166b_futures_map_eager,pending,cg166b-cg166b_futures_map_eager-i,cg166b-cg166b_futures_map_eager-i,external,unassigned,Insufficient Evidence,,,,pending,,,,,,,,,,,,,,external_review_pool,page:https://docs.python.org/3/library/concurrent.futures.html,,,,False,[],,,False,[],
,The documented Executor.map interface collects iterables immediately.,Executor.map collects its input iterables immediately and executes calls asynchronously.,synthetic,Python Software Foundation documentation,https://docs.python.org/3/library/concurrent.futures.html,python-docs:cg166b_futures_map_eager,Python Software Foundation License Version 2; retain attribution and source URL,standard library: concurrent.futures,Python,cg166b_futures_map_eager,page:https://docs.python.org/3/library/concurrent.futures.html,Synthetic claim candidate derived from a curated official-documentation fact; not a human annotation.,Candidate wording requires independent evidence-only review,Launching parallel tasks,Executor.map,cg166b_futures_map_eager,pending,cg166b-cg166b_futures_map_eager-s,cg166b-cg166b_futures_map_eager-s,external,unassigned,Supported,,,,pending,,,,,,,,,,,,,,external_review_pool,page:https://docs.python.org/3/library/concurrent.futures.html,,,,False,[],,,False,[],
,An executor silently queues new work after shutdown.,Submitting work after executor shutdown raises RuntimeError.,synthetic,Python Software Foundation documentation,https://docs.python.org/3/library/concurrent.futures.html,python-docs:cg166b_futures_shutdown,Python Software Foundation License Version 2; retain attribution and source URL,standard library: concurrent.futures,Python,cg166b_futures_shutdown,page:https://docs.python.org/3/library/concurrent.futures.html,Synthetic claim candidate derived from a curated official-documentation fact; not a human annotation.,Candidate wording requires independent evidence-only review,Launching parallel tasks,Executor.shutdown,cg166b_futures_shutdown,pending,cg166b-cg166b_futures_shutdown-c,cg166b-cg166b_futures_shutdown-c,external,unassigned,Contradicted,,,,pending,,,,,,,,,,,,,,external_review_pool,page:https://docs.python.org/3/library/concurrent.futures.html,,,,False,[],,,False,[],
,Calling shutdown(wait=False) allows the Python program to exit before pending work is done.,Submitting work after executor shutdown raises RuntimeError.,synthetic,Python Software Foundation documentation,https://docs.python.org/3/library/concurrent.futures.html,python-docs:cg166b_futures_shutdown,Python Software Foundation License Version 2; retain attribution and source URL,standard library: concurrent.futures,Python,cg166b_futures_shutdown,page:https://docs.python.org/3/library/concurrent.futures.html,Synthetic claim candidate derived from a curated official-documentation fact; not a human annotation.,Candidate wording requires independent evidence-only review,Launching parallel tasks,Executor.shutdown,cg166b_futures_shutdown,pending,cg166b-cg166b_futures_shutdown-i,cg166b-cg166b_futures_shutdown-i,external,unassigned,Insufficient Evidence,,,,pending,,,,,,,,,,,,,,external_review_pool,page:https://docs.python.org/3/library/concurrent.futures.html,,,,False,[],,,False,[],
,Executor.submit after shutdown raises RuntimeError.,Submitting work after executor shutdown raises RuntimeError.,synthetic,Python Software Foundation documentation,https://docs.python.org/3/library/concurrent.futures.html,python-docs:cg166b_futures_shutdown,Python Software Foundation License Version 2; retain attribution and source URL,standard library: concurrent.futures,Python,cg166b_futures_shutdown,page:https://docs.python.org/3/library/concurrent.futures.html,Synthetic claim candidate derived from a curated official-documentation fact; not a human annotation.,Candidate wording requires independent evidence-only review,Launching parallel tasks,Executor.shutdown,cg166b_futures_shutdown,pending,cg166b-cg166b_futures_shutdown-s,cg166b-cg166b_futures_shutdown-s,external,unassigned,Supported,,,,pending,,,,,,,,,,,,,,external_review_pool,page:https://docs.python.org/3/library/concurrent.futures.html,,,,False,[],,,False,[],
,Executor.submit blocks until fn has returned its result and returns that result directly.,"Executor.submit schedules fn(*args, **kwargs) and returns a Future.",synthetic,Python Software Foundation documentation,https://docs.python.org/3/library/concurrent.futures.html,python-docs:cg166b_futures_submit,Python Software Foundation License Version 2; retain attribution and source URL,standard library: concurrent.futures,Python,cg166b_futures_submit,page:https://docs.python.org/3/library/concurrent.futures.html,Synthetic claim candidate derived from a curated official-documentation fact; not a human annotation.,Candidate wording requires independent evidence-only review,Launching parallel tasks,Executor Objects,cg166b_futures_submit,pending,cg166b-cg166b_futures_submit-c,cg166b-cg166b_futures_submit-c,external,unassigned,Contradicted,,,,pending,,,,,,,,,,,,,,external_review_pool,page:https://docs.python.org/3/library/concurrent.futures.html,,,,False,[],,,False,[],
,Submitting a callable guarantees that it starts before submit returns.,"Executor.submit schedules fn(*args, **kwargs) and returns a Future.",synthetic,Python Software Foundation documentation,https://docs.python.org/3/library/concurrent.futures.html,python-docs:cg166b_futures_submit,Python Software Foundation License Version 2; retain attribution and source URL,standard library: concurrent.futures,Python,cg166b_futures_submit,page:https://docs.python.org/3/library/concurrent.futures.html,Synthetic claim candidate derived from a curated official-documentation fact; not a human annotation.,Candidate wording requires independent evidence-only review,Launching parallel tasks,Executor Objects,cg166b_futures_submit,pending,cg166b-cg166b_futures_submit-i,cg166b-cg166b_futures_submit-i,external,unassigned,Insufficient Evidence,,,,pending,,,,,,,,,,,,,,external_review_pool,page:https://docs.python.org/3/library/concurrent.futures.html,,,,False,[],,,False,[],
,Executor.submit returns a Future representing the scheduled call.,"Executor.submit schedules fn(*args, **kwargs) and returns a Future.",synthetic,Python Software Foundation documentation,https://docs.python.org/3/library/concurrent.futures.html,python-docs:cg166b_futures_submit,Python Software Foundation License Version 2; retain attribution and source URL,standard library: concurrent.futures,Python,cg166b_futures_submit,page:https://docs.python.org/3/library/concurrent.futures.html,Synthetic claim candidate derived from a curated official-documentation fact; not a human annotation.,Candidate wording requires independent evidence-only review,Launching parallel tasks,Executor Objects,cg166b_futures_submit,pending,cg166b-cg166b_futures_submit-s,cg166b-cg166b_futures_submit-s,external,unassigned,Supported,,,,pending,,,,,,,,,,,,,,external_review_pool,page:https://docs.python.org/3/library/concurrent.futures.html,,,,False,[],,,False,[],
,Arithmetic on IntEnum members always preserves the original enumeration type.,"IntEnum members are integers, and integer operations produce ordinary integer results without enum status.",synthetic,Python Software Foundation documentation,https://docs.python.org/3/library/enum.html,python-docs:cg166b_intenum_arithmetic,Python Software Foundation License Version 2; retain attribution and source URL,standard library: enum,Python,cg166b_intenum_arithmetic,page:https://docs.python.org/3/library/enum.html,Synthetic claim candidate derived from a curated official-documentation fact; not a human annotation.,Candidate wording requires independent evidence-only review,Support for enumerations,IntEnum,cg166b_intenum_arithmetic,pending,cg166b-cg166b_intenum_arithmetic-c,cg166b-cg166b_intenum_arithmetic-c,external,unassigned,Contradicted,,,,pending,,,,,,,,,,,,,,external_review_pool,page:https://docs.python.org/3/library/enum.html,,,,False,[],,,False,[],
,An IntEnum member can be used as a dictionary key only when explicitly converted to int.,"IntEnum members are integers, and integer operations produce ordinary integer results without enum status.",synthetic,Python Software Foundation documentation,https://docs.python.org/3/library/enum.html,python-docs:cg166b_intenum_arithmetic,Python Software Foundation License Version 2; retain attribution and source URL,standard library: enum,Python,cg166b_intenum_arithmetic,page:https://docs.python.org/3/library/enum.html,Synthetic claim candidate derived from a curated official-documentation fact; not a human annotation.,Candidate wording requires independent evidence-only review,Support for enumerations,IntEnum,cg166b_intenum_arithmetic,pending,cg166b-cg166b_intenum_arithmetic-i,cg166b-cg166b_intenum_arithmetic-i,external,unassigned,Insufficient Evidence,,,,pending,,,,,,,,,,,,,,external_review_pool,page:https://docs.python.org/3/library/enum.html,,,,False,[],,,False,[],
,Adding two IntEnum members produces an integer result rather than an IntEnum member.,"IntEnum members are integers, and integer operations produce ordinary integer results without enum status.",synthetic,Python Software Foundation documentation,https://docs.python.org/3/library/enum.html,python-docs:cg166b_intenum_arithmetic,Python Software Foundation License Version 2; retain attribution and source URL,standard library: enum,Python,cg166b_intenum_arithmetic,page:https://docs.python.org/3/library/enum.html,Synthetic claim candidate derived from a curated official-documentation fact; not a human annotation.,Candidate wording requires independent evidence-only review,Support for enumerations,IntEnum,cg166b_intenum_arithmetic,pending,cg166b-cg166b_intenum_arithmetic-s,cg166b-cg166b_intenum_arithmetic-s,external,unassigned,Supported,,,,pending,,,,,,,,,,,,,,external_review_pool,page:https://docs.python.org/3/library/enum.html,,,,False,[],,,False,[],
,StringIO uses the same encoding errors as a filesystem file opened with any encoding.,StringIO is an in-memory text stream; BytesIO is an in-memory binary stream.,synthetic,Python Software Foundation documentation,https://docs.python.org/3/library/io.html,python-docs:cg166b_io_stringio,Python Software Foundation License Version 2; retain attribution and source URL,standard library: io,Python,cg166b_io_stringio,page:https://docs.python.org/3/library/io.html,Synthetic claim candidate derived from a curated official-documentation fact; not a human annotation.,Candidate wording requires independent evidence-only review,Core tools for working with streams,In-memory streams,cg166b_io_stringio,pending,cg166b-cg166b_io_stringio-i,cg166b-cg166b_io_stringio-i,internal,unassigned,Insufficient Evidence,,,,pending,,,,,,,,,,,,,,review_batch_006,page:https://docs.python.org/3/library/io.html,,,,False,[],,,False,[],
,io.StringIO provides a text stream backed by an in-memory buffer.,StringIO is an in-memory text stream; BytesIO is an in-memory binary stream.,synthetic,Python Software Foundation documentation,https://docs.python.org/3/library/io.html,python-docs:cg166b_io_stringio,Python Software Foundation License Version 2; retain attribution and source URL,standard library: io,Python,cg166b_io_stringio,page:https://docs.python.org/3/library/io.html,Synthetic claim candidate derived from a curated official-documentation fact; not a human annotation.,Candidate wording requires independent evidence-only review,Core tools for working with streams,In-memory streams,cg166b_io_stringio,pending,cg166b-cg166b_io_stringio-s,cg166b-cg166b_io_stringio-s,internal,unassigned,Supported,,,,pending,,,,,,,,,,,,,,review_batch_006,page:https://docs.python.org/3/library/io.html,,,,False,[],,,False,[],
,A class can redefine the behavior of the is operator with __eq__.,is and is not test object identity and their behavior cannot be customized.,synthetic,Python Software Foundation documentation,https://docs.python.org/3/library/stdtypes.html,python-docs:cg166b_is_identity,Python Software Foundation License Version 2; retain attribution and source URL,identity and equality,Python,cg166b_is_identity,page:https://docs.python.org/3/library/stdtypes.html,Synthetic claim candidate derived from a curated official-documentation fact; not a human annotation.,Candidate wording requires independent evidence-only review,Built-in Types,Comparisons,cg166b_is_identity,pending,cg166b-cg166b_is_identity-c,cg166b-cg166b_is_identity-c,internal,unassigned,Contradicted,,,,pending,,,,,,,,,,,,,,review_batch_003,page:https://docs.python.org/3/library/stdtypes.html,,,,False,[],,,False,[],
,Equal immutable values are always the same object.,is and is not test object identity and their behavior cannot be customized.,synthetic,Python Software Foundation documentation,https://docs.python.org/3/library/stdtypes.html,python-docs:cg166b_is_identity,Python Software Foundation License Version 2; retain attribution and source URL,identity and equality,Python,cg166b_is_identity,page:https://docs.python.org/3/library/stdtypes.html,Synthetic claim candidate derived from a curated official-documentation fact; not a human annotation.,Candidate wording requires independent evidence-only review,Built-in Types,Comparisons,cg166b_is_identity,pending,cg166b-cg166b_is_identity-i,cg166b-cg166b_is_identity-i,internal,unassigned,Insufficient Evidence,,,,pending,,,,,,,,,,,,,,review_batch_005,page:https://docs.python.org/3/library/stdtypes.html,,,,False,[],,,False,[],
,logging.basicConfig always replaces all existing root handlers by default.,basicConfig does nothing if the root logger already has handlers unless force is true.,synthetic,Python Software Foundation documentation,https://docs.python.org/3/library/logging.html,python-docs:cg166b_logging_basicconfig,Python Software Foundation License Version 2; retain attribution and source URL,standard library: logging,Python,cg166b_logging_basicconfig,page:https://docs.python.org/3/library/logging.html,Synthetic claim candidate derived from a curated official-documentation fact; not a human annotation.,Candidate wording requires independent evidence-only review,Logging facility,Logging to a file,cg166b_logging_basicconfig,pending,cg166b-cg166b_logging_basicconfig-c,cg166b-cg166b_logging_basicconfig-c,external,unassigned,Contradicted,,,,pending,,,,,,,,,,,,,,external_review_pool,page:https://docs.python.org/3/library/logging.html,,,,False,[],,,False,[],
,basicConfig can reconfigure handlers installed by every named logger when force is true.,basicConfig does nothing if the root logger already has handlers unless force is true.,synthetic,Python Software Foundation documentation,https://docs.python.org/3/library/logging.html,python-docs:cg166b_logging_basicconfig,Python Software Foundation License Version 2; retain attribution and source URL,standard library: logging,Python,cg166b_logging_basicconfig,page:https://docs.python.org/3/library/logging.html,Synthetic claim candidate derived from a curated official-documentation fact; not a human annotation.,Candidate wording requires independent evidence-only review,Logging facility,Logging to a file,cg166b_logging_basicconfig,pending,cg166b-cg166b_logging_basicconfig-i,cg166b-cg166b_logging_basicconfig-i,external,unassigned,Insufficient Evidence,,,,pending,,,,,,,,,,,,,,external_review_pool,page:https://docs.python.org/3/library/logging.html,,,,False,[],,,False,[],
,A prior root handler can cause logging.basicConfig to have no effect unless force is enabled.,basicConfig does nothing if the root logger already has handlers unless force is true.,synthetic,Python Software Foundation documentation,https://docs.python.org/3/library/logging.html,python-docs:cg166b_logging_basicconfig,Python Software Foundation License Version 2; retain attribution and source URL,standard library: logging,Python,cg166b_logging_basicconfig,page:https://docs.python.org/3/library/logging.html,Synthetic claim candidate derived from a curated official-documentation fact; not a human annotation.,Candidate wording requires independent evidence-only review,Logging facility,Logging to a file,cg166b_logging_basicconfig,pending,cg166b-cg166b_logging_basicconfig-s,cg166b-cg166b_logging_basicconfig-s,external,unassigned,Supported,,,,pending,,,,,,,,,,,,,,external_review_pool,page:https://docs.python.org/3/library/logging.html,,,,False,[],,,False,[],
,DEBUG is more severe than CRITICAL in the standard logging level ordering.,"The standard levels include DEBUG, INFO, WARNING, ERROR, and CRITICAL in increasing severity.",synthetic,Python Software Foundation documentation,https://docs.python.org/3/library/logging.html,python-docs:cg166b_logging_levels,Python Software Foundation License Version 2; retain attribution and source URL,standard library: logging,Python,cg166b_logging_levels,page:https://docs.python.org/3/library/logging.html,Synthetic claim candidate derived from a curated official-documentation fact; not a human annotation.,Candidate wording requires independent evidence-only review,Logging facility,Logging Levels,cg166b_logging_levels,pending,cg166b-cg166b_logging_levels-c,cg166b-cg166b_logging_levels-c,external,unassigned,Contradicted,,,,pending,,,,,,,,,,,,,,external_review_pool,page:https://docs.python.org/3/library/logging.html,,,,False,[],,,False,[],
,Applications must use the standard level names and cannot define custom levels.,"The standard levels include DEBUG, INFO, WARNING, ERROR, and CRITICAL in increasing severity.",synthetic,Python Software Foundation documentation,https://docs.python.org/3/library/logging.html,python-docs:cg166b_logging_levels,Python Software Foundation License Version 2; retain attribution and source URL,standard library: logging,Python,cg166b_logging_levels,page:https://docs.python.org/3/library/logging.html,Synthetic claim candidate derived from a curated official-documentation fact; not a human annotation.,Candidate wording requires independent evidence-only review,Logging facility,Logging Levels,cg166b_logging_levels,pending,cg166b-cg166b_logging_levels-i,cg166b-cg166b_logging_levels-i,external,unassigned,Insufficient Evidence,,,,pending,,,,,,,,,,,,,,external_review_pool,page:https://docs.python.org/3/library/logging.html,,,,False,[],,,False,[],
,CRITICAL is a more severe standard logging level than ERROR.,"The standard levels include DEBUG, INFO, WARNING, ERROR, and CRITICAL in increasing severity.",synthetic,Python Software Foundation documentation,https://docs.python.org/3/library/logging.html,python-docs:cg166b_logging_levels,Python Software Foundation License Version 2; retain attribution and source URL,standard library: logging,Python,cg166b_logging_levels,page:https://docs.python.org/3/library/logging.html,Synthetic claim candidate derived from a curated official-documentation fact; not a human annotation.,Candidate wording requires independent evidence-only review,Logging facility,Logging Levels,cg166b_logging_levels,pending,cg166b-cg166b_logging_levels-s,cg166b-cg166b_logging_levels-s,external,unassigned,Supported,,,,pending,,,,,,,,,,,,,,external_review_pool,page:https://docs.python.org/3/library/logging.html,,,,False,[],,,False,[],
,math.fsum simply calls the built-in sum without changing the summation method.,math.fsum tracks multiple intermediate partial sums to improve accuracy.,synthetic,Python Software Foundation documentation,https://docs.python.org/3/library/math.html,python-docs:cg166b_math_fsum,Python Software Foundation License Version 2; retain attribution and source URL,standard library: math,Python,cg166b_math_fsum,page:https://docs.python.org/3/library/math.html,Synthetic claim candidate derived from a curated official-documentation fact; not a human annotation.,Candidate wording requires independent evidence-only review,Mathematical functions,Summation,cg166b_math_fsum,pending,cg166b-cg166b_math_fsum-c,cg166b-cg166b_math_fsum-c,internal,unassigned,Contradicted,,,,pending,,,,,,,,,,,,,,review_batch_002,page:https://docs.python.org/3/library/math.html,,,,False,[],,,False,[],
,math.fsum is guaranteed to be correctly rounded on every platform and build.,math.fsum tracks multiple intermediate partial sums to improve accuracy.,synthetic,Python Software Foundation documentation,https://docs.python.org/3/library/math.html,python-docs:cg166b_math_fsum,Python Software Foundation License Version 2; retain attribution and source URL,standard library: math,Python,cg166b_math_fsum,page:https://docs.python.org/3/library/math.html,Synthetic claim candidate derived from a curated official-documentation fact; not a human annotation.,Candidate wording requires independent evidence-only review,Mathematical functions,Summation,cg166b_math_fsum,pending,cg166b-cg166b_math_fsum-i,cg166b-cg166b_math_fsum-i,internal,unassigned,Insufficient Evidence,,,,pending,,,,,,,,,,,,,,review_batch_004,page:https://docs.python.org/3/library/math.html,,,,False,[],,,False,[],
,The default tolerance in math.isclose is appropriate for every numerical application.,math.isclose compares values using relative and absolute tolerances.,synthetic,Python Software Foundation documentation,https://docs.python.org/3/library/math.html,python-docs:cg166b_math_isclose,Python Software Foundation License Version 2; retain attribution and source URL,standard library: math,Python,cg166b_math_isclose,page:https://docs.python.org/3/library/math.html,Synthetic claim candidate derived from a curated official-documentation fact; not a human annotation.,Candidate wording requires independent evidence-only review,Mathematical functions,Floating point comparisons,cg166b_math_isclose,pending,cg166b-cg166b_math_isclose-i,cg166b-cg166b_math_isclose-i,internal,unassigned,Insufficient Evidence,,,,pending,,,,,,,,,,,,,,review_batch_005,page:https://docs.python.org/3/library/math.html,,,,False,[],,,False,[],
,math.isclose supports both relative and absolute tolerance parameters.,math.isclose compares values using relative and absolute tolerances.,synthetic,Python Software Foundation documentation,https://docs.python.org/3/library/math.html,python-docs:cg166b_math_isclose,Python Software Foundation License Version 2; retain attribution and source URL,standard library: math,Python,cg166b_math_isclose,page:https://docs.python.org/3/library/math.html,Synthetic claim candidate derived from a curated official-documentation fact; not a human annotation.,Candidate wording requires independent evidence-only review,Mathematical functions,Floating point comparisons,cg166b_math_isclose,pending,cg166b-cg166b_math_isclose-s,cg166b-cg166b_math_isclose-s,internal,unassigned,Supported,,,,pending,,,,,,,,,,,,,,review_batch_004,page:https://docs.python.org/3/library/math.html,,,,False,[],,,False,[],
,Creating a memoryview always duplicates the entire underlying buffer.,A memoryview exposes an object's buffer without copying the data.,synthetic,Python Software Foundation documentation,https://docs.python.org/3/library/stdtypes.html,python-docs:cg166b_memoryview_alias,Python Software Foundation License Version 2; retain attribution and source URL,bytes and buffers,Python,cg166b_memoryview_alias,page:https://docs.python.org/3/library/stdtypes.html,Synthetic claim candidate derived from a curated official-documentation fact; not a human annotation.,Candidate wording requires independent evidence-only review,Built-in Types,Memory Views,cg166b_memoryview_alias,pending,cg166b-cg166b_memoryview_alias-c,cg166b-cg166b_memoryview_alias-c,internal,unassigned,Contradicted,,,,pending,,,,,,,,,,,,,,review_batch_005,page:https://docs.python.org/3/library/stdtypes.html,,,,False,[],,,False,[],
,A memoryview can provide access to buffer data without creating a bytes copy.,A memoryview exposes an object's buffer without copying the data.,synthetic,Python Software Foundation documentation,https://docs.python.org/3/library/stdtypes.html,python-docs:cg166b_memoryview_alias,Python Software Foundation License Version 2; retain attribution and source URL,bytes and buffers,Python,cg166b_memoryview_alias,page:https://docs.python.org/3/library/stdtypes.html,Synthetic claim candidate derived from a curated official-documentation fact; not a human annotation.,Candidate wording requires independent evidence-only review,Built-in Types,Memory Views,cg166b_memoryview_alias,pending,cg166b-cg166b_memoryview_alias-s,cg166b-cg166b_memoryview_alias-s,internal,unassigned,Supported,,,,pending,,,,,,,,,,,,,,review_batch_006,page:https://docs.python.org/3/library/stdtypes.html,,,,False,[],,,False,[],
,threading.Lock is automatically shared by unrelated processes without being passed to them.,Multiprocessing provides synchronization primitives including locks.,synthetic,Python Software Foundation documentation,https://docs.python.org/3/library/multiprocessing.html,python-docs:cg166b_multiprocessing_lock,Python Software Foundation License Version 2; retain attribution and source URL,standard library: multiprocessing,Python,cg166b_multiprocessing_lock,page:https://docs.python.org/3/library/multiprocessing.html,Synthetic claim candidate derived from a curated official-documentation fact; not a human annotation.,Candidate wording requires independent evidence-only review,Process-based parallelism,Synchronization between processes,cg166b_multiprocessing_lock,pending,cg166b-cg166b_multiprocessing_lock-c,cg166b-cg166b_multiprocessing_lock-c,external,unassigned,Contradicted,,,,pending,,,,,,,,,,,,,,external_review_pool,page:https://docs.python.org/3/library/multiprocessing.html,,,,False,[],,,False,[],
,Using a lock guarantees deterministic ordering among all waiting processes.,Multiprocessing provides synchronization primitives including locks.,synthetic,Python Software Foundation documentation,https://docs.python.org/3/library/multiprocessing.html,python-docs:cg166b_multiprocessing_lock,Python Software Foundation License Version 2; retain attribution and source URL,standard library: multiprocessing,Python,cg166b_multiprocessing_lock,page:https://docs.python.org/3/library/multiprocessing.html,Synthetic claim candidate derived from a curated official-documentation fact; not a human annotation.,Candidate wording requires independent evidence-only review,Process-based parallelism,Synchronization between processes,cg166b_multiprocessing_lock,pending,cg166b-cg166b_multiprocessing_lock-i,cg166b-cg166b_multiprocessing_lock-i,external,unassigned,Insufficient Evidence,,,,pending,,,,,,,,,,,,,,external_review_pool,page:https://docs.python.org/3/library/multiprocessing.html,,,,False,[],,,False,[],
,A multiprocessing lock can coordinate access across processes.,Multiprocessing provides synchronization primitives including locks.,synthetic,Python Software Foundation documentation,https://docs.python.org/3/library/multiprocessing.html,python-docs:cg166b_multiprocessing_lock,Python Software Foundation License Version 2; retain attribution and source URL,standard library: multiprocessing,Python,cg166b_multiprocessing_lock,page:https://docs.python.org/3/library/multiprocessing.html,Synthetic claim candidate derived from a curated official-documentation fact; not a human annotation.,Candidate wording requires independent evidence-only review,Process-based parallelism,Synchronization between processes,cg166b_multiprocessing_lock,pending,cg166b-cg166b_multiprocessing_lock-s,cg166b-cg166b_multiprocessing_lock-s,external,unassigned,Supported,,,,pending,,,,,,,,,,,,,,external_review_pool,page:https://docs.python.org/3/library/multiprocessing.html,,,,False,[],,,False,[],
,Two processes can safely write concurrently to the same Pipe end without synchronization.,Pipe returns two connection objects; concurrent reads or writes on the same end can corrupt data.,synthetic,Python Software Foundation documentation,https://docs.python.org/3/library/multiprocessing.html,python-docs:cg166b_multiprocessing_pipe,Python Software Foundation License Version 2; retain attribution and source URL,standard library: multiprocessing,Python,cg166b_multiprocessing_pipe,page:https://docs.python.org/3/library/multiprocessing.html,Synthetic claim candidate derived from a curated official-documentation fact; not a human annotation.,Candidate wording requires independent evidence-only review,Process-based parallelism,Pipes and Queues,cg166b_multiprocessing_pipe,pending,cg166b-cg166b_multiprocessing_pipe-c,cg166b-cg166b_multiprocessing_pipe-c,external,unassigned,Contradicted,,,,pending,,,,,,,,,,,,,,external_review_pool,page:https://docs.python.org/3/library/multiprocessing.html,,,,False,[],,,False,[],
,Pipe messages have a fixed maximum size that is identical on every platform.,Pipe returns two connection objects; concurrent reads or writes on the same end can corrupt data.,synthetic,Python Software Foundation documentation,https://docs.python.org/3/library/multiprocessing.html,python-docs:cg166b_multiprocessing_pipe,Python Software Foundation License Version 2; retain attribution and source URL,standard library: multiprocessing,Python,cg166b_multiprocessing_pipe,page:https://docs.python.org/3/library/multiprocessing.html,Synthetic claim candidate derived from a curated official-documentation fact; not a human annotation.,Candidate wording requires independent evidence-only review,Process-based parallelism,Pipes and Queues,cg166b_multiprocessing_pipe,pending,cg166b-cg166b_multiprocessing_pipe-i,cg166b-cg166b_multiprocessing_pipe-i,external,unassigned,Insufficient Evidence,,,,pending,,,,,,,,,,,,,,external_review_pool,page:https://docs.python.org/3/library/multiprocessing.html,,,,False,[],,,False,[],
,Separate ends of a multiprocessing Pipe can be used without the documented same-end concurrency corruption risk.,Pipe returns two connection objects; concurrent reads or writes on the same end can corrupt data.,synthetic,Python Software Foundation documentation,https://docs.python.org/3/library/multiprocessing.html,python-docs:cg166b_multiprocessing_pipe,Python Software Foundation License Version 2; retain attribution and source URL,standard library: multiprocessing,Python,cg166b_multiprocessing_pipe,page:https://docs.python.org/3/library/multiprocessing.html,Synthetic claim candidate derived from a curated official-documentation fact; not a human annotation.,Candidate wording requires independent evidence-only review,Process-based parallelism,Pipes and Queues,cg166b_multiprocessing_pipe,pending,cg166b-cg166b_multiprocessing_pipe-s,cg166b-cg166b_multiprocessing_pipe-s,external,unassigned,Supported,,,,pending,,,,,,,,,,,,,,external_review_pool,page:https://docs.python.org/3/library/multiprocessing.html,,,,False,[],,,False,[],
,Connection.send transmits a shared reference to the original Python object without serialization.,Connection.send serializes the object and recv recreates it.,synthetic,Python Software Foundation documentation,https://docs.python.org/3/library/multiprocessing.html,python-docs:cg166b_multiprocessing_send_pickle,Python Software Foundation License Version 2; retain attribution and source URL,standard library: multiprocessing,Python,cg166b_multiprocessing_send_pickle,page:https://docs.python.org/3/library/multiprocessing.html,Synthetic claim candidate derived from a curated official-documentation fact; not a human annotation.,Candidate wording requires independent evidence-only review,Process-based parallelism,Connection objects,cg166b_multiprocessing_send_pickle,pending,cg166b-cg166b_multiprocessing_send_pickle-c,cg166b-cg166b_multiprocessing_send_pickle-c,external,unassigned,Contradicted,,,,pending,,,,,,,,,,,,,,external_review_pool,page:https://docs.python.org/3/library/multiprocessing.html,,,,False,[],,,False,[],
,Every Python object can be sent through a Connection regardless of picklability.,Connection.send serializes the object and recv recreates it.,synthetic,Python Software Foundation documentation,https://docs.python.org/3/library/multiprocessing.html,python-docs:cg166b_multiprocessing_send_pickle,Python Software Foundation License Version 2; retain attribution and source URL,standard library: multiprocessing,Python,cg166b_multiprocessing_send_pickle,page:https://docs.python.org/3/library/multiprocessing.html,Synthetic claim candidate derived from a curated official-documentation fact; not a human annotation.,Candidate wording requires independent evidence-only review,Process-based parallelism,Connection objects,cg166b_multiprocessing_send_pickle,pending,cg166b-cg166b_multiprocessing_send_pickle-i,cg166b-cg166b_multiprocessing_send_pickle-i,external,unassigned,Insufficient Evidence,,,,pending,,,,,,,,,,,,,,external_review_pool,page:https://docs.python.org/3/library/multiprocessing.html,,,,False,[],,,False,[],
,multiprocessing Connection.send serializes the object being sent.,Connection.send serializes the object and recv recreates it.,synthetic,Python Software Foundation documentation,https://docs.python.org/3/library/multiprocessing.html,python-docs:cg166b_multiprocessing_send_pickle,Python Software Foundation License Version 2; retain attribution and source URL,standard library: multiprocessing,Python,cg166b_multiprocessing_send_pickle,page:https://docs.python.org/3/library/multiprocessing.html,Synthetic claim candidate derived from a curated official-documentation fact; not a human annotation.,Candidate wording requires independent evidence-only review,Process-based parallelism,Connection objects,cg166b_multiprocessing_send_pickle,pending,cg166b-cg166b_multiprocessing_send_pickle-s,cg166b-cg166b_multiprocessing_send_pickle-s,external,unassigned,Supported,,,,pending,,,,,,,,,,,,,,external_review_pool,page:https://docs.python.org/3/library/multiprocessing.html,,,,False,[],,,False,[],
,multiprocessing.Value creates an isolated private copy that other processes cannot access.,multiprocessing provides shared memory via Value and Array.,synthetic,Python Software Foundation documentation,https://docs.python.org/3/library/multiprocessing.html,python-docs:cg166b_multiprocessing_shared,Python Software Foundation License Version 2; retain attribution and source URL,standard library: multiprocessing,Python,cg166b_multiprocessing_shared,page:https://docs.python.org/3/library/multiprocessing.html,Synthetic claim candidate derived from a curated official-documentation fact; not a human annotation.,Candidate wording requires independent evidence-only review,Process-based parallelism,Sharing state between processes,cg166b_multiprocessing_shared,pending,cg166b-cg166b_multiprocessing_shared-c,cg166b-cg166b_multiprocessing_shared-c,external,unassigned,Contradicted,,,,pending,,,,,,,,,,,,,,external_review_pool,page:https://docs.python.org/3/library/multiprocessing.html,,,,False,[],,,False,[],
,All Python objects can be placed in shared memory through Value without type restrictions.,multiprocessing provides shared memory via Value and Array.,synthetic,Python Software Foundation documentation,https://docs.python.org/3/library/multiprocessing.html,python-docs:cg166b_multiprocessing_shared,Python Software Foundation License Version 2; retain attribution and source URL,standard library: multiprocessing,Python,cg166b_multiprocessing_shared,page:https://docs.python.org/3/library/multiprocessing.html,Synthetic claim candidate derived from a curated official-documentation fact; not a human annotation.,Candidate wording requires independent evidence-only review,Process-based parallelism,Sharing state between processes,cg166b_multiprocessing_shared,pending,cg166b-cg166b_multiprocessing_shared-i,cg166b-cg166b_multiprocessing_shared-i,external,unassigned,Insufficient Evidence,,,,pending,,,,,,,,,,,,,,external_review_pool,page:https://docs.python.org/3/library/multiprocessing.html,,,,False,[],,,False,[],
,multiprocessing.Value and Array are documented ways to share data between processes.,multiprocessing provides shared memory via Value and Array.,synthetic,Python Software Foundation documentation,https://docs.python.org/3/library/multiprocessing.html,python-docs:cg166b_multiprocessing_shared,Python Software Foundation License Version 2; retain attribution and source URL,standard library: multiprocessing,Python,cg166b_multiprocessing_shared,page:https://docs.python.org/3/library/multiprocessing.html,Synthetic claim candidate derived from a curated official-documentation fact; not a human annotation.,Candidate wording requires independent evidence-only review,Process-based parallelism,Sharing state between processes,cg166b_multiprocessing_shared,pending,cg166b-cg166b_multiprocessing_shared-s,cg166b-cg166b_multiprocessing_shared-s,external,unassigned,Supported,,,,pending,,,,,,,,,,,,,,external_review_pool,page:https://docs.python.org/3/library/multiprocessing.html,,,,False,[],,,False,[],
,Pickle serializes a function's bytecode and closure as a portable executable snapshot.,"Functions and classes are pickled by fully qualified name, not by serializing their code.",synthetic,Python Software Foundation documentation,https://docs.python.org/3/library/pickle.html,python-docs:cg166b_pickle_functions,Python Software Foundation License Version 2; retain attribution and source URL,standard library: pickle,Python,cg166b_pickle_functions,page:https://docs.python.org/3/library/pickle.html,Synthetic claim candidate derived from a curated official-documentation fact; not a human annotation.,Candidate wording requires independent evidence-only review,Python object serialization,What can be pickled,cg166b_pickle_functions,pending,cg166b-cg166b_pickle_functions-c,cg166b-cg166b_pickle_functions-c,external,unassigned,Contradicted,,,,pending,,,,,,,,,,,,,,external_review_pool,page:https://docs.python.org/3/library/pickle.html,,,,False,[],,,False,[],
,A function defined in any local scope can always be unpickled in a fresh process.,"Functions and classes are pickled by fully qualified name, not by serializing their code.",synthetic,Python Software Foundation documentation,https://docs.python.org/3/library/pickle.html,python-docs:cg166b_pickle_functions,Python Software Foundation License Version 2; retain attribution and source URL,standard library: pickle,Python,cg166b_pickle_functions,page:https://docs.python.org/3/library/pickle.html,Synthetic claim candidate derived from a curated official-documentation fact; not a human annotation.,Candidate wording requires independent evidence-only review,Python object serialization,What can be pickled,cg166b_pickle_functions,pending,cg166b-cg166b_pickle_functions-i,cg166b-cg166b_pickle_functions-i,external,unassigned,Insufficient Evidence,,,,pending,,,,,,,,,,,,,,external_review_pool,page:https://docs.python.org/3/library/pickle.html,,,,False,[],,,False,[],
,Pickle stores functions by reference to their qualified name rather than copying function code.,"Functions and classes are pickled by fully qualified name, not by serializing their code.",synthetic,Python Software Foundation documentation,https://docs.python.org/3/library/pickle.html,python-docs:cg166b_pickle_functions,Python Software Foundation License Version 2; retain attribution and source URL,standard library: pickle,Python,cg166b_pickle_functions,page:https://docs.python.org/3/library/pickle.html,Synthetic claim candidate derived from a curated official-documentation fact; not a human annotation.,Candidate wording requires independent evidence-only review,Python object serialization,What can be pickled,cg166b_pickle_functions,pending,cg166b-cg166b_pickle_functions-s,cg166b-cg166b_pickle_functions-s,external,unassigned,Supported,,,,pending,,,,,,,,,,,,,,external_review_pool,page:https://docs.python.org/3/library/pickle.html,,,,False,[],,,False,[],
,Every Python version can read every pickle protocol ever defined.,Pickle protocols are versioned and newer protocols may be unsupported by older Python versions.,synthetic,Python Software Foundation documentation,https://docs.python.org/3/library/pickle.html,python-docs:cg166b_pickle_protocol,Python Software Foundation License Version 2; retain attribution and source URL,standard library: pickle,Python,cg166b_pickle_protocol,page:https://docs.python.org/3/library/pickle.html,Synthetic claim candidate derived from a curated official-documentation fact; not a human annotation.,Candidate wording requires independent evidence-only review,Python object serialization,Data stream format,cg166b_pickle_protocol,pending,cg166b-cg166b_pickle_protocol-c,cg166b-cg166b_pickle_protocol-c,external,unassigned,Contradicted,,,,pending,,,,,,,,,,,,,,external_review_pool,page:https://docs.python.org/3/library/pickle.html,,,,False,[],,,False,[],
,Pickle data is safe to load from an untrusted source if it contains only primitive values.,Pickle protocols are versioned and newer protocols may be unsupported by older Python versions.,synthetic,Python Software Foundation documentation,https://docs.python.org/3/library/pickle.html,python-docs:cg166b_pickle_protocol,Python Software Foundation License Version 2; retain attribution and source URL,standard library: pickle,Python,cg166b_pickle_protocol,page:https://docs.python.org/3/library/pickle.html,Synthetic claim candidate derived from a curated official-documentation fact; not a human annotation.,Candidate wording requires independent evidence-only review,Python object serialization,Data stream format,cg166b_pickle_protocol,pending,cg166b-cg166b_pickle_protocol-i,cg166b-cg166b_pickle_protocol-i,external,unassigned,Insufficient Evidence,,,,pending,,,,,,,,,,,,,,external_review_pool,page:https://docs.python.org/3/library/pickle.html,,,,False,[],,,False,[],
,A pickle created with a newer protocol may not be readable by an older Python version.,Pickle protocols are versioned and newer protocols may be unsupported by older Python versions.,synthetic,Python Software Foundation documentation,https://docs.python.org/3/library/pickle.html,python-docs:cg166b_pickle_protocol,Python Software Foundation License Version 2; retain attribution and source URL,standard library: pickle,Python,cg166b_pickle_protocol,page:https://docs.python.org/3/library/pickle.html,Synthetic claim candidate derived from a curated official-documentation fact; not a human annotation.,Candidate wording requires independent evidence-only review,Python object serialization,Data stream format,cg166b_pickle_protocol,pending,cg166b-cg166b_pickle_protocol-s,cg166b-cg166b_pickle_protocol-s,external,unassigned,Supported,,,,pending,,,,,,,,,,,,,,external_review_pool,page:https://docs.python.org/3/library/pickle.html,,,,False,[],,,False,[],
,The pickle module guarantees that loading untrusted data cannot execute code.,Unpickling untrusted data can execute arbitrary code; only unpickle trusted data.,synthetic,Python Software Foundation documentation,https://docs.python.org/3/library/pickle.html,python-docs:cg166b_pickle_security,Python Software Foundation License Version 2; retain attribution and source URL,standard library: pickle,Python,cg166b_pickle_security,page:https://docs.python.org/3/library/pickle.html,Synthetic claim candidate derived from a curated official-documentation fact; not a human annotation.,Candidate wording requires independent evidence-only review,Python object serialization,Warning,cg166b_pickle_security,pending,cg166b-cg166b_pickle_security-c,cg166b-cg166b_pickle_security-c,external,unassigned,Contradicted,,,,pending,,,,,,,,,,,,,,external_review_pool,page:https://docs.python.org/3/library/pickle.html,,,,False,[],,,False,[],
,A digital signature alone makes arbitrary pickle payloads safe to execute.,Unpickling untrusted data can execute arbitrary code; only unpickle trusted data.,synthetic,Python Software Foundation documentation,https://docs.python.org/3/library/pickle.html,python-docs:cg166b_pickle_security,Python Software Foundation License Version 2; retain attribution and source URL,standard library: pickle,Python,cg166b_pickle_security,page:https://docs.python.org/3/library/pickle.html,Synthetic claim candidate derived from a curated official-documentation fact; not a human annotation.,Candidate wording requires independent evidence-only review,Python object serialization,Warning,cg166b_pickle_security,pending,cg166b-cg166b_pickle_security-i,cg166b-cg166b_pickle_security-i,external,unassigned,Insufficient Evidence,,,,pending,,,,,,,,,,,,,,external_review_pool,page:https://docs.python.org/3/library/pickle.html,,,,False,[],,,False,[],
,The pickle documentation warns against unpickling untrusted input.,Unpickling untrusted data can execute arbitrary code; only unpickle trusted data.,synthetic,Python Software Foundation documentation,https://docs.python.org/3/library/pickle.html,python-docs:cg166b_pickle_security,Python Software Foundation License Version 2; retain attribution and source URL,standard library: pickle,Python,cg166b_pickle_security,page:https://docs.python.org/3/library/pickle.html,Synthetic claim candidate derived from a curated official-documentation fact; not a human annotation.,Candidate wording requires independent evidence-only review,Python object serialization,Warning,cg166b_pickle_security,pending,cg166b-cg166b_pickle_security-s,cg166b-cg166b_pickle_security-s,external,unassigned,Supported,,,,pending,,,,,,,,,,,,,,external_review_pool,page:https://docs.python.org/3/library/pickle.html,,,,False,[],,,False,[],
,The expression 0 ** 0 raises ZeroDivisionError.,Python defines 0**0 as 1.,synthetic,Python Software Foundation documentation,https://docs.python.org/3/library/stdtypes.html,python-docs:cg166b_pow_zero,Python Software Foundation License Version 2; retain attribution and source URL,numeric behavior,Python,cg166b_pow_zero,page:https://docs.python.org/3/library/stdtypes.html,Synthetic claim candidate derived from a curated official-documentation fact; not a human annotation.,Candidate wording requires independent evidence-only review,Built-in Types,Numeric Types,cg166b_pow_zero,pending,cg166b-cg166b_pow_zero-c,cg166b-cg166b_pow_zero-c,internal,unassigned,Contradicted,,,,pending,,,,,,,,,,,,,,review_batch_004,page:https://docs.python.org/3/library/stdtypes.html,,,,False,[],,,False,[],
,All programming languages define zero raised to zero as one.,Python defines 0**0 as 1.,synthetic,Python Software Foundation documentation,https://docs.python.org/3/library/stdtypes.html,python-docs:cg166b_pow_zero,Python Software Foundation License Version 2; retain attribution and source URL,numeric behavior,Python,cg166b_pow_zero,page:https://docs.python.org/3/library/stdtypes.html,Synthetic claim candidate derived from a curated official-documentation fact; not a human annotation.,Candidate wording requires independent evidence-only review,Built-in Types,Numeric Types,cg166b_pow_zero,pending,cg166b-cg166b_pow_zero-i,cg166b-cg166b_pow_zero-i,internal,unassigned,Insufficient Evidence,,,,pending,,,,,,,,,,,,,,review_batch_004,page:https://docs.python.org/3/library/stdtypes.html,,,,False,[],,,False,[],
,The sqlite3 connection context manager always closes the connection on exit.,A connection context manager commits or rolls back a transaction but does not close the connection.,synthetic,Python Software Foundation documentation,https://docs.python.org/3/library/sqlite3.html,python-docs:cg166b_sqlite_commit,Python Software Foundation License Version 2; retain attribution and source URL,standard library: sqlite3,Python,cg166b_sqlite_commit,page:https://docs.python.org/3/library/sqlite3.html,Synthetic claim candidate derived from a curated official-documentation fact; not a human annotation.,Candidate wording requires independent evidence-only review,SQLite database,Transaction control,cg166b_sqlite_commit,pending,cg166b-cg166b_sqlite_commit-c,cg166b-cg166b_sqlite_commit-c,external,unassigned,Contradicted,,,,pending,,,,,,,,,,,,,,external_review_pool,page:https://docs.python.org/3/library/sqlite3.html,,,,False,[],,,False,[],
,A context-managed sqlite3 connection always commits even when the block raises an exception.,A connection context manager commits or rolls back a transaction but does not close the connection.,synthetic,Python Software Foundation documentation,https://docs.python.org/3/library/sqlite3.html,python-docs:cg166b_sqlite_commit,Python Software Foundation License Version 2; retain attribution and source URL,standard library: sqlite3,Python,cg166b_sqlite_commit,page:https://docs.python.org/3/library/sqlite3.html,Synthetic claim candidate derived from a curated official-documentation fact; not a human annotation.,Candidate wording requires independent evidence-only review,SQLite database,Transaction control,cg166b_sqlite_commit,pending,cg166b-cg166b_sqlite_commit-i,cg166b-cg166b_sqlite_commit-i,external,unassigned,Insufficient Evidence,,,,pending,,,,,,,,,,,,,,external_review_pool,page:https://docs.python.org/3/library/sqlite3.html,,,,False,[],,,False,[],
,Exiting a sqlite3 connection context manager does not itself close the connection.,A connection context manager commits or rolls back a transaction but does not close the connection.,synthetic,Python Software Foundation documentation,https://docs.python.org/3/library/sqlite3.html,python-docs:cg166b_sqlite_commit,Python Software Foundation License Version 2; retain attribution and source URL,standard library: sqlite3,Python,cg166b_sqlite_commit,page:https://docs.python.org/3/library/sqlite3.html,Synthetic claim candidate derived from a curated official-documentation fact; not a human annotation.,Candidate wording requires independent evidence-only review,SQLite database,Transaction control,cg166b_sqlite_commit,pending,cg166b-cg166b_sqlite_commit-s,cg166b-cg166b_sqlite_commit-s,external,unassigned,Supported,,,,pending,,,,,,,,,,,,,,external_review_pool,page:https://docs.python.org/3/library/sqlite3.html,,,,False,[],,,False,[],
,The sqlite3 documentation recommends interpolating values into SQL with Python string formatting.,The docs recommend placeholders for binding values rather than string formatting SQL values.,synthetic,Python Software Foundation documentation,https://docs.python.org/3/library/sqlite3.html,python-docs:cg166b_sqlite_parameter,Python Software Foundation License Version 2; retain attribution and source URL,standard library: sqlite3,Python,cg166b_sqlite_parameter,page:https://docs.python.org/3/library/sqlite3.html,Synthetic claim candidate derived from a curated official-documentation fact; not a human annotation.,Candidate wording requires independent evidence-only review,SQLite database,How to use placeholders to bind values in SQL queries,cg166b_sqlite_parameter,pending,cg166b-cg166b_sqlite_parameter-c,cg166b-cg166b_sqlite_parameter-c,external,unassigned,Contradicted,,,,pending,,,,,,,,,,,,,,external_review_pool,page:https://docs.python.org/3/library/sqlite3.html,,,,False,[],,,False,[],
,Binding parameters allows a placeholder to replace a table identifier in every SQL statement.,The docs recommend placeholders for binding values rather than string formatting SQL values.,synthetic,Python Software Foundation documentation,https://docs.python.org/3/library/sqlite3.html,python-docs:cg166b_sqlite_parameter,Python Software Foundation License Version 2; retain attribution and source URL,standard library: sqlite3,Python,cg166b_sqlite_parameter,page:https://docs.python.org/3/library/sqlite3.html,Synthetic claim candidate derived from a curated official-documentation fact; not a human annotation.,Candidate wording requires independent evidence-only review,SQLite database,How to use placeholders to bind values in SQL queries,cg166b_sqlite_parameter,pending,cg166b-cg166b_sqlite_parameter-i,cg166b-cg166b_sqlite_parameter-i,external,unassigned,Insufficient Evidence,,,,pending,,,,,,,,,,,,,,external_review_pool,page:https://docs.python.org/3/library/sqlite3.html,,,,False,[],,,False,[],
,sqlite3 parameter substitution is the recommended way to bind SQL values.,The docs recommend placeholders for binding values rather than string formatting SQL values.,synthetic,Python Software Foundation documentation,https://docs.python.org/3/library/sqlite3.html,python-docs:cg166b_sqlite_parameter,Python Software Foundation License Version 2; retain attribution and source URL,standard library: sqlite3,Python,cg166b_sqlite_parameter,page:https://docs.python.org/3/library/sqlite3.html,Synthetic claim candidate derived from a curated official-documentation fact; not a human annotation.,Candidate wording requires independent evidence-only review,SQLite database,How to use placeholders to bind values in SQL queries,cg166b_sqlite_parameter,pending,cg166b-cg166b_sqlite_parameter-s,cg166b-cg166b_sqlite_parameter-s,external,unassigned,Supported,,,,pending,,,,,,,,,,,,,,external_review_pool,page:https://docs.python.org/3/library/sqlite3.html,,,,False,[],,,False,[],
,sqlite3.Row returns each row as a mutable dictionary by default.,row_factory controls how fetched rows are represented; sqlite3.Row provides indexed and named access.,synthetic,Python Software Foundation documentation,https://docs.python.org/3/library/sqlite3.html,python-docs:cg166b_sqlite_row_factory,Python Software Foundation License Version 2; retain attribution and source URL,standard library: sqlite3,Python,cg166b_sqlite_row_factory,page:https://docs.python.org/3/library/sqlite3.html,Synthetic claim candidate derived from a curated official-documentation fact; not a human annotation.,Candidate wording requires independent evidence-only review,SQLite database,How to create and use row factories,cg166b_sqlite_row_factory,pending,cg166b-cg166b_sqlite_row_factory-c,cg166b-cg166b_sqlite_row_factory-c,external,unassigned,Contradicted,,,,pending,,,,,,,,,,,,,,external_review_pool,page:https://docs.python.org/3/library/sqlite3.html,,,,False,[],,,False,[],
,Setting row_factory retroactively changes row objects that were already fetched.,row_factory controls how fetched rows are represented; sqlite3.Row provides indexed and named access.,synthetic,Python Software Foundation documentation,https://docs.python.org/3/library/sqlite3.html,python-docs:cg166b_sqlite_row_factory,Python Software Foundation License Version 2; retain attribution and source URL,standard library: sqlite3,Python,cg166b_sqlite_row_factory,page:https://docs.python.org/3/library/sqlite3.html,Synthetic claim candidate derived from a curated official-documentation fact; not a human annotation.,Candidate wording requires independent evidence-only review,SQLite database,How to create and use row factories,cg166b_sqlite_row_factory,pending,cg166b-cg166b_sqlite_row_factory-i,cg166b-cg166b_sqlite_row_factory-i,external,unassigned,Insufficient Evidence,,,,pending,,,,,,,,,,,,,,external_review_pool,page:https://docs.python.org/3/library/sqlite3.html,,,,False,[],,,False,[],
,sqlite3.Row supports access by column index and column name.,row_factory controls how fetched rows are represented; sqlite3.Row provides indexed and named access.,synthetic,Python Software Foundation documentation,https://docs.python.org/3/library/sqlite3.html,python-docs:cg166b_sqlite_row_factory,Python Software Foundation License Version 2; retain attribution and source URL,standard library: sqlite3,Python,cg166b_sqlite_row_factory,page:https://docs.python.org/3/library/sqlite3.html,Synthetic claim candidate derived from a curated official-documentation fact; not a human annotation.,Candidate wording requires independent evidence-only review,SQLite database,How to create and use row factories,cg166b_sqlite_row_factory,pending,cg166b-cg166b_sqlite_row_factory-s,cg166b-cg166b_sqlite_row_factory-s,external,unassigned,Supported,,,,pending,,,,,,,,,,,,,,external_review_pool,page:https://docs.python.org/3/library/sqlite3.html,,,,False,[],,,False,[],
,statistics.fmean returns an exact Fraction whenever all inputs are rational.,fmean computes an arithmetic mean using floating-point arithmetic and returns a float.,synthetic,Python Software Foundation documentation,https://docs.python.org/3/library/statistics.html,python-docs:cg166b_statistics_fmean,Python Software Foundation License Version 2; retain attribution and source URL,standard library: statistics,Python,cg166b_statistics_fmean,page:https://docs.python.org/3/library/statistics.html,Synthetic claim candidate derived from a curated official-documentation fact; not a human annotation.,Candidate wording requires independent evidence-only review,Statistics,statistics.fmean,cg166b_statistics_fmean,pending,cg166b-cg166b_statistics_fmean-c,cg166b-cg166b_statistics_fmean-c,external,unassigned,Contradicted,,,,pending,,,,,,,,,,,,,,external_review_pool,page:https://docs.python.org/3/library/statistics.html,,,,False,[],,,False,[],
,fmean validates that all observations came from the same statistical population.,fmean computes an arithmetic mean using floating-point arithmetic and returns a float.,synthetic,Python Software Foundation documentation,https://docs.python.org/3/library/statistics.html,python-docs:cg166b_statistics_fmean,Python Software Foundation License Version 2; retain attribution and source URL,standard library: statistics,Python,cg166b_statistics_fmean,page:https://docs.python.org/3/library/statistics.html,Synthetic claim candidate derived from a curated official-documentation fact; not a human annotation.,Candidate wording requires independent evidence-only review,Statistics,statistics.fmean,cg166b_statistics_fmean,pending,cg166b-cg166b_statistics_fmean-i,cg166b-cg166b_statistics_fmean-i,external,unassigned,Insufficient Evidence,,,,pending,,,,,,,,,,,,,,external_review_pool,page:https://docs.python.org/3/library/statistics.html,,,,False,[],,,False,[],
,statistics.fmean returns a float result.,fmean computes an arithmetic mean using floating-point arithmetic and returns a float.,synthetic,Python Software Foundation documentation,https://docs.python.org/3/library/statistics.html,python-docs:cg166b_statistics_fmean,Python Software Foundation License Version 2; retain attribution and source URL,standard library: statistics,Python,cg166b_statistics_fmean,page:https://docs.python.org/3/library/statistics.html,Synthetic claim candidate derived from a curated official-documentation fact; not a human annotation.,Candidate wording requires independent evidence-only review,Statistics,statistics.fmean,cg166b_statistics_fmean,pending,cg166b-cg166b_statistics_fmean-s,cg166b-cg166b_statistics_fmean-s,external,unassigned,Supported,,,,pending,,,,,,,,,,,,,,external_review_pool,page:https://docs.python.org/3/library/statistics.html,,,,False,[],,,False,[],
,statistics.median always chooses the lower of the two middle values for even-length data.,"statistics.median returns the middle value of sorted data, or the mean of the two middle values for even length.",synthetic,Python Software Foundation documentation,https://docs.python.org/3/library/statistics.html,python-docs:cg166b_statistics_median,Python Software Foundation License Version 2; retain attribution and source URL,standard library: statistics,Python,cg166b_statistics_median,page:https://docs.python.org/3/library/statistics.html,Synthetic claim candidate derived from a curated official-documentation fact; not a human annotation.,Candidate wording requires independent evidence-only review,Statistics,Measures of central location,cg166b_statistics_median,pending,cg166b-cg166b_statistics_median-c,cg166b-cg166b_statistics_median-c,external,unassigned,Contradicted,,,,pending,,,,,,,,,,,,,,external_review_pool,page:https://docs.python.org/3/library/statistics.html,,,,False,[],,,False,[],
,statistics.median ignores every non-numeric item in its input automatically.,"statistics.median returns the middle value of sorted data, or the mean of the two middle values for even length.",synthetic,Python Software Foundation documentation,https://docs.python.org/3/library/statistics.html,python-docs:cg166b_statistics_median,Python Software Foundation License Version 2; retain attribution and source URL,standard library: statistics,Python,cg166b_statistics_median,page:https://docs.python.org/3/library/statistics.html,Synthetic claim candidate derived from a curated official-documentation fact; not a human annotation.,Candidate wording requires independent evidence-only review,Statistics,Measures of central location,cg166b_statistics_median,pending,cg166b-cg166b_statistics_median-i,cg166b-cg166b_statistics_median-i,external,unassigned,Insufficient Evidence,,,,pending,,,,,,,,,,,,,,external_review_pool,page:https://docs.python.org/3/library/statistics.html,,,,False,[],,,False,[],
,"For an even number of data points, statistics.median returns the mean of the two middle values.","statistics.median returns the middle value of sorted data, or the mean of the two middle values for even length.",synthetic,Python Software Foundation documentation,https://docs.python.org/3/library/statistics.html,python-docs:cg166b_statistics_median,Python Software Foundation License Version 2; retain attribution and source URL,standard library: statistics,Python,cg166b_statistics_median,page:https://docs.python.org/3/library/statistics.html,Synthetic claim candidate derived from a curated official-documentation fact; not a human annotation.,Candidate wording requires independent evidence-only review,Statistics,Measures of central location,cg166b_statistics_median,pending,cg166b-cg166b_statistics_median-s,cg166b-cg166b_statistics_median-s,external,unassigned,Supported,,,,pending,,,,,,,,,,,,,,external_review_pool,page:https://docs.python.org/3/library/statistics.html,,,,False,[],,,False,[],
,statistics.mode always raises an error when multiple values share the highest frequency.,mode returns a single most common value; in multimodal data the first encountered mode is returned.,synthetic,Python Software Foundation documentation,https://docs.python.org/3/library/statistics.html,python-docs:cg166b_statistics_mode,Python Software Foundation License Version 2; retain attribution and source URL,standard library: statistics,Python,cg166b_statistics_mode,page:https://docs.python.org/3/library/statistics.html,Synthetic claim candidate derived from a curated official-documentation fact; not a human annotation.,Candidate wording requires independent evidence-only review,Statistics,statistics.mode,cg166b_statistics_mode,pending,cg166b-cg166b_statistics_mode-c,cg166b-cg166b_statistics_mode-c,external,unassigned,Contradicted,,,,pending,,,,,,,,,,,,,,external_review_pool,page:https://docs.python.org/3/library/statistics.html,,,,False,[],,,False,[],
,The order of all unordered input collections is stable across processes when determining a mode.,mode returns a single most common value; in multimodal data the first encountered mode is returned.,synthetic,Python Software Foundation documentation,https://docs.python.org/3/library/statistics.html,python-docs:cg166b_statistics_mode,Python Software Foundation License Version 2; retain attribution and source URL,standard library: statistics,Python,cg166b_statistics_mode,page:https://docs.python.org/3/library/statistics.html,Synthetic claim candidate derived from a curated official-documentation fact; not a human annotation.,Candidate wording requires independent evidence-only review,Statistics,statistics.mode,cg166b_statistics_mode,pending,cg166b-cg166b_statistics_mode-i,cg166b-cg166b_statistics_mode-i,external,unassigned,Insufficient Evidence,,,,pending,,,,,,,,,,,,,,external_review_pool,page:https://docs.python.org/3/library/statistics.html,,,,False,[],,,False,[],
,"statistics.mode returns one value when several modes are tied, using the first encountered mode.",mode returns a single most common value; in multimodal data the first encountered mode is returned.,synthetic,Python Software Foundation documentation,https://docs.python.org/3/library/statistics.html,python-docs:cg166b_statistics_mode,Python Software Foundation License Version 2; retain attribution and source URL,standard library: statistics,Python,cg166b_statistics_mode,page:https://docs.python.org/3/library/statistics.html,Synthetic claim candidate derived from a curated official-documentation fact; not a human annotation.,Candidate wording requires independent evidence-only review,Statistics,statistics.mode,cg166b_statistics_mode,pending,cg166b-cg166b_statistics_mode-s,cg166b-cg166b_statistics_mode-s,external,unassigned,Supported,,,,pending,,,,,,,,,,,,,,external_review_pool,page:https://docs.python.org/3/library/statistics.html,,,,False,[],,,False,[],
,A str supports item assignment to replace one character in place.,Strings are immutable sequences of Unicode code points.,synthetic,Python Software Foundation documentation,https://docs.python.org/3/library/stdtypes.html,python-docs:cg166b_str_immutable,Python Software Foundation License Version 2; retain attribution and source URL,strings,Python,cg166b_str_immutable,page:https://docs.python.org/3/library/stdtypes.html,Synthetic claim candidate derived from a curated official-documentation fact; not a human annotation.,Candidate wording requires independent evidence-only review,Built-in Types,Text Sequence Type,cg166b_str_immutable,pending,cg166b-cg166b_str_immutable-c,cg166b-cg166b_str_immutable-c,internal,unassigned,Contradicted,,,,pending,,,,,,,,,,,,,,review_batch_004,page:https://docs.python.org/3/library/stdtypes.html,,,,False,[],,,False,[],
,An individual character of an existing str cannot be replaced in place.,Strings are immutable sequences of Unicode code points.,synthetic,Python Software Foundation documentation,https://docs.python.org/3/library/stdtypes.html,python-docs:cg166b_str_immutable,Python Software Foundation License Version 2; retain attribution and source URL,strings,Python,cg166b_str_immutable,page:https://docs.python.org/3/library/stdtypes.html,Synthetic claim candidate derived from a curated official-documentation fact; not a human annotation.,Candidate wording requires independent evidence-only review,Built-in Types,Text Sequence Type,cg166b_str_immutable,pending,cg166b-cg166b_str_immutable-s,cg166b-cg166b_str_immutable-s,internal,unassigned,Supported,,,,pending,,,,,,,,,,,,,,review_batch_006,page:https://docs.python.org/3/library/stdtypes.html,,,,False,[],,,False,[],
,string.capwords preserves every original run of whitespace by default.,"string.capwords splits on whitespace, capitalizes each word, and joins with a single space by default.",synthetic,Python Software Foundation documentation,https://docs.python.org/3/library/string.html,python-docs:cg166b_string_capwords,Python Software Foundation License Version 2; retain attribution and source URL,standard library: string,Python,cg166b_string_capwords,page:https://docs.python.org/3/library/string.html,Synthetic claim candidate derived from a curated official-documentation fact; not a human annotation.,Candidate wording requires independent evidence-only review,Common string operations,string.capwords,cg166b_string_capwords,pending,cg166b-cg166b_string_capwords-c,cg166b-cg166b_string_capwords-c,internal,unassigned,Contradicted,,,,pending,,,,,,,,,,,,,,review_batch_003,page:https://docs.python.org/3/library/string.html,,,,False,[],,,False,[],
,string.capwords can normalize runs of whitespace to single spaces when sep is omitted.,"string.capwords splits on whitespace, capitalizes each word, and joins with a single space by default.",synthetic,Python Software Foundation documentation,https://docs.python.org/3/library/string.html,python-docs:cg166b_string_capwords,Python Software Foundation License Version 2; retain attribution and source URL,standard library: string,Python,cg166b_string_capwords,page:https://docs.python.org/3/library/string.html,Synthetic claim candidate derived from a curated official-documentation fact; not a human annotation.,Candidate wording requires independent evidence-only review,Common string operations,string.capwords,cg166b_string_capwords,pending,cg166b-cg166b_string_capwords-s,cg166b-cg166b_string_capwords-s,internal,unassigned,Supported,,,,pending,,,,,,,,,,,,,,review_batch_005,page:https://docs.python.org/3/library/string.html,,,,False,[],,,False,[],
,Every newly defined object is false until __bool__ is implemented.,By default an object is true unless __bool__ returns False or __len__ returns zero.,synthetic,Python Software Foundation documentation,https://docs.python.org/3/library/stdtypes.html,python-docs:cg166b_truth_default,Python Software Foundation License Version 2; retain attribution and source URL,truth-value testing,Python,cg166b_truth_default,page:https://docs.python.org/3/library/stdtypes.html,Synthetic claim candidate derived from a curated official-documentation fact; not a human annotation.,Candidate wording requires independent evidence-only review,Built-in Types,Truth Value Testing,cg166b_truth_default,pending,cg166b-cg166b_truth_default-c,cg166b-cg166b_truth_default-c,internal,unassigned,Contradicted,,,,pending,,,,,,,,,,,,,,review_batch_002,page:https://docs.python.org/3/library/stdtypes.html,,,,False,[],,,False,[],
,A custom object's truth value is cached after its first condition check.,By default an object is true unless __bool__ returns False or __len__ returns zero.,synthetic,Python Software Foundation documentation,https://docs.python.org/3/library/stdtypes.html,python-docs:cg166b_truth_default,Python Software Foundation License Version 2; retain attribution and source URL,truth-value testing,Python,cg166b_truth_default,page:https://docs.python.org/3/library/stdtypes.html,Synthetic claim candidate derived from a curated official-documentation fact; not a human annotation.,Candidate wording requires independent evidence-only review,Built-in Types,Truth Value Testing,cg166b_truth_default,pending,cg166b-cg166b_truth_default-i,cg166b-cg166b_truth_default-i,internal,unassigned,Insufficient Evidence,,,,pending,,,,,,,,,,,,,,review_batch_006,page:https://docs.python.org/3/library/stdtypes.html,,,,False,[],,,False,[],
,An empty tuple has a true truth value because tuples are immutable.,"Empty strings, tuples, lists, dictionaries, sets, and range(0) are false.",synthetic,Python Software Foundation documentation,https://docs.python.org/3/library/stdtypes.html,python-docs:cg166b_truth_empty,Python Software Foundation License Version 2; retain attribution and source URL,truth-value testing,Python,cg166b_truth_empty,page:https://docs.python.org/3/library/stdtypes.html,Synthetic claim candidate derived from a curated official-documentation fact; not a human annotation.,Candidate wording requires independent evidence-only review,Built-in Types,Truth Value Testing,cg166b_truth_empty,pending,cg166b-cg166b_truth_empty-c,cg166b-cg166b_truth_empty-c,internal,unassigned,Contradicted,,,,pending,,,,,,,,,,,,,,review_batch_003,page:https://docs.python.org/3/library/stdtypes.html,,,,False,[],,,False,[],
,An empty list has a false truth value.,"Empty strings, tuples, lists, dictionaries, sets, and range(0) are false.",synthetic,Python Software Foundation documentation,https://docs.python.org/3/library/stdtypes.html,python-docs:cg166b_truth_empty,Python Software Foundation License Version 2; retain attribution and source URL,truth-value testing,Python,cg166b_truth_empty,page:https://docs.python.org/3/library/stdtypes.html,Synthetic claim candidate derived from a curated official-documentation fact; not a human annotation.,Candidate wording requires independent evidence-only review,Built-in Types,Truth Value Testing,cg166b_truth_empty,pending,cg166b-cg166b_truth_empty-s,cg166b-cg166b_truth_empty-s,internal,unassigned,Supported,,,,pending,,,,,,,,,,,,,,review_batch_004,page:https://docs.python.org/3/library/stdtypes.html,,,,False,[],,,False,[],
,itertools.chain interleaves items from all inputs in round-robin order.,"chain returns an iterator that returns elements from the first iterable until it is exhausted, then proceeds to the next iterable.",synthetic,Python Software Foundation documentation,https://docs.python.org/3/library/itertools.html,python-docs:chain_iterables,Python Software Foundation License Version 2; retain attribution and source URL,iteration,Python,chain_iterables,page:https://docs.python.org/3/library/itertools.html,Synthetic claim candidate derived from a curated official-documentation fact; not a human annotation.,Candidate wording requires independent evidence-only review,Itertools,chain,chain_iterables,pending,cg165-019-c,cg165-019-c,internal,unassigned,Contradicted,,,,pending,,,,,,,,,,,,,,review_batch_004,page:https://docs.python.org/3/library/itertools.html,,,,False,[],,,False,[],
,itertools.chain.from_iterable takes a single iterable of iterables as its input.,"chain returns an iterator that returns elements from the first iterable until it is exhausted, then proceeds to the next iterable.",synthetic,Python Software Foundation documentation,https://docs.python.org/3/library/itertools.html,python-docs:chain_iterables,Python Software Foundation License Version 2; retain attribution and source URL,iteration,Python,chain_iterables,page:https://docs.python.org/3/library/itertools.html,Synthetic claim candidate derived from a curated official-documentation fact; not a human annotation.,Candidate wording requires independent evidence-only review,Itertools,chain,chain_iterables,pending,cg165-019-i,cg165-019-i,internal,unassigned,Insufficient Evidence,,,,pending,,,,,,,,,,,,,,review_batch_006,page:https://docs.python.org/3/library/itertools.html,,,,False,[],,,False,[],
,itertools.chain processes its input iterables in sequence.,"chain returns an iterator that returns elements from the first iterable until it is exhausted, then proceeds to the next iterable.",synthetic,Python Software Foundation documentation,https://docs.python.org/3/library/itertools.html,python-docs:chain_iterables,Python Software Foundation License Version 2; retain attribution and source URL,iteration,Python,chain_iterables,page:https://docs.python.org/3/library/itertools.html,Synthetic claim candidate derived from a curated official-documentation fact; not a human annotation.,Candidate wording requires independent evidence-only review,Itertools,chain,chain_iterables,pending,cg165-019-s,cg165-019-s,internal,unassigned,Supported,,,,pending,,,,,,,,,,,,,,review_batch_006,page:https://docs.python.org/3/library/itertools.html,,,,False,[],,,False,[],
,"When a rich-comparison result is used as a condition, Python applies bool() to it.",Comparison methods may return non-bool values; Boolean contexts convert the result with bool().,synthetic,Python Software Foundation documentation,https://docs.python.org/3/reference/datamodel.html,python-docs:comparison_boolean_context_calls_bool,Python Software Foundation License Version 2; retain attribution and source URL,comparison behavior,Python,comparison_boolean_context_calls_bool,page:https://docs.python.org/3/reference/datamodel.html,Synthetic candidate claim reproducing one curated source fact; not a human annotation.,Pending independent source-backed human review,Data model,Rich comparison methods,comparison_boolean_context_calls_bool,pending,cg169-comparison_boolean_context_calls_bool-s,cg169-comparison_boolean_context_calls_bool-s,external,unassigned,Supported,,,,pending,,,,,,,,,,,,,,external_review_pool,page:https://docs.python.org/3/reference/datamodel.html,,,,False,[],,,False,[],
,The default object.__eq__ treats an object as equal to itself and otherwise returns NotImplemented.,object's default __eq__ compares identity and returns NotImplemented when identities differ.,synthetic,Python Software Foundation documentation,https://docs.python.org/3/reference/datamodel.html,python-docs:comparison_default_object_eq_identity,Python Software Foundation License Version 2; retain attribution and source URL,comparison behavior,Python,comparison_default_object_eq_identity,page:https://docs.python.org/3/reference/datamodel.html,Synthetic candidate claim reproducing one curated source fact; not a human annotation.,Pending independent source-backed human review,Data model,Rich comparison methods,comparison_default_object_eq_identity,pending,cg169-comparison_default_object_eq_identity-s,cg169-comparison_default_object_eq_identity-s,external,unassigned,Supported,,,,pending,,,,,,,,,,,,,,external_review_pool,page:https://docs.python.org/3/reference/datamodel.html,,,,False,[],,,False,[],
,"If two objects compare equal, their hash values must be equal.",Objects that compare equal are required to have equal hash values.,synthetic,Python Software Foundation documentation,https://docs.python.org/3/reference/datamodel.html,python-docs:comparison_equal_hash_required,Python Software Foundation License Version 2; retain attribution and source URL,object model and hashing,Python,comparison_equal_hash_required,page:https://docs.python.org/3/reference/datamodel.html,Synthetic candidate claim reproducing one curated source fact; not a human annotation.,Pending independent source-backed human review,Data model,Emulating numeric types,comparison_equal_hash_required,pending,cg169-comparison_equal_hash_required-s,cg169-comparison_equal_hash_required-s,external,unassigned,Supported,,,,pending,,,,,,,,,,,,,,external_review_pool,page:https://docs.python.org/3/reference/datamodel.html,,,,False,[],,,False,[],
,A rich comparison method can return NotImplemented when it does not implement a comparison for the operands.,Rich comparison methods may return NotImplemented for operand pairs they do not handle.,synthetic,Python Software Foundation documentation,https://docs.python.org/3/reference/datamodel.html,python-docs:comparison_returns_notimplemented,Python Software Foundation License Version 2; retain attribution and source URL,comparison behavior,Python,comparison_returns_notimplemented,page:https://docs.python.org/3/reference/datamodel.html,Synthetic candidate claim reproducing one curated source fact; not a human annotation.,Pending independent source-backed human review,Data model,Rich comparison methods,comparison_returns_notimplemented,pending,cg169-comparison_returns_notimplemented-s,cg169-comparison_returns_notimplemented-s,external,unassigned,Supported,,,,pending,,,,,,,,,,,,,,external_review_pool,page:https://docs.python.org/3/reference/datamodel.html,,,,False,[],,,False,[],
,contextlib.contextmanager injects an exception from the with body at the generator's yield point.,An unhandled exception from the with body is reraised inside the generator at the yield point.,synthetic,Python Software Foundation documentation,https://docs.python.org/3/library/contextlib.html,python-docs:contextmanager_body_exception_injected,Python Software Foundation License Version 2; retain attribution and source URL,context managers and exceptions,Python,contextmanager_body_exception_injected,page:https://docs.python.org/3/library/contextlib.html,Synthetic candidate claim reproducing one curated source fact; not a human annotation.,Pending independent source-backed human review,Utilities for with-statement contexts,contextmanager,contextmanager_body_exception_injected,pending,cg169-contextmanager_body_exception_injected-s,cg169-contextmanager_body_exception_injected-s,external,unassigned,Supported,,,,pending,,,,,,,,,,,,,,external_review_pool,page:https://docs.python.org/3/library/contextlib.html,,,,False,[],,,False,[],
,A generator used by contextlib.contextmanager must yield exactly one value for the with statement.,A generator decorated with contextmanager must yield exactly one value.,synthetic,Python Software Foundation documentation,https://docs.python.org/3/library/contextlib.html,python-docs:contextmanager_exactly_one_yield,Python Software Foundation License Version 2; retain attribution and source URL,context managers,Python,contextmanager_exactly_one_yield,page:https://docs.python.org/3/library/contextlib.html,Synthetic candidate claim reproducing one curated source fact; not a human annotation.,Pending independent source-backed human review,Utilities for with-statement contexts,contextmanager,contextmanager_exactly_one_yield,pending,cg169-contextmanager_exactly_one_yield-s,cg169-contextmanager_exactly_one_yield-s,external,unassigned,Supported,,,,pending,,,,,,,,,,,,,,external_review_pool,page:https://docs.python.org/3/library/contextlib.html,,,,False,[],,,False,[],
,A contextmanager generator that catches an exception without suppressing it must reraise it.,"If a contextmanager generator catches an exception only to log or act, it must reraise it or the with statement treats it as handled.",synthetic,Python Software Foundation documentation,https://docs.python.org/3/library/contextlib.html,python-docs:contextmanager_reraise_logged_exception,Python Software Foundation License Version 2; retain attribution and source URL,context managers and exceptions,Python,contextmanager_reraise_logged_exception,page:https://docs.python.org/3/library/contextlib.html,Synthetic candidate claim reproducing one curated source fact; not a human annotation.,Pending independent source-backed human review,Utilities for with-statement contexts,contextmanager,contextmanager_reraise_logged_exception,pending,cg169-contextmanager_reraise_logged_exception-s,cg169-contextmanager_reraise_logged_exception-s,external,unassigned,Supported,,,,pending,,,,,,,,,,,,,,external_review_pool,page:https://docs.python.org/3/library/contextlib.html,,,,False,[],,,False,[],
,A contextlib.contextmanager instance is single-use and cannot be entered a second time.,Context managers created by contextmanager are single use; reusing one can raise RuntimeError because its generator did not yield.,synthetic,Python Software Foundation documentation,https://docs.python.org/3/library/contextlib.html,python-docs:contextmanager_single_use,Python Software Foundation License Version 2; retain attribution and source URL,context managers,Python,contextmanager_single_use,page:https://docs.python.org/3/library/contextlib.html,Synthetic candidate claim reproducing one curated source fact; not a human annotation.,Pending independent source-backed human review,Utilities for with-statement contexts,"Single use, reusable and reentrant context managers",contextmanager_single_use,pending,cg169-contextmanager_single_use-s,cg169-contextmanager_single_use-s,external,unassigned,Supported,,,,pending,,,,,,,,,,,,,,external_review_pool,page:https://docs.python.org/3/library/contextlib.html,,,,False,[],,,False,[],
,copy.deepcopy only creates a new outer container and always reuses every nested reference.,A deep copy constructs a new compound object and then recursively inserts copies of the objects found in the original.,synthetic,Python Software Foundation documentation,https://docs.python.org/3/library/copy.html,python-docs:copy_deep,Python Software Foundation License Version 2; retain attribution and source URL,object model,Python,copy_deep,page:https://docs.python.org/3/library/copy.html,Synthetic claim candidate derived from a curated official-documentation fact; not a human annotation.,Candidate wording requires independent evidence-only review,Copy,Shallow and deep copy operations,copy_deep,pending,cg165-025-c,cg165-025-c,internal,unassigned,Contradicted,,,,pending,,,,,,,,,,,,,,review_batch_006,page:https://docs.python.org/3/library/copy.html,,,,False,[],,,False,[],
,copy.deepcopy uses a memo dictionary to avoid recursive loops.,A deep copy constructs a new compound object and then recursively inserts copies of the objects found in the original.,synthetic,Python Software Foundation documentation,https://docs.python.org/3/library/copy.html,python-docs:copy_deep,Python Software Foundation License Version 2; retain attribution and source URL,object model,Python,copy_deep,page:https://docs.python.org/3/library/copy.html,Synthetic claim candidate derived from a curated official-documentation fact; not a human annotation.,Candidate wording requires independent evidence-only review,Copy,Shallow and deep copy operations,copy_deep,pending,cg165-025-i,cg165-025-i,internal,unassigned,Insufficient Evidence,,,,pending,,,,,,,,,,,,,,review_batch_005,page:https://docs.python.org/3/library/copy.html,,,,False,[],,,False,[],
,"copy.deepcopy recursively copies nested objects, subject to the module's documented behavior.",A deep copy constructs a new compound object and then recursively inserts copies of the objects found in the original.,synthetic,Python Software Foundation documentation,https://docs.python.org/3/library/copy.html,python-docs:copy_deep,Python Software Foundation License Version 2; retain attribution and source URL,object model,Python,copy_deep,page:https://docs.python.org/3/library/copy.html,Synthetic claim candidate derived from a curated official-documentation fact; not a human annotation.,Candidate wording requires independent evidence-only review,Copy,Shallow and deep copy operations,copy_deep,pending,cg165-025-s,cg165-025-s,internal,unassigned,Supported,,,,pending,,,,,,,,,,,,,,review_batch_003,page:https://docs.python.org/3/library/copy.html,,,,False,[],,,False,[],
,copy.copy recursively duplicates every object reachable from the input.,A shallow copy constructs a new compound object and inserts references to the objects found in the original.,synthetic,Python Software Foundation documentation,https://docs.python.org/3/library/copy.html,python-docs:copy_shallow,Python Software Foundation License Version 2; retain attribution and source URL,object model,Python,copy_shallow,page:https://docs.python.org/3/library/copy.html,Synthetic claim candidate derived from a curated official-documentation fact; not a human annotation.,Candidate wording requires independent evidence-only review,Copy,Shallow and deep copy operations,copy_shallow,pending,cg165-024-c,cg165-024-c,internal,unassigned,Contradicted,,,,pending,,,,,,,,,,,,,,review_batch_002,page:https://docs.python.org/3/library/copy.html,,,,False,[],,,False,[],
,copy.copy recursively creates new copies of every nested object.,A shallow copy constructs a new compound object and inserts references to the objects found in the original.,synthetic,Python Software Foundation documentation,https://docs.python.org/3/library/copy.html,python-docs:copy_shallow,Python Software Foundation License Version 2; retain attribution and source URL,object model,Python,copy_shallow,page:https://docs.python.org/3/library/copy.html,Synthetic claim candidate derived from a curated official-documentation fact; not a human annotation.,Candidate wording requires independent evidence-only review,Copy,Shallow and deep copy operations,copy_shallow,pending,cg165-024-i,cg165-024-i,internal,unassigned,Insufficient Evidence,,,,pending,,,,,,,,,,,,,,review_batch_006,page:https://docs.python.org/3/library/copy.html,,,,False,[],,,False,[],
,copy.copy creates a new outer compound object while retaining references to nested objects.,A shallow copy constructs a new compound object and inserts references to the objects found in the original.,synthetic,Python Software Foundation documentation,https://docs.python.org/3/library/copy.html,python-docs:copy_shallow,Python Software Foundation License Version 2; retain attribution and source URL,object model,Python,copy_shallow,page:https://docs.python.org/3/library/copy.html,Synthetic claim candidate derived from a curated official-documentation fact; not a human annotation.,Candidate wording requires independent evidence-only review,Copy,Shallow and deep copy operations,copy_shallow,pending,cg165-024-s,cg165-024-s,internal,unassigned,Supported,,,,pending,,,,,,,,,,,,,,review_batch_004,page:https://docs.python.org/3/library/copy.html,,,,False,[],,,False,[],
,itertools.count stops automatically after yielding its starting value.,"count(start=0, step=1) makes an iterator that returns evenly spaced values beginning with start and has no end condition.",synthetic,Python Software Foundation documentation,https://docs.python.org/3/library/itertools.html,python-docs:count_infinite,Python Software Foundation License Version 2; retain attribution and source URL,iteration,Python,count_infinite,page:https://docs.python.org/3/library/itertools.html,Synthetic claim candidate derived from a curated official-documentation fact; not a human annotation.,Candidate wording requires independent evidence-only review,Itertools,count,count_infinite,pending,cg165-020-c,cg165-020-c,internal,unassigned,Contradicted,,,,pending,,,,,,,,,,,,,,review_batch_005,page:https://docs.python.org/3/library/itertools.html,,,,False,[],,,False,[],
,"itertools.count(start, step) precomputes and stores all values it will yield.","count(start=0, step=1) makes an iterator that returns evenly spaced values beginning with start and has no end condition.",synthetic,Python Software Foundation documentation,https://docs.python.org/3/library/itertools.html,python-docs:count_infinite,Python Software Foundation License Version 2; retain attribution and source URL,iteration,Python,count_infinite,page:https://docs.python.org/3/library/itertools.html,Synthetic claim candidate derived from a curated official-documentation fact; not a human annotation.,Candidate wording requires independent evidence-only review,Itertools,count,count_infinite,pending,cg165-020-i,cg165-020-i,internal,unassigned,Insufficient Evidence,,,,pending,,,,,,,,,,,,,,review_batch_002,page:https://docs.python.org/3/library/itertools.html,,,,False,[],,,False,[],
,itertools.count produces an iterator of successive values from its starting point.,"count(start=0, step=1) makes an iterator that returns evenly spaced values beginning with start and has no end condition.",synthetic,Python Software Foundation documentation,https://docs.python.org/3/library/itertools.html,python-docs:count_infinite,Python Software Foundation License Version 2; retain attribution and source URL,iteration,Python,count_infinite,page:https://docs.python.org/3/library/itertools.html,Synthetic claim candidate derived from a curated official-documentation fact; not a human annotation.,Candidate wording requires independent evidence-only review,Itertools,count,count_infinite,pending,cg165-020-s,cg165-020-s,internal,unassigned,Supported,,,,pending,,,,,,,,,,,,,,review_batch_002,page:https://docs.python.org/3/library/itertools.html,,,,False,[],,,False,[],
,Reading a missing key from a Counter raises KeyError.,A Counter returns a zero count for missing items instead of raising KeyError.,synthetic,Python Software Foundation documentation,https://docs.python.org/3/library/collections.html,python-docs:counter_missing,Python Software Foundation License Version 2; retain attribution and source URL,standard library: collections,Python,counter_missing,page:https://docs.python.org/3/library/collections.html,Synthetic claim candidate derived from a curated official-documentation fact; not a human annotation.,Candidate wording requires independent evidence-only review,Collections - Container Datatypes,Counter objects,counter_missing,pending,cg165-016-c,cg165-016-c,internal,unassigned,Contradicted,,,,pending,,,,,,,,,,,,,,review_batch_005,page:https://docs.python.org/3/library/collections.html,,,,False,[],,,False,[],
,Counter supports element-wise addition of two counters.,A Counter returns a zero count for missing items instead of raising KeyError.,synthetic,Python Software Foundation documentation,https://docs.python.org/3/library/collections.html,python-docs:counter_missing,Python Software Foundation License Version 2; retain attribution and source URL,standard library: collections,Python,counter_missing,page:https://docs.python.org/3/library/collections.html,Synthetic claim candidate derived from a curated official-documentation fact; not a human annotation.,Candidate wording requires independent evidence-only review,Collections - Container Datatypes,Counter objects,counter_missing,pending,cg165-016-i,cg165-016-i,internal,unassigned,Insufficient Evidence,,,,pending,,,,,,,,,,,,,,review_batch_006,page:https://docs.python.org/3/library/collections.html,,,,False,[],,,False,[],
,Reading a missing key from a Counter returns zero.,A Counter returns a zero count for missing items instead of raising KeyError.,synthetic,Python Software Foundation documentation,https://docs.python.org/3/library/collections.html,python-docs:counter_missing,Python Software Foundation License Version 2; retain attribution and source URL,standard library: collections,Python,counter_missing,page:https://docs.python.org/3/library/collections.html,Synthetic claim candidate derived from a curated official-documentation fact; not a human annotation.,Candidate wording requires independent evidence-only review,Collections - Container Datatypes,Counter objects,counter_missing,pending,cg165-016-s,cg165-016-s,internal,unassigned,Supported,,,,pending,,,,,,,,,,,,,,review_batch_002,page:https://docs.python.org/3/library/collections.html,,,,False,[],,,False,[],
,Generated dataclass __eq__ compares field tuples only when both objects have the identical type.,Generated dataclass equality compares fields as a tuple and requires identical instance types.,synthetic,Python Software Foundation documentation,https://docs.python.org/3/library/dataclasses.html,python-docs:dataclass_eq_identical_type,Python Software Foundation License Version 2; retain attribution and source URL,dataclasses,Python,dataclass_eq_identical_type,page:https://docs.python.org/3/library/dataclasses.html,Synthetic candidate claim reproducing one curated source fact; not a human annotation.,Pending independent source-backed human review,Data Classes,dataclass parameters,dataclass_eq_identical_type,pending,cg169-dataclass_eq_identical_type-s,cg169-dataclass_eq_identical_type-s,internal,unassigned,Supported,,,,pending,,,,,,,,,,,,,,phase16_9_internal,page:https://docs.python.org/3/library/dataclasses.html,,,,False,[],,,False,[],
,dataclasses.frozen=True emulates immutability but does not make an instance truly immutable.,frozen=True emulates immutability via generated setters that raise FrozenInstanceError; Python objects are not made truly immutable.,synthetic,Python Software Foundation documentation,https://docs.python.org/3/library/dataclasses.html,python-docs:dataclass_frozen_not_truly_immutable,Python Software Foundation License Version 2; retain attribution and source URL,dataclasses and mutability,Python,dataclass_frozen_not_truly_immutable,page:https://docs.python.org/3/library/dataclasses.html,Synthetic candidate claim reproducing one curated source fact; not a human annotation.,Pending independent source-backed human review,Data Classes,Frozen instances,dataclass_frozen_not_truly_immutable,pending,cg169-dataclass_frozen_not_truly_immutable-s,cg169-dataclass_frozen_not_truly_immutable-s,internal,unassigned,Supported,,,,pending,,,,,,,,,,,,,,phase16_9_internal,page:https://docs.python.org/3/library/dataclasses.html,,,,False,[],,,False,[],
,"Dataclass field order is based on reverse-MRO base fields followed by subclass fields, with subclass definitions overriding inherited fields.",Dataclass fields are collected from base classes in reverse MRO before subclass fields; subclass fields override base fields.,synthetic,Python Software Foundation documentation,https://docs.python.org/3/library/dataclasses.html,python-docs:dataclass_inherited_field_order,Python Software Foundation License Version 2; retain attribution and source URL,dataclasses and inheritance,Python,dataclass_inherited_field_order,page:https://docs.python.org/3/library/dataclasses.html,Synthetic candidate claim reproducing one curated source fact; not a human annotation.,Pending independent source-backed human review,Data Classes,Inheritance,dataclass_inherited_field_order,pending,cg169-dataclass_inherited_field_order-s,cg169-dataclass_inherited_field_order-s,internal,unassigned,Supported,,,,pending,,,,,,,,,,,,,,phase16_9_internal,page:https://docs.python.org/3/library/dataclasses.html,,,,False,[],,,False,[],
,A dataclass configured with order=True and eq=False raises ValueError.,order=True with eq=False raises ValueError.,synthetic,Python Software Foundation documentation,https://docs.python.org/3/library/dataclasses.html,python-docs:dataclass_order_requires_eq,Python Software Foundation License Version 2; retain attribution and source URL,dataclasses and comparison,Python,dataclass_order_requires_eq,page:https://docs.python.org/3/library/dataclasses.html,Synthetic candidate claim reproducing one curated source fact; not a human annotation.,Pending independent source-backed human review,Data Classes,dataclass parameters,dataclass_order_requires_eq,pending,cg169-dataclass_order_requires_eq-s,cg169-dataclass_order_requires_eq-s,internal,unassigned,Supported,,,,pending,,,,,,,,,,,,,,phase16_9_internal,page:https://docs.python.org/3/library/dataclasses.html,,,,False,[],,,False,[],
,A defaultdict default_factory receives the missing key as its required argument.,The default_factory is called without arguments to produce a default value when a missing key is accessed.,synthetic,Python Software Foundation documentation,https://docs.python.org/3/library/collections.html,python-docs:defaultdict_factory,Python Software Foundation License Version 2; retain attribution and source URL,standard library: collections,Python,defaultdict_factory,page:https://docs.python.org/3/library/collections.html,Synthetic claim candidate derived from a curated official-documentation fact; not a human annotation.,Candidate wording requires independent evidence-only review,Collections - Container Datatypes,defaultdict objects,defaultdict_factory,pending,cg165-017-c,cg165-017-c,internal,unassigned,Contradicted,,,,pending,,,,,,,,,,,,,,review_batch_006,page:https://docs.python.org/3/library/collections.html,,,,False,[],,,False,[],
,defaultdict.get(key) calls default_factory when key is missing.,The default_factory is called without arguments to produce a default value when a missing key is accessed.,synthetic,Python Software Foundation documentation,https://docs.python.org/3/library/collections.html,python-docs:defaultdict_factory,Python Software Foundation License Version 2; retain attribution and source URL,standard library: collections,Python,defaultdict_factory,page:https://docs.python.org/3/library/collections.html,Synthetic claim candidate derived from a curated official-documentation fact; not a human annotation.,Candidate wording requires independent evidence-only review,Collections - Container Datatypes,defaultdict objects,defaultdict_factory,pending,cg165-017-i,cg165-017-i,internal,unassigned,Insufficient Evidence,,,,pending,,,,,,,,,,,,,,review_batch_002,page:https://docs.python.org/3/library/collections.html,,,,False,[],,,False,[],
,Accessing a missing defaultdict key can call its default_factory.,The default_factory is called without arguments to produce a default value when a missing key is accessed.,synthetic,Python Software Foundation documentation,https://docs.python.org/3/library/collections.html,python-docs:defaultdict_factory,Python Software Foundation License Version 2; retain attribution and source URL,standard library: collections,Python,defaultdict_factory,page:https://docs.python.org/3/library/collections.html,Synthetic claim candidate derived from a curated official-documentation fact; not a human annotation.,Candidate wording requires independent evidence-only review,Collections - Container Datatypes,defaultdict objects,defaultdict_factory,pending,cg165-017-s,cg165-017-s,internal,unassigned,Supported,,,,pending,,,,,,,,,,,,,,review_batch_003,page:https://docs.python.org/3/library/collections.html,,,,False,[],,,False,[],
,A deque only permits insertion and removal at its right end.,"Deques support thread-safe, memory-efficient appends and pops from either side.",synthetic,Python Software Foundation documentation,https://docs.python.org/3/library/collections.html,python-docs:deque_ends,Python Software Foundation License Version 2; retain attribution and source URL,standard library: collections,Python,deque_ends,page:https://docs.python.org/3/library/collections.html,Synthetic claim candidate derived from a curated official-documentation fact; not a human annotation.,Candidate wording requires independent evidence-only review,Collections - Container Datatypes,deque objects,deque_ends,pending,cg165-018-c,cg165-018-c,internal,unassigned,Contradicted,,,,pending,,,,,,,,,,,,,,review_batch_002,page:https://docs.python.org/3/library/collections.html,,,,False,[],,,False,[],
,A deque provides indexed access to elements in the middle with the same efficiency as either end.,"Deques support thread-safe, memory-efficient appends and pops from either side.",synthetic,Python Software Foundation documentation,https://docs.python.org/3/library/collections.html,python-docs:deque_ends,Python Software Foundation License Version 2; retain attribution and source URL,standard library: collections,Python,deque_ends,page:https://docs.python.org/3/library/collections.html,Synthetic claim candidate derived from a curated official-documentation fact; not a human annotation.,Candidate wording requires independent evidence-only review,Collections - Container Datatypes,deque objects,deque_ends,pending,cg165-018-i,cg165-018-i,internal,unassigned,Insufficient Evidence,,,,pending,,,,,,,,,,,,,,review_batch_003,page:https://docs.python.org/3/library/collections.html,,,,False,[],,,False,[],
,A deque provides append and pop operations at both ends.,"Deques support thread-safe, memory-efficient appends and pops from either side.",synthetic,Python Software Foundation documentation,https://docs.python.org/3/library/collections.html,python-docs:deque_ends,Python Software Foundation License Version 2; retain attribution and source URL,standard library: collections,Python,deque_ends,page:https://docs.python.org/3/library/collections.html,Synthetic claim candidate derived from a curated official-documentation fact; not a human annotation.,Candidate wording requires independent evidence-only review,Collections - Container Datatypes,deque objects,deque_ends,pending,cg165-018-s,cg165-018-s,internal,unassigned,Supported,,,,pending,,,,,,,,,,,,,,review_batch_004,page:https://docs.python.org/3/library/collections.html,,,,False,[],,,False,[],
,Class binding invokes a descriptor's __get__ with None as the instance and the owner class as the owner.,"Class access A.x invokes A.__dict__['x'].__get__(None, A).",synthetic,Python Software Foundation documentation,https://docs.python.org/3/reference/datamodel.html,python-docs:descriptor_class_binding,Python Software Foundation License Version 2; retain attribution and source URL,descriptors and attribute access,Python,descriptor_class_binding,page:https://docs.python.org/3/reference/datamodel.html,Synthetic candidate claim reproducing one curated source fact; not a human annotation.,Pending independent source-backed human review,Data model,Invoking Descriptors,descriptor_class_binding,pending,cg169-descriptor_class_binding-s,cg169-descriptor_class_binding-s,external,unassigned,Supported,,,,pending,,,,,,,,,,,,,,external_review_pool,page:https://docs.python.org/3/reference/datamodel.html,,,,False,[],,,False,[],
,A data descriptor takes precedence over an attribute with the same name in an instance dictionary.,Data descriptors with __set__ or __delete__ take precedence over an instance-dictionary redefinition.,synthetic,Python Software Foundation documentation,https://docs.python.org/3/reference/datamodel.html,python-docs:descriptor_data_over_instance_dict,Python Software Foundation License Version 2; retain attribution and source URL,descriptors and attribute access,Python,descriptor_data_over_instance_dict,page:https://docs.python.org/3/reference/datamodel.html,Synthetic candidate claim reproducing one curated source fact; not a human annotation.,Pending independent source-backed human review,Data model,Invoking Descriptors,descriptor_data_over_instance_dict,pending,cg169-descriptor_data_over_instance_dict-s,cg169-descriptor_data_over_instance_dict-s,external,unassigned,Supported,,,,pending,,,,,,,,,,,,,,external_review_pool,page:https://docs.python.org/3/reference/datamodel.html,,,,False,[],,,False,[],
,Instance binding invokes a descriptor's __get__ with the instance and its type.,"Instance access to descriptor x on a uses type(a).__dict__['x'].__get__(a, type(a)).",synthetic,Python Software Foundation documentation,https://docs.python.org/3/reference/datamodel.html,python-docs:descriptor_get_instance_binding,Python Software Foundation License Version 2; retain attribution and source URL,descriptors and attribute access,Python,descriptor_get_instance_binding,page:https://docs.python.org/3/reference/datamodel.html,Synthetic candidate claim reproducing one curated source fact; not a human annotation.,Pending independent source-backed human review,Data model,Invoking Descriptors,descriptor_get_instance_binding,pending,cg169-descriptor_get_instance_binding-s,cg169-descriptor_get_instance_binding-s,external,unassigned,Supported,,,,pending,,,,,,,,,,,,,,external_review_pool,page:https://docs.python.org/3/reference/datamodel.html,,,,False,[],,,False,[],
,An instance's __getattr__ is invoked only after ordinary attribute access fails with AttributeError.,"__getattr__ is called when normal attribute lookup fails with AttributeError, not when normal lookup succeeds.",synthetic,Python Software Foundation documentation,https://docs.python.org/3/reference/datamodel.html,python-docs:descriptor_getattr_only_on_failure,Python Software Foundation License Version 2; retain attribution and source URL,attribute access,Python,descriptor_getattr_only_on_failure,page:https://docs.python.org/3/reference/datamodel.html,Synthetic candidate claim reproducing one curated source fact; not a human annotation.,Pending independent source-backed human review,Data model,Customizing Attribute Access,descriptor_getattr_only_on_failure,pending,cg169-descriptor_getattr_only_on_failure-s,cg169-descriptor_getattr_only_on_failure-s,external,unassigned,Supported,,,,pending,,,,,,,,,,,,,,external_review_pool,page:https://docs.python.org/3/reference/datamodel.html,,,,False,[],,,False,[],
,A class-defined __getattribute__ handles every ordinary instance attribute access.,__getattribute__ is called unconditionally for instance attribute accesses.,synthetic,Python Software Foundation documentation,https://docs.python.org/3/reference/datamodel.html,python-docs:descriptor_getattribute_unconditional,Python Software Foundation License Version 2; retain attribution and source URL,attribute access,Python,descriptor_getattribute_unconditional,page:https://docs.python.org/3/reference/datamodel.html,Synthetic candidate claim reproducing one curated source fact; not a human annotation.,Pending independent source-backed human review,Data model,Customizing Attribute Access,descriptor_getattribute_unconditional,pending,cg169-descriptor_getattribute_unconditional-s,cg169-descriptor_getattribute_unconditional-s,external,unassigned,Supported,,,,pending,,,,,,,,,,,,,,external_review_pool,page:https://docs.python.org/3/reference/datamodel.html,,,,False,[],,,False,[],
,An instance attribute can override a non-data descriptor of the same name.,A non-data descriptor can be overridden by an instance attribute.,synthetic,Python Software Foundation documentation,https://docs.python.org/3/reference/datamodel.html,python-docs:descriptor_nondata_overridable,Python Software Foundation License Version 2; retain attribution and source URL,descriptors and attribute access,Python,descriptor_nondata_overridable,page:https://docs.python.org/3/reference/datamodel.html,Synthetic candidate claim reproducing one curated source fact; not a human annotation.,Pending independent source-backed human review,Data model,Invoking Descriptors,descriptor_nondata_overridable,pending,cg169-descriptor_nondata_overridable-s,cg169-descriptor_nondata_overridable-s,external,unassigned,Supported,,,,pending,,,,,,,,,,,,,,external_review_pool,page:https://docs.python.org/3/reference/datamodel.html,,,,False,[],,,False,[],
,The property() function implements a data descriptor.,property() is implemented as a data descriptor.,synthetic,Python Software Foundation documentation,https://docs.python.org/3/reference/datamodel.html,python-docs:descriptor_property_data_descriptor,Python Software Foundation License Version 2; retain attribution and source URL,descriptors,Python,descriptor_property_data_descriptor,page:https://docs.python.org/3/reference/datamodel.html,Synthetic candidate claim reproducing one curated source fact; not a human annotation.,Pending independent source-backed human review,Data model,Invoking Descriptors,descriptor_property_data_descriptor,pending,cg169-descriptor_property_data_descriptor-s,cg169-descriptor_property_data_descriptor-s,external,unassigned,Supported,,,,pending,,,,,,,,,,,,,,external_review_pool,page:https://docs.python.org/3/reference/datamodel.html,,,,False,[],,,False,[],
,Calling d.get(k) for a missing key raises KeyError when no default is supplied.,"get(key[, default]) returns the value for key if key is in the dictionary, otherwise default; default is None when omitted.",synthetic,Python Software Foundation documentation,https://docs.python.org/3/library/stdtypes.html,python-docs:dict_get,Python Software Foundation License Version 2; retain attribution and source URL,dictionaries,Python,dict_get,page:https://docs.python.org/3/library/stdtypes.html,Synthetic claim candidate derived from a curated official-documentation fact; not a human annotation.,Candidate wording requires independent evidence-only review,Built-in Types,Mapping Types - dict,dict_get,pending,cg165-002-c,cg165-002-c,internal,unassigned,Contradicted,,,,pending,,,,,,,,,,,,,,review_batch_005,page:https://docs.python.org/3/library/stdtypes.html,,,,False,[],,,False,[],
,Calling d.get(k) for a present key records an access timestamp.,"get(key[, default]) returns the value for key if key is in the dictionary, otherwise default; default is None when omitted.",synthetic,Python Software Foundation documentation,https://docs.python.org/3/library/stdtypes.html,python-docs:dict_get,Python Software Foundation License Version 2; retain attribution and source URL,dictionaries,Python,dict_get,page:https://docs.python.org/3/library/stdtypes.html,Synthetic claim candidate derived from a curated official-documentation fact; not a human annotation.,Candidate wording requires independent evidence-only review,Built-in Types,Mapping Types - dict,dict_get,pending,cg165-002-i,cg165-002-i,internal,unassigned,Insufficient Evidence,,,,pending,,,,,,,,,,,,,,review_batch_006,page:https://docs.python.org/3/library/stdtypes.html,,,,False,[],,,False,[],
,Calling d.get(k) for a missing key returns None when no default is supplied.,"get(key[, default]) returns the value for key if key is in the dictionary, otherwise default; default is None when omitted.",synthetic,Python Software Foundation documentation,https://docs.python.org/3/library/stdtypes.html,python-docs:dict_get,Python Software Foundation License Version 2; retain attribution and source URL,dictionaries,Python,dict_get,page:https://docs.python.org/3/library/stdtypes.html,Synthetic claim candidate derived from a curated official-documentation fact; not a human annotation.,Candidate wording requires independent evidence-only review,Built-in Types,Mapping Types - dict,dict_get,pending,cg165-002-s,cg165-002-s,internal,unassigned,Supported,,,,pending,,,,,,,,,,,,,,review_batch_002,page:https://docs.python.org/3/library/stdtypes.html,,,,False,[],,,False,[],
,Updating an existing dictionary key moves it to the end of dictionary iteration order.,Dictionaries preserve insertion order; replacing an existing key does not change its order.,synthetic,Python Software Foundation documentation,https://docs.python.org/3/library/stdtypes.html,python-docs:dict_order,Python Software Foundation License Version 2; retain attribution and source URL,dictionaries,Python,dict_order,page:https://docs.python.org/3/library/stdtypes.html,Synthetic claim candidate derived from a curated official-documentation fact; not a human annotation.,Candidate wording requires independent evidence-only review,Built-in Types,Mapping Types - dict,dict_order,pending,cg165-001-c,cg165-001-c,internal,unassigned,Contradicted,,,,pending,,,,,,,,,,,,,,review_batch_002,page:https://docs.python.org/3/library/stdtypes.html,,,,False,[],,,False,[],
,Deleting a dictionary key and inserting that key again preserves its former insertion position.,Dictionaries preserve insertion order; replacing an existing key does not change its order.,synthetic,Python Software Foundation documentation,https://docs.python.org/3/library/stdtypes.html,python-docs:dict_order,Python Software Foundation License Version 2; retain attribution and source URL,dictionaries,Python,dict_order,page:https://docs.python.org/3/library/stdtypes.html,Synthetic claim candidate derived from a curated official-documentation fact; not a human annotation.,Candidate wording requires independent evidence-only review,Built-in Types,Mapping Types - dict,dict_order,pending,cg165-001-i,cg165-001-i,internal,unassigned,Insufficient Evidence,,,,pending,,,,,,,,,,,,,,review_batch_002,page:https://docs.python.org/3/library/stdtypes.html,,,,False,[],,,False,[],
,Updating an existing dictionary key leaves that key in its insertion-order position.,Dictionaries preserve insertion order; replacing an existing key does not change its order.,synthetic,Python Software Foundation documentation,https://docs.python.org/3/library/stdtypes.html,python-docs:dict_order,Python Software Foundation License Version 2; retain attribution and source URL,dictionaries,Python,dict_order,page:https://docs.python.org/3/library/stdtypes.html,Synthetic claim candidate derived from a curated official-documentation fact; not a human annotation.,Candidate wording requires independent evidence-only review,Built-in Types,Mapping Types - dict,dict_order,pending,cg165-001-s,cg165-001-s,internal,unassigned,Supported,,,,pending,,,,,,,,,,,,,,review_batch_004,page:https://docs.python.org/3/library/stdtypes.html,,,,False,[],,,False,[],
,A dictionary view is a fixed snapshot that ignores later dictionary changes.,Dictionary views are dynamic and reflect changes to the dictionary.,synthetic,Python Software Foundation documentation,https://docs.python.org/3/library/stdtypes.html,python-docs:dict_views,Python Software Foundation License Version 2; retain attribution and source URL,dictionaries,Python,dict_views,page:https://docs.python.org/3/library/stdtypes.html,Synthetic claim candidate derived from a curated official-documentation fact; not a human annotation.,Candidate wording requires independent evidence-only review,Built-in Types,Dictionary view objects,dict_views,pending,cg165-003-c,cg165-003-c,internal,unassigned,Contradicted,,,,pending,,,,,,,,,,,,,,review_batch_003,page:https://docs.python.org/3/library/stdtypes.html,,,,False,[],,,False,[],
,Dictionary views use a balanced tree internally.,Dictionary views are dynamic and reflect changes to the dictionary.,synthetic,Python Software Foundation documentation,https://docs.python.org/3/library/stdtypes.html,python-docs:dict_views,Python Software Foundation License Version 2; retain attribution and source URL,dictionaries,Python,dict_views,page:https://docs.python.org/3/library/stdtypes.html,Synthetic claim candidate derived from a curated official-documentation fact; not a human annotation.,Candidate wording requires independent evidence-only review,Built-in Types,Dictionary view objects,dict_views,pending,cg165-003-i,cg165-003-i,internal,unassigned,Insufficient Evidence,,,,pending,,,,,,,,,,,,,,review_batch_003,page:https://docs.python.org/3/library/stdtypes.html,,,,False,[],,,False,[],
,A previously obtained dictionary view reflects later changes to that dictionary.,Dictionary views are dynamic and reflect changes to the dictionary.,synthetic,Python Software Foundation documentation,https://docs.python.org/3/library/stdtypes.html,python-docs:dict_views,Python Software Foundation License Version 2; retain attribution and source URL,dictionaries,Python,dict_views,page:https://docs.python.org/3/library/stdtypes.html,Synthetic claim candidate derived from a curated official-documentation fact; not a human annotation.,Candidate wording requires independent evidence-only review,Built-in Types,Dictionary view objects,dict_views,pending,cg165-003-s,cg165-003-s,internal,unassigned,Supported,,,,pending,,,,,,,,,,,,,,review_batch_005,page:https://docs.python.org/3/library/stdtypes.html,,,,False,[],,,False,[],
,Iteration over an Enum excludes alias names.,Iterating an enum yields canonical members and omits aliases.,synthetic,Python Software Foundation documentation,https://docs.python.org/3/library/enum.html,python-docs:enum_iter_excludes_aliases,Python Software Foundation License Version 2; retain attribution and source URL,enum,Python,enum_iter_excludes_aliases,page:https://docs.python.org/3/library/enum.html,Synthetic candidate claim reproducing one curated source fact; not a human annotation.,Pending independent source-backed human review,Enum,Supported data types,enum_iter_excludes_aliases,pending,cg169-enum_iter_excludes_aliases-s,cg169-enum_iter_excludes_aliases-s,external,unassigned,Supported,,,,pending,,,,,,,,,,,,,,external_review_pool,page:https://docs.python.org/3/library/enum.html,,,,False,[],,,False,[],
,An enum's __members__ mapping includes aliases and is read-only and ordered.,__members__ is a read-only ordered mapping that includes aliases.,synthetic,Python Software Foundation documentation,https://docs.python.org/3/library/enum.html,python-docs:enum_members_includes_aliases,Python Software Foundation License Version 2; retain attribution and source URL,enum,Python,enum_members_includes_aliases,page:https://docs.python.org/3/library/enum.html,Synthetic candidate claim reproducing one curated source fact; not a human annotation.,Pending independent source-backed human review,Enum,Supported data types,enum_members_includes_aliases,pending,cg169-enum_members_includes_aliases-s,cg169-enum_members_includes_aliases-s,external,unassigned,Supported,,,,pending,,,,,,,,,,,,,,external_review_pool,page:https://docs.python.org/3/library/enum.html,,,,False,[],,,False,[],
,Members of a plain Enum do not support ordering comparisons such as less-than.,Ordinary Enum members do not support ordered comparisons.,synthetic,Python Software Foundation documentation,https://docs.python.org/3/library/enum.html,python-docs:enum_ordered_comparisons_not_supported,Python Software Foundation License Version 2; retain attribution and source URL,enum and comparison,Python,enum_ordered_comparisons_not_supported,page:https://docs.python.org/3/library/enum.html,Synthetic candidate claim reproducing one curated source fact; not a human annotation.,Pending independent source-backed human review,Enum,Comparisons,enum_ordered_comparisons_not_supported,pending,cg169-enum_ordered_comparisons_not_supported-s,cg169-enum_ordered_comparisons_not_supported-s,external,unassigned,Supported,,,,pending,,,,,,,,,,,,,,external_review_pool,page:https://docs.python.org/3/library/enum.html,,,,False,[],,,False,[],
,"EnumClass(value) performs by-value lookup, while EnumClass[name] performs by-name lookup.",Enum call syntax looks up a member by value; indexing looks it up by name.,synthetic,Python Software Foundation documentation,https://docs.python.org/3/library/enum.html,python-docs:enum_value_call_name_index,Python Software Foundation License Version 2; retain attribution and source URL,enum,Python,enum_value_call_name_index,page:https://docs.python.org/3/library/enum.html,Synthetic candidate claim reproducing one curated source fact; not a human annotation.,Pending independent source-backed human review,Enum,Programmatic access,enum_value_call_name_index,pending,cg169-enum_value_call_name_index-s,cg169-enum_value_call_name_index-s,external,unassigned,Supported,,,,pending,,,,,,,,,,,,,,external_review_pool,page:https://docs.python.org/3/library/enum.html,,,,False,[],,,False,[],
,Names defined in a class body are not directly in scope inside its methods.,Names defined in a class block do not extend to method code blocks.,synthetic,Python Software Foundation documentation,https://docs.python.org/3/reference/executionmodel.html,python-docs:execmodel_class_scope_methods,Python Software Foundation License Version 2; retain attribution and source URL,scope and namespaces,Python,execmodel_class_scope_methods,page:https://docs.python.org/3/reference/executionmodel.html,Synthetic candidate claim reproducing one curated source fact; not a human annotation.,Pending independent source-backed human review,Execution model,Resolution of names,execmodel_class_scope_methods,pending,cg169-execmodel_class_scope_methods-s,cg169-execmodel_class_scope_methods-s,external,unassigned,Supported,,,,pending,,,,,,,,,,,,,,external_review_pool,page:https://docs.python.org/3/reference/executionmodel.html,,,,False,[],,,False,[],
,A comprehension or generator expression in a class body does not directly resolve names from that class namespace.,The class-scope limitation includes comprehensions and generator expressions.,synthetic,Python Software Foundation documentation,https://docs.python.org/3/reference/executionmodel.html,python-docs:execmodel_comprehension_class_scope,Python Software Foundation License Version 2; retain attribution and source URL,comprehensions and scope,Python,execmodel_comprehension_class_scope,page:https://docs.python.org/3/reference/executionmodel.html,Synthetic candidate claim reproducing one curated source fact; not a human annotation.,Pending independent source-backed human review,Execution model,Resolution of names,execmodel_comprehension_class_scope,pending,cg169-execmodel_comprehension_class_scope-s,cg169-execmodel_comprehension_class_scope-s,external,unassigned,Supported,,,,pending,,,,,,,,,,,,,,external_review_pool,page:https://docs.python.org/3/reference/executionmodel.html,,,,False,[],,,False,[],
,Programs intended to run across Python versions should not rely on exception message text as a stable API.,Exception message contents may change between interpreter versions without warning and are not part of the Python API.,synthetic,Python Software Foundation documentation,https://docs.python.org/3/reference/executionmodel.html,python-docs:execmodel_exception_message_api,Python Software Foundation License Version 2; retain attribution and source URL,exceptions,Python,execmodel_exception_message_api,page:https://docs.python.org/3/reference/executionmodel.html,Synthetic candidate claim reproducing one curated source fact; not a human annotation.,Pending independent source-backed human review,Execution model,Exceptions,execmodel_exception_message_api,pending,cg169-execmodel_exception_message_api-s,cg169-execmodel_exception_message_api-s,external,unassigned,Supported,,,,pending,,,,,,,,,,,,,,external_review_pool,page:https://docs.python.org/3/reference/executionmodel.html,,,,False,[],,,False,[],
,A try statement's finally clause runs whether or not the preceding code raised an exception.,A finally clause executes whether or not an exception occurred in the preceding try block.,synthetic,Python Software Foundation documentation,https://docs.python.org/3/reference/executionmodel.html,python-docs:execmodel_finally_cleanup,Python Software Foundation License Version 2; retain attribution and source URL,exceptions and control flow,Python,execmodel_finally_cleanup,page:https://docs.python.org/3/reference/executionmodel.html,Synthetic candidate claim reproducing one curated source fact; not a human annotation.,Pending independent source-backed human review,Execution model,Exceptions,execmodel_finally_cleanup,pending,cg169-execmodel_finally_cleanup-s,cg169-execmodel_finally_cleanup-s,external,unassigned,Supported,,,,pending,,,,,,,,,,,,,,external_review_pool,page:https://docs.python.org/3/reference/executionmodel.html,,,,False,[],,,False,[],
,Python resolves free-variable names at runtime rather than compile time.,"Resolution of free variables occurs at runtime, not compile time.",synthetic,Python Software Foundation documentation,https://docs.python.org/3/reference/executionmodel.html,python-docs:execmodel_free_names_runtime,Python Software Foundation License Version 2; retain attribution and source URL,scope and namespaces,Python,execmodel_free_names_runtime,page:https://docs.python.org/3/reference/executionmodel.html,Synthetic candidate claim reproducing one curated source fact; not a human annotation.,Pending independent source-backed human review,Execution model,Interaction with dynamic features,execmodel_free_names_runtime,pending,cg169-execmodel_free_names_runtime-s,cg169-execmodel_free_names_runtime-s,external,unassigned,Supported,,,,pending,,,,,,,,,,,,,,external_review_pool,page:https://docs.python.org/3/reference/executionmodel.html,,,,False,[],,,False,[],
,"An unhandled exception normally prints a traceback when execution terminates, except for SystemExit.","An unhandled exception terminates program execution or returns to the interactive loop and prints a traceback, except SystemExit.",synthetic,Python Software Foundation documentation,https://docs.python.org/3/reference/executionmodel.html,python-docs:execmodel_unhandled_traceback,Python Software Foundation License Version 2; retain attribution and source URL,exceptions,Python,execmodel_unhandled_traceback,page:https://docs.python.org/3/reference/executionmodel.html,Synthetic candidate claim reproducing one curated source fact; not a human annotation.,Pending independent source-backed human review,Execution model,Exceptions,execmodel_unhandled_traceback,pending,cg169-execmodel_unhandled_traceback-s,cg169-execmodel_unhandled_traceback-s,external,unassigned,Supported,,,,pending,,,,,,,,,,,,,,external_review_pool,page:https://docs.python.org/3/reference/executionmodel.html,,,,False,[],,,False,[],
,Arguments to an lru_cache-decorated function must be hashable.,"lru_cache uses a dictionary, so function arguments must be hashable.",synthetic,Python Software Foundation documentation,https://docs.python.org/3/library/functools.html,python-docs:functools_lru_args_hashable,Python Software Foundation License Version 2; retain attribution and source URL,functools,Python,functools_lru_args_hashable,page:https://docs.python.org/3/library/functools.html,Synthetic candidate claim reproducing one curated source fact; not a human annotation.,Pending independent source-backed human review,Functools,lru_cache,functools_lru_args_hashable,pending,cg169-functools_lru_args_hashable-s,cg169-functools_lru_args_hashable-s,internal,unassigned,Supported,,,,pending,,,,,,,,,,,,,,phase16_9_internal,page:https://docs.python.org/3/library/functools.html,,,,False,[],,,False,[],
,functools.lru_cache can invoke the wrapped function more than once for the same key during concurrent first calls.,"lru_cache's data structure is thread-safe, but concurrent calls may compute the same uncached value more than once.",synthetic,Python Software Foundation documentation,https://docs.python.org/3/library/functools.html,python-docs:functools_lru_threadsafe_duplicate_calls,Python Software Foundation License Version 2; retain attribution and source URL,functools and threading,Python,functools_lru_threadsafe_duplicate_calls,page:https://docs.python.org/3/library/functools.html,Synthetic candidate claim reproducing one curated source fact; not a human annotation.,Pending independent source-backed human review,Functools,lru_cache,functools_lru_threadsafe_duplicate_calls,pending,cg169-functools_lru_threadsafe_duplicate_calls-s,cg169-functools_lru_threadsafe_duplicate_calls-s,internal,unassigned,Supported,,,,pending,,,,,,,,,,,,,,phase16_9_internal,page:https://docs.python.org/3/library/functools.html,,,,False,[],,,False,[],
,Calling a generator function creates a generator iterator without immediately running its body.,Calling a generator function returns a generator iterator; its body starts when a generator method is called.,synthetic,Python Software Foundation documentation,https://docs.python.org/3/reference/expressions.html,python-docs:generator_call_returns_iterator,Python Software Foundation License Version 2; retain attribution and source URL,generators,Python,generator_call_returns_iterator,page:https://docs.python.org/3/reference/expressions.html,Synthetic candidate claim reproducing one curated source fact; not a human annotation.,Pending independent source-backed human review,Expressions,Yield expressions,generator_call_returns_iterator,pending,cg169-generator_call_returns_iterator-s,cg169-generator_call_returns_iterator-s,external,unassigned,Supported,,,,pending,,,,,,,,,,,,,,external_review_pool,page:https://docs.python.org/3/reference/expressions.html,,,,False,[],,,False,[],
,Calling generator.close() injects GeneratorExit at its suspension point to terminate it and run cleanup.,close() raises GeneratorExit at the suspension point and lets the generator clean up.,synthetic,Python Software Foundation documentation,https://docs.python.org/3/reference/expressions.html,python-docs:generator_close_raises_generatorexit,Python Software Foundation License Version 2; retain attribution and source URL,generators,Python,generator_close_raises_generatorexit,page:https://docs.python.org/3/reference/expressions.html,Synthetic candidate claim reproducing one curated source fact; not a human annotation.,Pending independent source-backed human review,Expressions,Yield expressions,generator_close_raises_generatorexit,pending,cg169-generator_close_raises_generatorexit-s,cg169-generator_close_raises_generatorexit-s,external,unassigned,Supported,,,,pending,,,,,,,,,,,,,,external_review_pool,page:https://docs.python.org/3/reference/expressions.html,,,,False,[],,,False,[],
,Sending a value into a suspended generator supplies that value as the result of its paused yield expression.,send(value) resumes a suspended generator and makes the yield expression evaluate to value.,synthetic,Python Software Foundation documentation,https://docs.python.org/3/reference/expressions.html,python-docs:generator_send_sets_yield_expression,Python Software Foundation License Version 2; retain attribution and source URL,generators,Python,generator_send_sets_yield_expression,page:https://docs.python.org/3/reference/expressions.html,Synthetic candidate claim reproducing one curated source fact; not a human annotation.,Pending independent source-backed human review,Expressions,Yield expressions,generator_send_sets_yield_expression,pending,cg169-generator_send_sets_yield_expression-s,cg169-generator_send_sets_yield_expression-s,external,unassigned,Supported,,,,pending,,,,,,,,,,,,,,external_review_pool,page:https://docs.python.org/3/reference/expressions.html,,,,False,[],,,False,[],
,A suspended generator retains its local execution state until it resumes.,"At yield suspension, local bindings, instruction position, evaluation stack, and exception state are retained.",synthetic,Python Software Foundation documentation,https://docs.python.org/3/reference/expressions.html,python-docs:generator_yield_suspends_state,Python Software Foundation License Version 2; retain attribution and source URL,generators,Python,generator_yield_suspends_state,page:https://docs.python.org/3/reference/expressions.html,Synthetic candidate claim reproducing one curated source fact; not a human annotation.,Pending independent source-backed human review,Expressions,Yield expressions,generator_yield_suspends_state,pending,cg169-generator_yield_suspends_state-s,cg169-generator_yield_suspends_state-s,external,unassigned,Supported,,,,pending,,,,,,,,,,,,,,external_review_pool,page:https://docs.python.org/3/reference/expressions.html,,,,False,[],,,False,[],
,A sys.modules entry whose value is None causes an import of that name to raise ModuleNotFoundError.,"If a module name maps to None in sys.modules, import raises ModuleNotFoundError.",synthetic,Python Software Foundation documentation,https://docs.python.org/3/reference/import.html,python-docs:import_cache_none_blocks,Python Software Foundation License Version 2; retain attribution and source URL,import system,Python,import_cache_none_blocks,page:https://docs.python.org/3/reference/import.html,Synthetic candidate claim reproducing one curated source fact; not a human annotation.,Pending independent source-backed human review,The import system,The module cache,import_cache_none_blocks,pending,cg169-import_cache_none_blocks-s,cg169-import_cache_none_blocks-s,external,unassigned,Supported,,,,pending,,,,,,,,,,,,,,external_review_pool,page:https://docs.python.org/3/reference/import.html,,,,False,[],,,False,[],
,A failed import removes the failing module's cache entry without removing other already-loaded modules.,"On load failure the failing module is removed from sys.modules, while cached modules and successfully loaded side-effect modules remain.",synthetic,Python Software Foundation documentation,https://docs.python.org/3/reference/import.html,python-docs:import_failure_remove_only_failed,Python Software Foundation License Version 2; retain attribution and source URL,import system,Python,import_failure_remove_only_failed,page:https://docs.python.org/3/reference/import.html,Synthetic candidate claim reproducing one curated source fact; not a human annotation.,Pending independent source-backed human review,The import system,Loading,import_failure_remove_only_failed,pending,cg169-import_failure_remove_only_failed-s,cg169-import_failure_remove_only_failed-s,external,unassigned,Supported,,,,pending,,,,,,,,,,,,,,external_review_pool,page:https://docs.python.org/3/reference/import.html,,,,False,[],,,False,[],
,"Python inserts a module into sys.modules before executing its code, which supports recursive imports.",The module is placed in sys.modules before its code executes to prevent unbounded recursion during self-import.,synthetic,Python Software Foundation documentation,https://docs.python.org/3/reference/import.html,python-docs:import_module_cached_before_exec,Python Software Foundation License Version 2; retain attribution and source URL,import system,Python,import_module_cached_before_exec,page:https://docs.python.org/3/reference/import.html,Synthetic candidate claim reproducing one curated source fact; not a human annotation.,Pending independent source-backed human review,The import system,Loading,import_module_cached_before_exec,pending,cg169-import_module_cached_before_exec-s,cg169-import_module_cached_before_exec-s,external,unassigned,Supported,,,,pending,,,,,,,,,,,,,,external_review_pool,page:https://docs.python.org/3/reference/import.html,,,,False,[],,,False,[],
,Importing a dotted name searches its parent components before the final submodule.,A dotted import attempts the parent module/package before the requested submodule; a failed intermediate import raises ModuleNotFoundError.,synthetic,Python Software Foundation documentation,https://docs.python.org/3/reference/import.html,python-docs:import_parent_first,Python Software Foundation License Version 2; retain attribution and source URL,modules and packages,Python,import_parent_first,page:https://docs.python.org/3/reference/import.html,Synthetic candidate claim reproducing one curated source fact; not a human annotation.,Pending independent source-backed human review,The import system,Searching,import_parent_first,pending,cg169-import_parent_first-s,cg169-import_parent_first-s,external,unassigned,Supported,,,,pending,,,,,,,,,,,,,,external_review_pool,page:https://docs.python.org/3/reference/import.html,,,,False,[],,,False,[],
,Deleting a module's sys.modules entry and importing it again can produce a different module object from one still held elsewhere.,Removing a module cache entry and importing again can create a distinct module object while old references remain.,synthetic,Python Software Foundation documentation,https://docs.python.org/3/reference/import.html,python-docs:import_reimport_new_object,Python Software Foundation License Version 2; retain attribution and source URL,import system,Python,import_reimport_new_object,page:https://docs.python.org/3/reference/import.html,Synthetic candidate claim reproducing one curated source fact; not a human annotation.,Pending independent source-backed human review,The import system,The module cache,import_reimport_new_object,pending,cg169-import_reimport_new_object-s,cg169-import_reimport_new_object-s,external,unassigned,Supported,,,,pending,,,,,,,,,,,,,,external_review_pool,page:https://docs.python.org/3/reference/import.html,,,,False,[],,,False,[],
,importlib.reload() reinitializes a module by rerunning its code in the same module object.,importlib.reload reuses the existing module object and reruns its code.,synthetic,Python Software Foundation documentation,https://docs.python.org/3/reference/import.html,python-docs:import_reload_same_object,Python Software Foundation License Version 2; retain attribution and source URL,import system,Python,import_reload_same_object,page:https://docs.python.org/3/reference/import.html,Synthetic candidate claim reproducing one curated source fact; not a human annotation.,Pending independent source-backed human review,The import system,The module cache,import_reload_same_object,pending,cg169-import_reload_same_object-s,cg169-import_reload_same_object-s,external,unassigned,Supported,,,,pending,,,,,,,,,,,,,,external_review_pool,page:https://docs.python.org/3/reference/import.html,,,,False,[],,,False,[],
,An iterator that has raised StopIteration is expected to keep raising it on subsequent next calls.,"Once an iterator raises StopIteration, subsequent __next__ calls should continue raising StopIteration.",synthetic,Python Software Foundation documentation,https://docs.python.org/3/library/stdtypes.html,python-docs:iterator_exhaustion_sticky,Python Software Foundation License Version 2; retain attribution and source URL,iterator protocol,Python,iterator_exhaustion_sticky,page:https://docs.python.org/3/library/stdtypes.html,Synthetic candidate claim reproducing one curated source fact; not a human annotation.,Pending independent source-backed human review,Built-in Types,Iterator Types,iterator_exhaustion_sticky,pending,cg169-iterator_exhaustion_sticky-s,cg169-iterator_exhaustion_sticky-s,internal,unassigned,Supported,,,,pending,,,,,,,,,,,,,,phase16_9_internal,page:https://docs.python.org/3/library/stdtypes.html,,,,False,[],,,False,[],
,An exhausted iterator signals completion by raising StopIteration from __next__().,An iterator's __next__ returns the next value or raises StopIteration when exhausted.,synthetic,Python Software Foundation documentation,https://docs.python.org/3/library/stdtypes.html,python-docs:iterator_next_stopiteration,Python Software Foundation License Version 2; retain attribution and source URL,iterator protocol,Python,iterator_next_stopiteration,page:https://docs.python.org/3/library/stdtypes.html,Synthetic candidate claim reproducing one curated source fact; not a human annotation.,Pending independent source-backed human review,Built-in Types,Iterator Types,iterator_next_stopiteration,pending,cg169-iterator_next_stopiteration-s,cg169-iterator_next_stopiteration-s,internal,unassigned,Supported,,,,pending,,,,,,,,,,,,,,phase16_9_internal,page:https://docs.python.org/3/library/stdtypes.html,,,,False,[],,,False,[],
,itertools.accumulate(initial=...) yields one more item than the input iterable.,"When initial is supplied, accumulate yields the initial value first and produces one more output than input elements.",synthetic,Python Software Foundation documentation,https://docs.python.org/3/library/itertools.html,python-docs:itertools_accumulate_initial_extra,Python Software Foundation License Version 2; retain attribution and source URL,itertools,Python,itertools_accumulate_initial_extra,page:https://docs.python.org/3/library/itertools.html,Synthetic candidate claim reproducing one curated source fact; not a human annotation.,Pending independent source-backed human review,Itertools,itertools functions,itertools_accumulate_initial_extra,pending,cg169-itertools_accumulate_initial_extra-s,cg169-itertools_accumulate_initial_extra-s,internal,unassigned,Supported,,,,pending,,,,,,,,,,,,,,phase16_9_internal,page:https://docs.python.org/3/library/itertools.html,,,,False,[],,,False,[],
,itertools.batched() can yield a final tuple shorter than the requested batch size.,The final tuple from batched may contain fewer than n elements.,synthetic,Python Software Foundation documentation,https://docs.python.org/3/library/itertools.html,python-docs:itertools_batched_last_short,Python Software Foundation License Version 2; retain attribution and source URL,itertools,Python,itertools_batched_last_short,page:https://docs.python.org/3/library/itertools.html,Synthetic candidate claim reproducing one curated source fact; not a human annotation.,Pending independent source-backed human review,Itertools,itertools functions,itertools_batched_last_short,pending,cg169-itertools_batched_last_short-s,cg169-itertools_batched_last_short-s,internal,unassigned,Supported,,,,pending,,,,,,,,,,,,,,phase16_9_internal,page:https://docs.python.org/3/library/itertools.html,,,,False,[],,,False,[],
,"itertools.batched() consumes its input lazily, only as needed to form each output batch.",batched consumes only enough input to form the next tuple and yields batches lazily.,synthetic,Python Software Foundation documentation,https://docs.python.org/3/library/itertools.html,python-docs:itertools_batched_lazy,Python Software Foundation License Version 2; retain attribution and source URL,itertools and iterators,Python,itertools_batched_lazy,page:https://docs.python.org/3/library/itertools.html,Synthetic candidate claim reproducing one curated source fact; not a human annotation.,Pending independent source-backed human review,Itertools,itertools functions,itertools_batched_lazy,pending,cg169-itertools_batched_lazy-s,cg169-itertools_batched_lazy-s,internal,unassigned,Supported,,,,pending,,,,,,,,,,,,,,phase16_9_internal,page:https://docs.python.org/3/library/itertools.html,,,,False,[],,,False,[],
,itertools.tee() may need significant temporary storage when its returned iterators advance at different rates.,tee may require significant auxiliary storage depending on how far its output iterators diverge.,synthetic,Python Software Foundation documentation,https://docs.python.org/3/library/itertools.html,python-docs:itertools_tee_buffering,Python Software Foundation License Version 2; retain attribution and source URL,itertools and iterators,Python,itertools_tee_buffering,page:https://docs.python.org/3/library/itertools.html,Synthetic candidate claim reproducing one curated source fact; not a human annotation.,Pending independent source-backed human review,Itertools,itertools functions,itertools_tee_buffering,pending,cg169-itertools_tee_buffering-s,cg169-itertools_tee_buffering-s,internal,unassigned,Supported,,,,pending,,,,,,,,,,,,,,phase16_9_internal,page:https://docs.python.org/3/library/itertools.html,,,,False,[],,,False,[],
,json.dumps(value) returns an open file object containing JSON text.,json.dumps serializes an object to a JSON formatted str.,synthetic,Python Software Foundation documentation,https://docs.python.org/3/library/json.html,python-docs:json_dumps,Python Software Foundation License Version 2; retain attribution and source URL,standard library: json,Python,json_dumps,page:https://docs.python.org/3/library/json.html,Synthetic claim candidate derived from a curated official-documentation fact; not a human annotation.,Candidate wording requires independent evidence-only review,JSON,Basic Usage,json_dumps,pending,cg165-015-c,cg165-015-c,internal,unassigned,Contradicted,,,,pending,,,,,,,,,,,,,,review_batch_005,page:https://docs.python.org/3/library/json.html,,,,False,[],,,False,[],
,json.dumps preserves Python object identity after serialization.,json.dumps serializes an object to a JSON formatted str.,synthetic,Python Software Foundation documentation,https://docs.python.org/3/library/json.html,python-docs:json_dumps,Python Software Foundation License Version 2; retain attribution and source URL,standard library: json,Python,json_dumps,page:https://docs.python.org/3/library/json.html,Synthetic claim candidate derived from a curated official-documentation fact; not a human annotation.,Candidate wording requires independent evidence-only review,JSON,Basic Usage,json_dumps,pending,cg165-015-i,cg165-015-i,internal,unassigned,Insufficient Evidence,,,,pending,,,,,,,,,,,,,,review_batch_002,page:https://docs.python.org/3/library/json.html,,,,False,[],,,False,[],
,json.dumps(value) returns a string containing JSON text.,json.dumps serializes an object to a JSON formatted str.,synthetic,Python Software Foundation documentation,https://docs.python.org/3/library/json.html,python-docs:json_dumps,Python Software Foundation License Version 2; retain attribution and source URL,standard library: json,Python,json_dumps,page:https://docs.python.org/3/library/json.html,Synthetic claim candidate derived from a curated official-documentation fact; not a human annotation.,Candidate wording requires independent evidence-only review,JSON,Basic Usage,json_dumps,pending,cg165-015-s,cg165-015-s,internal,unassigned,Supported,,,,pending,,,,,,,,,,,,,,review_batch_002,page:https://docs.python.org/3/library/json.html,,,,False,[],,,False,[],
,json.loads(text) writes a JSON document to a file.,json.loads deserializes a JSON document from a string or bytes-like object.,synthetic,Python Software Foundation documentation,https://docs.python.org/3/library/json.html,python-docs:json_loads,Python Software Foundation License Version 2; retain attribution and source URL,standard library: json,Python,json_loads,page:https://docs.python.org/3/library/json.html,Synthetic claim candidate derived from a curated official-documentation fact; not a human annotation.,Candidate wording requires independent evidence-only review,JSON,Basic Usage,json_loads,pending,cg165-014-c,cg165-014-c,internal,unassigned,Contradicted,,,,pending,,,,,,,,,,,,,,review_batch_006,page:https://docs.python.org/3/library/json.html,,,,False,[],,,False,[],
,"When a JSON object repeats a name, json.loads preserves both values in the resulting dictionary.",json.loads deserializes a JSON document from a string or bytes-like object.,synthetic,Python Software Foundation documentation,https://docs.python.org/3/library/json.html,python-docs:json_loads,Python Software Foundation License Version 2; retain attribution and source URL,standard library: json,Python,json_loads,page:https://docs.python.org/3/library/json.html,Synthetic claim candidate derived from a curated official-documentation fact; not a human annotation.,Candidate wording requires independent evidence-only review,JSON,Basic Usage,json_loads,pending,cg165-014-i,cg165-014-i,internal,unassigned,Insufficient Evidence,,,,pending,,,,,,,,,,,,,,review_batch_003,page:https://docs.python.org/3/library/json.html,,,,False,[],,,False,[],
,json.loads(text) parses JSON supplied as text.,json.loads deserializes a JSON document from a string or bytes-like object.,synthetic,Python Software Foundation documentation,https://docs.python.org/3/library/json.html,python-docs:json_loads,Python Software Foundation License Version 2; retain attribution and source URL,standard library: json,Python,json_loads,page:https://docs.python.org/3/library/json.html,Synthetic claim candidate derived from a curated official-documentation fact; not a human annotation.,Candidate wording requires independent evidence-only review,JSON,Basic Usage,json_loads,pending,cg165-014-s,cg165-014-s,internal,unassigned,Supported,,,,pending,,,,,,,,,,,,,,review_batch_003,page:https://docs.python.org/3/library/json.html,,,,False,[],,,False,[],
,A parameter following *args can always be supplied positionally.,Parameters after a bare * or after *args are keyword-only.,synthetic,Python Software Foundation documentation,https://docs.python.org/3/tutorial/controlflow.html,python-docs:keyword_only,Python Software Foundation License Version 2; retain attribution and source URL,function arguments,Python,keyword_only,page:https://docs.python.org/3/tutorial/controlflow.html,Synthetic claim candidate derived from a curated official-documentation fact; not a human annotation.,Candidate wording requires independent evidence-only review,The Python Tutorial,Keyword-Only Arguments,keyword_only,pending,cg165-010-c,cg165-010-c,internal,unassigned,Contradicted,,,,pending,,,,,,,,,,,,,,review_batch_002,page:https://docs.python.org/3/tutorial/controlflow.html,,,,False,[],,,False,[],
,A function call may supply a parameter after *args as an extra positional argument.,Parameters after a bare * or after *args are keyword-only.,synthetic,Python Software Foundation documentation,https://docs.python.org/3/tutorial/controlflow.html,python-docs:keyword_only,Python Software Foundation License Version 2; retain attribution and source URL,function arguments,Python,keyword_only,page:https://docs.python.org/3/tutorial/controlflow.html,Synthetic claim candidate derived from a curated official-documentation fact; not a human annotation.,Candidate wording requires independent evidence-only review,The Python Tutorial,Keyword-Only Arguments,keyword_only,pending,cg165-010-i,cg165-010-i,internal,unassigned,Insufficient Evidence,,,,pending,,,,,,,,,,,,,,review_batch_004,page:https://docs.python.org/3/tutorial/controlflow.html,,,,False,[],,,False,[],
,A parameter following *args in a function definition must be supplied by keyword.,Parameters after a bare * or after *args are keyword-only.,synthetic,Python Software Foundation documentation,https://docs.python.org/3/tutorial/controlflow.html,python-docs:keyword_only,Python Software Foundation License Version 2; retain attribution and source URL,function arguments,Python,keyword_only,page:https://docs.python.org/3/tutorial/controlflow.html,Synthetic claim candidate derived from a curated official-documentation fact; not a human annotation.,Candidate wording requires independent evidence-only review,The Python Tutorial,Keyword-Only Arguments,keyword_only,pending,cg165-010-s,cg165-010-s,internal,unassigned,Supported,,,,pending,,,,,,,,,,,,,,review_batch_004,page:https://docs.python.org/3/tutorial/controlflow.html,,,,False,[],,,False,[],
,A lambda body may contain a sequence of assignment statements.,"Lambda functions can contain only expressions, not statements.",synthetic,Python Software Foundation documentation,https://docs.python.org/3/tutorial/controlflow.html,python-docs:lambda_expr,Python Software Foundation License Version 2; retain attribution and source URL,functions,Python,lambda_expr,page:https://docs.python.org/3/tutorial/controlflow.html,Synthetic claim candidate derived from a curated official-documentation fact; not a human annotation.,Candidate wording requires independent evidence-only review,The Python Tutorial,Lambda Expressions,lambda_expr,pending,cg165-009-c,cg165-009-c,internal,unassigned,Contradicted,,,,pending,,,,,,,,,,,,,,review_batch_002,page:https://docs.python.org/3/tutorial/controlflow.html,,,,False,[],,,False,[],
,A lambda expression may define keyword-only parameters after a bare star.,"Lambda functions can contain only expressions, not statements.",synthetic,Python Software Foundation documentation,https://docs.python.org/3/tutorial/controlflow.html,python-docs:lambda_expr,Python Software Foundation License Version 2; retain attribution and source URL,functions,Python,lambda_expr,page:https://docs.python.org/3/tutorial/controlflow.html,Synthetic claim candidate derived from a curated official-documentation fact; not a human annotation.,Candidate wording requires independent evidence-only review,The Python Tutorial,Lambda Expressions,lambda_expr,pending,cg165-009-i,cg165-009-i,internal,unassigned,Insufficient Evidence,,,,pending,,,,,,,,,,,,,,review_batch_006,page:https://docs.python.org/3/tutorial/controlflow.html,,,,False,[],,,False,[],
,A lambda body is an expression rather than a suite of statements.,"Lambda functions can contain only expressions, not statements.",synthetic,Python Software Foundation documentation,https://docs.python.org/3/tutorial/controlflow.html,python-docs:lambda_expr,Python Software Foundation License Version 2; retain attribution and source URL,functions,Python,lambda_expr,page:https://docs.python.org/3/tutorial/controlflow.html,Synthetic claim candidate derived from a curated official-documentation fact; not a human annotation.,Candidate wording requires independent evidence-only review,The Python Tutorial,Lambda Expressions,lambda_expr,pending,cg165-009-s,cg165-009-s,internal,unassigned,Supported,,,,pending,,,,,,,,,,,,,,review_batch_005,page:https://docs.python.org/3/tutorial/controlflow.html,,,,False,[],,,False,[],
,list.sort() returns a new sorted list without changing the original list.,The list sort method sorts the list in place and returns None.,synthetic,Python Software Foundation documentation,https://docs.python.org/3/library/stdtypes.html,python-docs:list_sort_none,Python Software Foundation License Version 2; retain attribution and source URL,lists,Python,list_sort_none,page:https://docs.python.org/3/library/stdtypes.html,Synthetic claim candidate derived from a curated official-documentation fact; not a human annotation.,Candidate wording requires independent evidence-only review,Built-in Types,Mutable Sequence Types,list_sort_none,pending,cg165-004-c,cg165-004-c,internal,unassigned,Contradicted,,,,pending,,,,,,,,,,,,,,review_batch_004,page:https://docs.python.org/3/library/stdtypes.html,,,,False,[],,,False,[],
,"If the key function raises an exception during sorting, the list is always restored to its original order.",The list sort method sorts the list in place and returns None.,synthetic,Python Software Foundation documentation,https://docs.python.org/3/library/stdtypes.html,python-docs:list_sort_none,Python Software Foundation License Version 2; retain attribution and source URL,lists,Python,list_sort_none,page:https://docs.python.org/3/library/stdtypes.html,Synthetic claim candidate derived from a curated official-documentation fact; not a human annotation.,Candidate wording requires independent evidence-only review,Built-in Types,Mutable Sequence Types,list_sort_none,pending,cg165-004-i,cg165-004-i,internal,unassigned,Insufficient Evidence,,,,pending,,,,,,,,,,,,,,review_batch_004,page:https://docs.python.org/3/library/stdtypes.html,,,,False,[],,,False,[],
,list.sort() changes the list in place and returns None.,The list sort method sorts the list in place and returns None.,synthetic,Python Software Foundation documentation,https://docs.python.org/3/library/stdtypes.html,python-docs:list_sort_none,Python Software Foundation License Version 2; retain attribution and source URL,lists,Python,list_sort_none,page:https://docs.python.org/3/library/stdtypes.html,Synthetic claim candidate derived from a curated official-documentation fact; not a human annotation.,Candidate wording requires independent evidence-only review,Built-in Types,Mutable Sequence Types,list_sort_none,pending,cg165-004-s,cg165-004-s,internal,unassigned,Supported,,,,pending,,,,,,,,,,,,,,review_batch_006,page:https://docs.python.org/3/library/stdtypes.html,,,,False,[],,,False,[],
,A logger with propagate=False stops passing its records to ancestor handlers.,Propagation stops at the logger whose propagate attribute is false.,synthetic,Python Software Foundation documentation,https://docs.python.org/3/library/logging.html,python-docs:logging_propagate_false_stops,Python Software Foundation License Version 2; retain attribution and source URL,logging,Python,logging_propagate_false_stops,page:https://docs.python.org/3/library/logging.html,Synthetic candidate claim reproducing one curated source fact; not a human annotation.,Pending independent source-backed human review,Logging facility for Python,Logger objects,logging_propagate_false_stops,pending,cg169-logging_propagate_false_stops-s,cg169-logging_propagate_false_stops-s,external,unassigned,Supported,,,,pending,,,,,,,,,,,,,,external_review_pool,page:https://docs.python.org/3/library/logging.html,,,,False,[],,,False,[],
,A logger with propagate=True passes eligible records to ancestor logger handlers.,"When propagate is true, a logger's events are offered to handlers on its ancestor loggers up to root.",synthetic,Python Software Foundation documentation,https://docs.python.org/3/library/logging.html,python-docs:logging_propagate_parent_handlers,Python Software Foundation License Version 2; retain attribution and source URL,logging,Python,logging_propagate_parent_handlers,page:https://docs.python.org/3/library/logging.html,Synthetic candidate claim reproducing one curated source fact; not a human annotation.,Pending independent source-backed human review,Logging facility for Python,Logger objects,logging_propagate_parent_handlers,pending,cg169-logging_propagate_parent_handlers-s,cg169-logging_propagate_parent_handlers-s,external,unassigned,Supported,,,,pending,,,,,,,,,,,,,,external_review_pool,page:https://docs.python.org/3/library/logging.html,,,,False,[],,,False,[],
,An imported module always has __name__ equal to '__main__'.,A module's __name__ is set to '__main__' when it is run as the top-level program.,synthetic,Python Software Foundation documentation,https://docs.python.org/3/library/__main__.html,python-docs:main_module,Python Software Foundation License Version 2; retain attribution and source URL,modules and imports,Python,main_module,page:https://docs.python.org/3/library/__main__.html,Synthetic claim candidate derived from a curated official-documentation fact; not a human annotation.,Candidate wording requires independent evidence-only review,__main__ - Top-level code environment,__main__,main_module,pending,cg165-013-c,cg165-013-c,internal,unassigned,Contradicted,,,,pending,,,,,,,,,,,,,,review_batch_003,page:https://docs.python.org/3/library/__main__.html,,,,False,[],,,False,[],
,Importing a module under any name also executes its __main__-guarded block.,A module's __name__ is set to '__main__' when it is run as the top-level program.,synthetic,Python Software Foundation documentation,https://docs.python.org/3/library/__main__.html,python-docs:main_module,Python Software Foundation License Version 2; retain attribution and source URL,modules and imports,Python,main_module,page:https://docs.python.org/3/library/__main__.html,Synthetic claim candidate derived from a curated official-documentation fact; not a human annotation.,Candidate wording requires independent evidence-only review,__main__ - Top-level code environment,__main__,main_module,pending,cg165-013-i,cg165-013-i,internal,unassigned,Insufficient Evidence,,,,pending,,,,,,,,,,,,,,review_batch_002,page:https://docs.python.org/3/library/__main__.html,,,,False,[],,,False,[],
,The module executed as the top-level program has __name__ equal to '__main__'.,A module's __name__ is set to '__main__' when it is run as the top-level program.,synthetic,Python Software Foundation documentation,https://docs.python.org/3/library/__main__.html,python-docs:main_module,Python Software Foundation License Version 2; retain attribution and source URL,modules and imports,Python,main_module,page:https://docs.python.org/3/library/__main__.html,Synthetic claim candidate derived from a curated official-documentation fact; not a human annotation.,Candidate wording requires independent evidence-only review,__main__ - Top-level code environment,__main__,main_module,pending,cg165-013-s,cg165-013-s,internal,unassigned,Supported,,,,pending,,,,,,,,,,,,,,review_batch_005,page:https://docs.python.org/3/library/__main__.html,,,,False,[],,,False,[],
,Changes made outside os.environ after the os module is imported are not reflected in the captured os.environ mapping.,os.environ is captured when os is first imported; later external environment changes are not reflected unless the mapping itself is modified.,synthetic,Python Software Foundation documentation,https://docs.python.org/3/library/os.html,python-docs:os_environ_import_snapshot,Python Software Foundation License Version 2; retain attribution and source URL,os and environment,Python,os_environ_import_snapshot,page:https://docs.python.org/3/library/os.html,Synthetic candidate claim reproducing one curated source fact; not a human annotation.,Pending independent source-backed human review,Miscellaneous operating system interfaces,Process Parameters,os_environ_import_snapshot,pending,cg169-os_environ_import_snapshot-s,cg169-os_environ_import_snapshot-s,external,unassigned,Supported,,,,pending,,,,,,,,,,,,,,external_review_pool,page:https://docs.python.org/3/library/os.html,,,,False,[],,,False,[],
,"Updating os.environ invokes putenv, but calling putenv directly does not update the os.environ mapping.",Modifying os.environ calls putenv automatically; calling putenv directly does not change os.environ.,synthetic,Python Software Foundation documentation,https://docs.python.org/3/library/os.html,python-docs:os_environ_putenv_sync,Python Software Foundation License Version 2; retain attribution and source URL,os and environment,Python,os_environ_putenv_sync,page:https://docs.python.org/3/library/os.html,Synthetic candidate claim reproducing one curated source fact; not a human annotation.,Pending independent source-backed human review,Miscellaneous operating system interfaces,Process Parameters,os_environ_putenv_sync,pending,cg169-os_environ_putenv_sync-s,cg169-os_environ_putenv_sync-s,external,unassigned,Supported,,,,pending,,,,,,,,,,,,,,external_review_pool,page:https://docs.python.org/3/library/os.html,,,,False,[],,,False,[],
,"On Windows, os.environ normalizes environment-variable keys to uppercase when accessing or modifying them.","On Windows, os.environ keys are converted to uppercase for getting, setting, and deleting.",synthetic,Python Software Foundation documentation,https://docs.python.org/3/library/os.html,python-docs:os_windows_env_uppercase,Python Software Foundation License Version 2; retain attribution and source URL,os and environment,Python,os_windows_env_uppercase,page:https://docs.python.org/3/library/os.html,Synthetic candidate claim reproducing one curated source fact; not a human annotation.,Pending independent source-backed human review,Miscellaneous operating system interfaces,Process Parameters,os_windows_env_uppercase,pending,cg169-os_windows_env_uppercase-s,cg169-os_windows_env_uppercase-s,external,unassigned,Supported,,,,pending,,,,,,,,,,,,,,external_review_pool,page:https://docs.python.org/3/library/os.html,,,,False,[],,,False,[],
,functools.partial immediately invokes the wrapped function when it is created.,partial returns a new partial object which when called behaves like func called with the positional arguments and keyword arguments supplied to partial.,synthetic,Python Software Foundation documentation,https://docs.python.org/3/library/functools.html,python-docs:partial_args,Python Software Foundation License Version 2; retain attribution and source URL,standard library: functools,Python,partial_args,page:https://docs.python.org/3/library/functools.html,Synthetic claim candidate derived from a curated official-documentation fact; not a human annotation.,Candidate wording requires independent evidence-only review,Functools,partial objects,partial_args,pending,cg165-021-c,cg165-021-c,internal,unassigned,Contradicted,,,,pending,,,,,,,,,,,,,,review_batch_004,page:https://docs.python.org/3/library/functools.html,,,,False,[],,,False,[],
,A partial object exposes the stored positional arguments through its args attribute.,partial returns a new partial object which when called behaves like func called with the positional arguments and keyword arguments supplied to partial.,synthetic,Python Software Foundation documentation,https://docs.python.org/3/library/functools.html,python-docs:partial_args,Python Software Foundation License Version 2; retain attribution and source URL,standard library: functools,Python,partial_args,page:https://docs.python.org/3/library/functools.html,Synthetic claim candidate derived from a curated official-documentation fact; not a human annotation.,Candidate wording requires independent evidence-only review,Functools,partial objects,partial_args,pending,cg165-021-i,cg165-021-i,internal,unassigned,Insufficient Evidence,,,,pending,,,,,,,,,,,,,,review_batch_005,page:https://docs.python.org/3/library/functools.html,,,,False,[],,,False,[],
,functools.partial can create a callable with some arguments pre-filled.,partial returns a new partial object which when called behaves like func called with the positional arguments and keyword arguments supplied to partial.,synthetic,Python Software Foundation documentation,https://docs.python.org/3/library/functools.html,python-docs:partial_args,Python Software Foundation License Version 2; retain attribution and source URL,standard library: functools,Python,partial_args,page:https://docs.python.org/3/library/functools.html,Synthetic claim candidate derived from a curated official-documentation fact; not a human annotation.,Candidate wording requires independent evidence-only review,Functools,partial objects,partial_args,pending,cg165-021-s,cg165-021-s,internal,unassigned,Supported,,,,pending,,,,,,,,,,,,,,review_batch_005,page:https://docs.python.org/3/library/functools.html,,,,False,[],,,False,[],
,Path.is_file() returns True only for directories.,"Path.is_file returns True if the path points to a regular file, following symlinks.",synthetic,Python Software Foundation documentation,https://docs.python.org/3/library/pathlib.html,python-docs:path_is_file,Python Software Foundation License Version 2; retain attribution and source URL,standard library: pathlib,Python,path_is_file,page:https://docs.python.org/3/library/pathlib.html,Synthetic claim candidate derived from a curated official-documentation fact; not a human annotation.,Candidate wording requires independent evidence-only review,Pathlib,Pure paths and concrete paths,path_is_file,pending,cg165-027-c,cg165-027-c,external,unassigned,Contradicted,,,,pending,,,,,,,,,,,,,,external_review_pool,page:https://docs.python.org/3/library/pathlib.html,,,,False,[],,,False,[],
,Path.is_file() caches every file-type result permanently on its Path instance.,"Path.is_file returns True if the path points to a regular file, following symlinks.",synthetic,Python Software Foundation documentation,https://docs.python.org/3/library/pathlib.html,python-docs:path_is_file,Python Software Foundation License Version 2; retain attribution and source URL,standard library: pathlib,Python,path_is_file,page:https://docs.python.org/3/library/pathlib.html,Synthetic claim candidate derived from a curated official-documentation fact; not a human annotation.,Candidate wording requires independent evidence-only review,Pathlib,Pure paths and concrete paths,path_is_file,pending,cg165-027-i,cg165-027-i,external,unassigned,Insufficient Evidence,,,,pending,,,,,,,,,,,,,,external_review_pool,page:https://docs.python.org/3/library/pathlib.html,,,,False,[],,,False,[],
,Path.is_file() follows a symlink when checking whether its target is a regular file.,"Path.is_file returns True if the path points to a regular file, following symlinks.",synthetic,Python Software Foundation documentation,https://docs.python.org/3/library/pathlib.html,python-docs:path_is_file,Python Software Foundation License Version 2; retain attribution and source URL,standard library: pathlib,Python,path_is_file,page:https://docs.python.org/3/library/pathlib.html,Synthetic claim candidate derived from a curated official-documentation fact; not a human annotation.,Candidate wording requires independent evidence-only review,Pathlib,Pure paths and concrete paths,path_is_file,pending,cg165-027-s,cg165-027-s,external,unassigned,Supported,,,,pending,,,,,,,,,,,,,,external_review_pool,page:https://docs.python.org/3/library/pathlib.html,,,,False,[],,,False,[],
,Path.read_text() returns decoded text and closes the opened file.,read_text returns decoded contents as str and closes the file after reading.,synthetic,Python Software Foundation documentation,https://docs.python.org/3/library/pathlib.html,python-docs:path_read_text_closed,Python Software Foundation License Version 2; retain attribution and source URL,pathlib and file I/O,Python,path_read_text_closed,page:https://docs.python.org/3/library/pathlib.html,Synthetic candidate claim reproducing one curated source fact; not a human annotation.,Pending independent source-backed human review,Object-oriented filesystem paths,Reading and writing files,path_read_text_closed,pending,cg169-path_read_text_closed-s,cg169-path_read_text_closed-s,external,unassigned,Supported,,,,pending,,,,,,,,,,,,,,external_review_pool,page:https://docs.python.org/3/library/pathlib.html,,,,False,[],,,False,[],
,PurePath.relative_to() performs a lexical path operation and raises ValueError when anchors are incompatible.,relative_to is lexical and raises ValueError for incompatible anchors.,synthetic,Python Software Foundation documentation,https://docs.python.org/3/library/pathlib.html,python-docs:path_relative_to_lexical,Python Software Foundation License Version 2; retain attribution and source URL,pathlib,Python,path_relative_to_lexical,page:https://docs.python.org/3/library/pathlib.html,Synthetic candidate claim reproducing one curated source fact; not a human annotation.,Pending independent source-backed human review,Object-oriented filesystem paths,Pure paths,path_relative_to_lexical,pending,cg169-path_relative_to_lexical-s,cg169-path_relative_to_lexical-s,external,unassigned,Supported,,,,pending,,,,,,,,,,,,,,external_review_pool,page:https://docs.python.org/3/library/pathlib.html,,,,False,[],,,False,[],
,Path.resolve() returns a new absolute path with symbolic links resolved.,resolve returns a new absolute path and resolves symlinks.,synthetic,Python Software Foundation documentation,https://docs.python.org/3/library/pathlib.html,python-docs:path_resolve_symlinks_absolute,Python Software Foundation License Version 2; retain attribution and source URL,pathlib,Python,path_resolve_symlinks_absolute,page:https://docs.python.org/3/library/pathlib.html,Synthetic candidate claim reproducing one curated source fact; not a human annotation.,Pending independent source-backed human review,Object-oriented filesystem paths,Resolving,path_resolve_symlinks_absolute,pending,cg169-path_resolve_symlinks_absolute-s,cg169-path_resolve_symlinks_absolute-s,external,unassigned,Supported,,,,pending,,,,,,,,,,,,,,external_review_pool,page:https://docs.python.org/3/library/pathlib.html,,,,False,[],,,False,[],
,Path.write_text() overwrites an existing file at that path.,"write_text opens in text mode, writes data, closes the file, and overwrites an existing same-name file.",synthetic,Python Software Foundation documentation,https://docs.python.org/3/library/pathlib.html,python-docs:path_write_text_overwrites,Python Software Foundation License Version 2; retain attribution and source URL,pathlib and file I/O,Python,path_write_text_overwrites,page:https://docs.python.org/3/library/pathlib.html,Synthetic candidate claim reproducing one curated source fact; not a human annotation.,Pending independent source-backed human review,Object-oriented filesystem paths,Reading and writing files,path_write_text_overwrites,pending,cg169-path_write_text_overwrites-s,cg169-path_write_text_overwrites-s,external,unassigned,Supported,,,,pending,,,,,,,,,,,,,,external_review_pool,page:https://docs.python.org/3/library/pathlib.html,,,,False,[],,,False,[],
,Parameters after the slash in a function definition are positional-only.,Parameters before / in a function definition are positional-only.,synthetic,Python Software Foundation documentation,https://docs.python.org/3/tutorial/controlflow.html,python-docs:positional_only,Python Software Foundation License Version 2; retain attribution and source URL,function arguments,Python,positional_only,page:https://docs.python.org/3/tutorial/controlflow.html,Synthetic claim candidate derived from a curated official-documentation fact; not a human annotation.,Candidate wording requires independent evidence-only review,The Python Tutorial,Positional-Only Parameters,positional_only,pending,cg165-011-i,cg165-011-i,internal,unassigned,Insufficient Evidence,,,,pending,,,,,,,,,,,,,,review_batch_005,page:https://docs.python.org/3/tutorial/controlflow.html,,,,False,[],,,False,[],
,The slash marker can designate parameters that cannot be passed by keyword.,Parameters before / in a function definition are positional-only.,synthetic,Python Software Foundation documentation,https://docs.python.org/3/tutorial/controlflow.html,python-docs:positional_only,Python Software Foundation License Version 2; retain attribution and source URL,function arguments,Python,positional_only,page:https://docs.python.org/3/tutorial/controlflow.html,Synthetic claim candidate derived from a curated official-documentation fact; not a human annotation.,Candidate wording requires independent evidence-only review,The Python Tutorial,Positional-Only Parameters,positional_only,pending,cg165-011-s,cg165-011-s,internal,unassigned,Supported,,,,pending,,,,,,,,,,,,,,review_batch_005,page:https://docs.python.org/3/tutorial/controlflow.html,,,,False,[],,,False,[],
,re.fullmatch succeeds when the pattern matches any substring.,re.fullmatch checks whether the whole string matches the regular expression.,synthetic,Python Software Foundation documentation,https://docs.python.org/3/library/re.html,python-docs:regex_fullmatch,Python Software Foundation License Version 2; retain attribution and source URL,regular expressions,Python,regex_fullmatch,page:https://docs.python.org/3/library/re.html,Synthetic claim candidate derived from a curated official-documentation fact; not a human annotation.,Candidate wording requires independent evidence-only review,Regular Expression Operations,fullmatch,regex_fullmatch,pending,cg165-023-c,cg165-023-c,internal,unassigned,Contradicted,,,,pending,,,,,,,,,,,,,,review_batch_004,page:https://docs.python.org/3/library/re.html,,,,False,[],,,False,[],
,re.fullmatch accepts a match ending before the final character if the remaining suffix is a newline.,re.fullmatch checks whether the whole string matches the regular expression.,synthetic,Python Software Foundation documentation,https://docs.python.org/3/library/re.html,python-docs:regex_fullmatch,Python Software Foundation License Version 2; retain attribution and source URL,regular expressions,Python,regex_fullmatch,page:https://docs.python.org/3/library/re.html,Synthetic claim candidate derived from a curated official-documentation fact; not a human annotation.,Candidate wording requires independent evidence-only review,Regular Expression Operations,fullmatch,regex_fullmatch,pending,cg165-023-i,cg165-023-i,internal,unassigned,Insufficient Evidence,,,,pending,,,,,,,,,,,,,,review_batch_002,page:https://docs.python.org/3/library/re.html,,,,False,[],,,False,[],
,re.fullmatch requires the pattern to match the entire string.,re.fullmatch checks whether the whole string matches the regular expression.,synthetic,Python Software Foundation documentation,https://docs.python.org/3/library/re.html,python-docs:regex_fullmatch,Python Software Foundation License Version 2; retain attribution and source URL,regular expressions,Python,regex_fullmatch,page:https://docs.python.org/3/library/re.html,Synthetic claim candidate derived from a curated official-documentation fact; not a human annotation.,Candidate wording requires independent evidence-only review,Regular Expression Operations,fullmatch,regex_fullmatch,pending,cg165-023-s,cg165-023-s,internal,unassigned,Supported,,,,pending,,,,,,,,,,,,,,review_batch_006,page:https://docs.python.org/3/library/re.html,,,,False,[],,,False,[],
,re.match searches every possible starting position in the string.,re.search scans through a string looking for a match anywhere; re.match checks for a match only at the beginning.,synthetic,Python Software Foundation documentation,https://docs.python.org/3/library/re.html,python-docs:regex_search,Python Software Foundation License Version 2; retain attribution and source URL,regular expressions,Python,regex_search,page:https://docs.python.org/3/library/re.html,Synthetic claim candidate derived from a curated official-documentation fact; not a human annotation.,Candidate wording requires independent evidence-only review,Regular Expression Operations,search,regex_search,pending,cg165-022-c,cg165-022-c,internal,unassigned,Contradicted,,,,pending,,,,,,,,,,,,,,review_batch_005,page:https://docs.python.org/3/library/re.html,,,,False,[],,,False,[],
,Regular-expression matching is case-insensitive by default when using re.search.,re.search scans through a string looking for a match anywhere; re.match checks for a match only at the beginning.,synthetic,Python Software Foundation documentation,https://docs.python.org/3/library/re.html,python-docs:regex_search,Python Software Foundation License Version 2; retain attribution and source URL,regular expressions,Python,regex_search,page:https://docs.python.org/3/library/re.html,Synthetic claim candidate derived from a curated official-documentation fact; not a human annotation.,Candidate wording requires independent evidence-only review,Regular Expression Operations,search,regex_search,pending,cg165-022-i,cg165-022-i,internal,unassigned,Insufficient Evidence,,,,pending,,,,,,,,,,,,,,review_batch_003,page:https://docs.python.org/3/library/re.html,,,,False,[],,,False,[],
,re.search can find a match that starts after the beginning of the string.,re.search scans through a string looking for a match anywhere; re.match checks for a match only at the beginning.,synthetic,Python Software Foundation documentation,https://docs.python.org/3/library/re.html,python-docs:regex_search,Python Software Foundation License Version 2; retain attribution and source URL,regular expressions,Python,regex_search,page:https://docs.python.org/3/library/re.html,Synthetic claim candidate derived from a curated official-documentation fact; not a human annotation.,Candidate wording requires independent evidence-only review,Regular Expression Operations,search,regex_search,pending,cg165-022-s,cg165-022-s,internal,unassigned,Supported,,,,pending,,,,,,,,,,,,,,review_batch_002,page:https://docs.python.org/3/library/re.html,,,,False,[],,,False,[],
,A set preserves duplicate equal elements in insertion order.,A set is an unordered collection of distinct hashable objects.,synthetic,Python Software Foundation documentation,https://docs.python.org/3/library/stdtypes.html,python-docs:set_unique,Python Software Foundation License Version 2; retain attribution and source URL,sets,Python,set_unique,page:https://docs.python.org/3/library/stdtypes.html,Synthetic claim candidate derived from a curated official-documentation fact; not a human annotation.,Candidate wording requires independent evidence-only review,Built-in Types,Set Types,set_unique,pending,cg165-008-c,cg165-008-c,internal,unassigned,Contradicted,,,,pending,,,,,,,,,,,,,,review_batch_003,page:https://docs.python.org/3/library/stdtypes.html,,,,False,[],,,False,[],
,Iterating over a set always yields its members in the order they were inserted.,A set is an unordered collection of distinct hashable objects.,synthetic,Python Software Foundation documentation,https://docs.python.org/3/library/stdtypes.html,python-docs:set_unique,Python Software Foundation License Version 2; retain attribution and source URL,sets,Python,set_unique,page:https://docs.python.org/3/library/stdtypes.html,Synthetic claim candidate derived from a curated official-documentation fact; not a human annotation.,Candidate wording requires independent evidence-only review,Built-in Types,Set Types,set_unique,pending,cg165-008-i,cg165-008-i,internal,unassigned,Insufficient Evidence,,,,pending,,,,,,,,,,,,,,review_batch_004,page:https://docs.python.org/3/library/stdtypes.html,,,,False,[],,,False,[],
,A set cannot contain two equal elements as separate members.,A set is an unordered collection of distinct hashable objects.,synthetic,Python Software Foundation documentation,https://docs.python.org/3/library/stdtypes.html,python-docs:set_unique,Python Software Foundation License Version 2; retain attribution and source URL,sets,Python,set_unique,page:https://docs.python.org/3/library/stdtypes.html,Synthetic claim candidate derived from a curated official-documentation fact; not a human annotation.,Candidate wording requires independent evidence-only review,Built-in Types,Set Types,set_unique,pending,cg165-008-s,cg165-008-s,internal,unassigned,Supported,,,,pending,,,,,,,,,,,,,,review_batch_005,page:https://docs.python.org/3/library/stdtypes.html,,,,False,[],,,False,[],
,A slice of a list is always a live view that writes through to the original list.,Slicing a sequence produces a new sequence of the same type.,synthetic,Python Software Foundation documentation,https://docs.python.org/3/library/stdtypes.html,python-docs:slice_copy,Python Software Foundation License Version 2; retain attribution and source URL,slicing,Python,slice_copy,page:https://docs.python.org/3/library/stdtypes.html,Synthetic claim candidate derived from a curated official-documentation fact; not a human annotation.,Candidate wording requires independent evidence-only review,Built-in Types,Common Sequence Operations,slice_copy,pending,cg165-006-c,cg165-006-c,internal,unassigned,Contradicted,,,,pending,,,,,,,,,,,,,,review_batch_004,page:https://docs.python.org/3/library/stdtypes.html,,,,False,[],,,False,[],
,Mutating a nested list reached through a list slice changes that nested object.,Slicing a sequence produces a new sequence of the same type.,synthetic,Python Software Foundation documentation,https://docs.python.org/3/library/stdtypes.html,python-docs:slice_copy,Python Software Foundation License Version 2; retain attribution and source URL,slicing,Python,slice_copy,page:https://docs.python.org/3/library/stdtypes.html,Synthetic claim candidate derived from a curated official-documentation fact; not a human annotation.,Candidate wording requires independent evidence-only review,Built-in Types,Common Sequence Operations,slice_copy,pending,cg165-006-i,cg165-006-i,internal,unassigned,Insufficient Evidence,,,,pending,,,,,,,,,,,,,,review_batch_005,page:https://docs.python.org/3/library/stdtypes.html,,,,False,[],,,False,[],
,A slice of a list produces a new list object.,Slicing a sequence produces a new sequence of the same type.,synthetic,Python Software Foundation documentation,https://docs.python.org/3/library/stdtypes.html,python-docs:slice_copy,Python Software Foundation License Version 2; retain attribution and source URL,slicing,Python,slice_copy,page:https://docs.python.org/3/library/stdtypes.html,Synthetic claim candidate derived from a curated official-documentation fact; not a human annotation.,Candidate wording requires independent evidence-only review,Built-in Types,Common Sequence Operations,slice_copy,pending,cg165-006-s,cg165-006-s,internal,unassigned,Supported,,,,pending,,,,,,,,,,,,,,review_batch_006,page:https://docs.python.org/3/library/stdtypes.html,,,,False,[],,,False,[],
,sorted(values) sorts the original iterable in place.,"sorted(iterable, key=None, reverse=False) returns a new sorted list.",synthetic,Python Software Foundation documentation,https://docs.python.org/3/library/functions.html,python-docs:sorted_new,Python Software Foundation License Version 2; retain attribution and source URL,lists,Python,sorted_new,page:https://docs.python.org/3/library/functions.html,Synthetic claim candidate derived from a curated official-documentation fact; not a human annotation.,Candidate wording requires independent evidence-only review,Built-in Functions,sorted,sorted_new,pending,cg165-005-c,cg165-005-c,internal,unassigned,Contradicted,,,,pending,,,,,,,,,,,,,,review_batch_005,page:https://docs.python.org/3/library/functions.html,,,,False,[],,,False,[],
,The sorted() built-in guarantees a stable ordering when two items have equal keys.,"sorted(iterable, key=None, reverse=False) returns a new sorted list.",synthetic,Python Software Foundation documentation,https://docs.python.org/3/library/functions.html,python-docs:sorted_new,Python Software Foundation License Version 2; retain attribution and source URL,lists,Python,sorted_new,page:https://docs.python.org/3/library/functions.html,Synthetic claim candidate derived from a curated official-documentation fact; not a human annotation.,Candidate wording requires independent evidence-only review,Built-in Functions,sorted,sorted_new,pending,cg165-005-i,cg165-005-i,internal,unassigned,Insufficient Evidence,,,,pending,,,,,,,,,,,,,,review_batch_005,page:https://docs.python.org/3/library/functions.html,,,,False,[],,,False,[],
,sorted(values) returns a list containing the sorted items.,"sorted(iterable, key=None, reverse=False) returns a new sorted list.",synthetic,Python Software Foundation documentation,https://docs.python.org/3/library/functions.html,python-docs:sorted_new,Python Software Foundation License Version 2; retain attribution and source URL,lists,Python,sorted_new,page:https://docs.python.org/3/library/functions.html,Synthetic claim candidate derived from a curated official-documentation fact; not a human annotation.,Candidate wording requires independent evidence-only review,Built-in Functions,sorted,sorted_new,pending,cg165-005-s,cg165-005-s,internal,unassigned,Supported,,,,pending,,,,,,,,,,,,,,review_batch_002,page:https://docs.python.org/3/library/functions.html,,,,False,[],,,False,[],
,Implicit special-method lookup can bypass an object's __getattribute__ implementation.,Implicit special-method invocation may bypass instance __getattribute__.,synthetic,Python Software Foundation documentation,https://docs.python.org/3/reference/datamodel.html,python-docs:special_method_lookup_bypasses_getattribute,Python Software Foundation License Version 2; retain attribution and source URL,data model and special methods,Python,special_method_lookup_bypasses_getattribute,page:https://docs.python.org/3/reference/datamodel.html,Synthetic candidate claim reproducing one curated source fact; not a human annotation.,Pending independent source-backed human review,Data model,Special method lookup,special_method_lookup_bypasses_getattribute,pending,cg169-special_method_lookup_bypasses_getattribute-s,cg169-special_method_lookup_bypasses_getattribute-s,external,unassigned,Supported,,,,pending,,,,,,,,,,,,,,external_review_pool,page:https://docs.python.org/3/reference/datamodel.html,,,,False,[],,,False,[],
,subprocess.run(capture_output=True) cannot be used together with explicit stdout or stderr arguments.,capture_output sets stdout and stderr to PIPE and cannot be combined with stdout or stderr arguments.,synthetic,Python Software Foundation documentation,https://docs.python.org/3/library/subprocess.html,python-docs:subprocess_capture_output_conflicts_streams,Python Software Foundation License Version 2; retain attribution and source URL,subprocess,Python,subprocess_capture_output_conflicts_streams,page:https://docs.python.org/3/library/subprocess.html,Synthetic candidate claim reproducing one curated source fact; not a human annotation.,Pending independent source-backed human review,Subprocess management,run,subprocess_capture_output_conflicts_streams,pending,cg169-subprocess_capture_output_conflicts_streams-s,cg169-subprocess_capture_output_conflicts_streams-s,external,unassigned,Supported,,,,pending,,,,,,,,,,,,,,external_review_pool,page:https://docs.python.org/3/library/subprocess.html,,,,False,[],,,False,[],
,"subprocess.run(..., check=True) silently treats every non-zero exit status as success.","If check is true and the process exits with a non-zero exit code, a CalledProcessError exception will be raised.",synthetic,Python Software Foundation documentation,https://docs.python.org/3/library/subprocess.html,python-docs:subprocess_check,Python Software Foundation License Version 2; retain attribution and source URL,processes,Python,subprocess_check,page:https://docs.python.org/3/library/subprocess.html,Synthetic claim candidate derived from a curated official-documentation fact; not a human annotation.,Candidate wording requires independent evidence-only review,Subprocess,run,subprocess_check,pending,cg165-029-c,cg165-029-c,external,unassigned,Contradicted,,,,pending,,,,,,,,,,,,,,external_review_pool,page:https://docs.python.org/3/library/subprocess.html,,,,False,[],,,False,[],
,subprocess.run(timeout=...) returns a CompletedProcess normally if the child exceeds the timeout.,"If check is true and the process exits with a non-zero exit code, a CalledProcessError exception will be raised.",synthetic,Python Software Foundation documentation,https://docs.python.org/3/library/subprocess.html,python-docs:subprocess_check,Python Software Foundation License Version 2; retain attribution and source URL,processes,Python,subprocess_check,page:https://docs.python.org/3/library/subprocess.html,Synthetic claim candidate derived from a curated official-documentation fact; not a human annotation.,Candidate wording requires independent evidence-only review,Subprocess,run,subprocess_check,pending,cg165-029-i,cg165-029-i,external,unassigned,Insufficient Evidence,,,,pending,,,,,,,,,,,,,,external_review_pool,page:https://docs.python.org/3/library/subprocess.html,,,,False,[],,,False,[],
,"subprocess.run(..., check=True) raises CalledProcessError for a non-zero exit status.","If check is true and the process exits with a non-zero exit code, a CalledProcessError exception will be raised.",synthetic,Python Software Foundation documentation,https://docs.python.org/3/library/subprocess.html,python-docs:subprocess_check,Python Software Foundation License Version 2; retain attribution and source URL,processes,Python,subprocess_check,page:https://docs.python.org/3/library/subprocess.html,Synthetic claim candidate derived from a curated official-documentation fact; not a human annotation.,Candidate wording requires independent evidence-only review,Subprocess,run,subprocess_check,pending,cg165-029-s,cg165-029-s,external,unassigned,Supported,,,,pending,,,,,,,,,,,,,,external_review_pool,page:https://docs.python.org/3/library/subprocess.html,,,,False,[],,,False,[],
,subprocess.run(check=True) raises CalledProcessError when the child exits with a nonzero status.,"With check=True, a nonzero process exit raises CalledProcessError.",synthetic,Python Software Foundation documentation,https://docs.python.org/3/library/subprocess.html,python-docs:subprocess_check_nonzero_raises,Python Software Foundation License Version 2; retain attribution and source URL,subprocess and exceptions,Python,subprocess_check_nonzero_raises,page:https://docs.python.org/3/library/subprocess.html,Synthetic candidate claim reproducing one curated source fact; not a human annotation.,Pending independent source-backed human review,Subprocess management,run,subprocess_check_nonzero_raises,pending,cg169-subprocess_check_nonzero_raises-s,cg169-subprocess_check_nonzero_raises-s,external,unassigned,Supported,,,,pending,,,,,,,,,,,,,,external_review_pool,page:https://docs.python.org/3/library/subprocess.html,,,,False,[],,,False,[],
,"When using subprocess pipes, communicate() avoids the pipe-buffer deadlock risk associated with wait().",wait can deadlock with PIPE streams if output fills the OS pipe buffer; communicate is recommended.,synthetic,Python Software Foundation documentation,https://docs.python.org/3/library/subprocess.html,python-docs:subprocess_communicate_pipe_deadlock_avoid,Python Software Foundation License Version 2; retain attribution and source URL,subprocess and file objects,Python,subprocess_communicate_pipe_deadlock_avoid,page:https://docs.python.org/3/library/subprocess.html,Synthetic candidate claim reproducing one curated source fact; not a human annotation.,Pending independent source-backed human review,Subprocess management,Popen objects,subprocess_communicate_pipe_deadlock_avoid,pending,cg169-subprocess_communicate_pipe_deadlock_avoid-s,cg169-subprocess_communicate_pipe_deadlock_avoid-s,external,unassigned,Supported,,,,pending,,,,,,,,,,,,,,external_review_pool,page:https://docs.python.org/3/library/subprocess.html,,,,False,[],,,False,[],
,The env argument to subprocess.run supplies the child environment in place of normal environment inheritance.,Supplying env passes the specified environment mapping instead of inheriting the parent's default environment.,synthetic,Python Software Foundation documentation,https://docs.python.org/3/library/subprocess.html,python-docs:subprocess_env_replaces_inherited,Python Software Foundation License Version 2; retain attribution and source URL,subprocess and environment,Python,subprocess_env_replaces_inherited,page:https://docs.python.org/3/library/subprocess.html,Synthetic candidate claim reproducing one curated source fact; not a human annotation.,Pending independent source-backed human review,Subprocess management,run,subprocess_env_replaces_inherited,pending,cg169-subprocess_env_replaces_inherited-s,cg169-subprocess_env_replaces_inherited-s,external,unassigned,Supported,,,,pending,,,,,,,,,,,,,,external_review_pool,page:https://docs.python.org/3/library/subprocess.html,,,,False,[],,,False,[],
,subprocess.run() waits for the command to complete and returns a CompletedProcess.,run waits for completion and returns a CompletedProcess object.,synthetic,Python Software Foundation documentation,https://docs.python.org/3/library/subprocess.html,python-docs:subprocess_run_completedprocess,Python Software Foundation License Version 2; retain attribution and source URL,subprocess,Python,subprocess_run_completedprocess,page:https://docs.python.org/3/library/subprocess.html,Synthetic candidate claim reproducing one curated source fact; not a human annotation.,Pending independent source-backed human review,Subprocess management,run,subprocess_run_completedprocess,pending,cg169-subprocess_run_completedprocess-s,cg169-subprocess_run_completedprocess-s,external,unassigned,Supported,,,,pending,,,,,,,,,,,,,,external_review_pool,page:https://docs.python.org/3/library/subprocess.html,,,,False,[],,,False,[],
,"When subprocess.run() times out, it kills and waits for the child before raising TimeoutExpired.","If run's timeout expires, the child is killed and waited for before TimeoutExpired is reraised.",synthetic,Python Software Foundation documentation,https://docs.python.org/3/library/subprocess.html,python-docs:subprocess_timeout_kills_child,Python Software Foundation License Version 2; retain attribution and source URL,subprocess,Python,subprocess_timeout_kills_child,page:https://docs.python.org/3/library/subprocess.html,Synthetic candidate claim reproducing one curated source fact; not a human annotation.,Pending independent source-backed human review,Subprocess management,run,subprocess_timeout_kills_child,pending,cg169-subprocess_timeout_kills_child-s,cg169-subprocess_timeout_kills_child-s,external,unassigned,Supported,,,,pending,,,,,,,,,,,,,,external_review_pool,page:https://docs.python.org/3/library/subprocess.html,,,,False,[],,,False,[],
,contextlib.suppress(FileNotFoundError) suppresses every exception type.,suppress suppresses any of the specified exceptions if they occur in the body of a with statement.,synthetic,Python Software Foundation documentation,https://docs.python.org/3/library/contextlib.html,python-docs:suppress_specific,Python Software Foundation License Version 2; retain attribution and source URL,exceptions and context managers,Python,suppress_specific,page:https://docs.python.org/3/library/contextlib.html,Synthetic claim candidate derived from a curated official-documentation fact; not a human annotation.,Candidate wording requires independent evidence-only review,Contextlib,suppress,suppress_specific,pending,cg165-026-c,cg165-026-c,external,unassigned,Contradicted,,,,pending,,,,,,,,,,,,,,external_review_pool,page:https://docs.python.org/3/library/contextlib.html,,,,False,[],,,False,[],
,contextlib.suppress(FileNotFoundError) also suppresses a TypeError raised in the with body.,suppress suppresses any of the specified exceptions if they occur in the body of a with statement.,synthetic,Python Software Foundation documentation,https://docs.python.org/3/library/contextlib.html,python-docs:suppress_specific,Python Software Foundation License Version 2; retain attribution and source URL,exceptions and context managers,Python,suppress_specific,page:https://docs.python.org/3/library/contextlib.html,Synthetic claim candidate derived from a curated official-documentation fact; not a human annotation.,Candidate wording requires independent evidence-only review,Contextlib,suppress,suppress_specific,pending,cg165-026-i,cg165-026-i,external,unassigned,Insufficient Evidence,,,,pending,,,,,,,,,,,,,,external_review_pool,page:https://docs.python.org/3/library/contextlib.html,,,,False,[],,,False,[],
,contextlib.suppress(FileNotFoundError) is scoped to the specified exception type.,suppress suppresses any of the specified exceptions if they occur in the body of a with statement.,synthetic,Python Software Foundation documentation,https://docs.python.org/3/library/contextlib.html,python-docs:suppress_specific,Python Software Foundation License Version 2; retain attribution and source URL,exceptions and context managers,Python,suppress_specific,page:https://docs.python.org/3/library/contextlib.html,Synthetic claim candidate derived from a curated official-documentation fact; not a human annotation.,Candidate wording requires independent evidence-only review,Contextlib,suppress,suppress_specific,pending,cg165-026-s,cg165-026-s,external,unassigned,Supported,,,,pending,,,,,,,,,,,,,,external_review_pool,page:https://docs.python.org/3/library/contextlib.html,,,,False,[],,,False,[],
,A TemporaryDirectory is preserved after context exit by default.,TemporaryDirectory can be used as a context manager; the directory and contents are removed when the context exits.,synthetic,Python Software Foundation documentation,https://docs.python.org/3/library/tempfile.html,python-docs:temp_cleanup,Python Software Foundation License Version 2; retain attribution and source URL,files and resource handling,Python,temp_cleanup,page:https://docs.python.org/3/library/tempfile.html,Synthetic claim candidate derived from a curated official-documentation fact; not a human annotation.,Candidate wording requires independent evidence-only review,Tempfile,TemporaryDirectory,temp_cleanup,pending,cg165-031-c,cg165-031-c,external,unassigned,Contradicted,,,,pending,,,,,,,,,,,,,,external_review_pool,page:https://docs.python.org/3/library/tempfile.html,,,,False,[],,,False,[],
,TemporaryDirectory supports a parameter that ignores cleanup errors.,TemporaryDirectory can be used as a context manager; the directory and contents are removed when the context exits.,synthetic,Python Software Foundation documentation,https://docs.python.org/3/library/tempfile.html,python-docs:temp_cleanup,Python Software Foundation License Version 2; retain attribution and source URL,files and resource handling,Python,temp_cleanup,page:https://docs.python.org/3/library/tempfile.html,Synthetic claim candidate derived from a curated official-documentation fact; not a human annotation.,Candidate wording requires independent evidence-only review,Tempfile,TemporaryDirectory,temp_cleanup,pending,cg165-031-i,cg165-031-i,external,unassigned,Insufficient Evidence,,,,pending,,,,,,,,,,,,,,external_review_pool,page:https://docs.python.org/3/library/tempfile.html,,,,False,[],,,False,[],
,A TemporaryDirectory context manager removes its temporary directory on context exit.,TemporaryDirectory can be used as a context manager; the directory and contents are removed when the context exits.,synthetic,Python Software Foundation documentation,https://docs.python.org/3/library/tempfile.html,python-docs:temp_cleanup,Python Software Foundation License Version 2; retain attribution and source URL,files and resource handling,Python,temp_cleanup,page:https://docs.python.org/3/library/tempfile.html,Synthetic claim candidate derived from a curated official-documentation fact; not a human annotation.,Candidate wording requires independent evidence-only review,Tempfile,TemporaryDirectory,temp_cleanup,pending,cg165-031-s,cg165-031-s,external,unassigned,Supported,,,,pending,,,,,,,,,,,,,,external_review_pool,page:https://docs.python.org/3/library/tempfile.html,,,,False,[],,,False,[],
,Condition.wait() releases the associated lock while waiting and reacquires it before it returns.,Condition.wait releases its underlying lock while blocked and reacquires it before returning.,synthetic,Python Software Foundation documentation,https://docs.python.org/3/library/threading.html,python-docs:threading_condition_wait_lock,Python Software Foundation License Version 2; retain attribution and source URL,threading,Python,threading_condition_wait_lock,page:https://docs.python.org/3/library/threading.html,Synthetic candidate claim reproducing one curated source fact; not a human annotation.,Pending independent source-backed human review,Thread-based parallelism,Condition objects,threading_condition_wait_lock,pending,cg169-threading_condition_wait_lock-s,cg169-threading_condition_wait_lock-s,external,unassigned,Supported,,,,pending,,,,,,,,,,,,,,external_review_pool,page:https://docs.python.org/3/library/threading.html,,,,False,[],,,False,[],
,Condition.wait() raises RuntimeError if called by a thread that does not hold the condition's lock.,Calling Condition.wait without having acquired its lock raises RuntimeError.,synthetic,Python Software Foundation documentation,https://docs.python.org/3/library/threading.html,python-docs:threading_condition_wait_requires_lock,Python Software Foundation License Version 2; retain attribution and source URL,threading and exceptions,Python,threading_condition_wait_requires_lock,page:https://docs.python.org/3/library/threading.html,Synthetic candidate claim reproducing one curated source fact; not a human annotation.,Pending independent source-backed human review,Thread-based parallelism,Condition objects,threading_condition_wait_requires_lock,pending,cg169-threading_condition_wait_requires_lock-s,cg169-threading_condition_wait_requires_lock-s,external,unassigned,Supported,,,,pending,,,,,,,,,,,,,,external_review_pool,page:https://docs.python.org/3/library/threading.html,,,,False,[],,,False,[],
,A Python threading.Lock may be released by a thread other than the acquiring thread.,"A primitive Lock can be released by any thread, not only the thread that acquired it.",synthetic,Python Software Foundation documentation,https://docs.python.org/3/library/threading.html,python-docs:threading_lock_any_release,Python Software Foundation License Version 2; retain attribution and source URL,threading,Python,threading_lock_any_release,page:https://docs.python.org/3/library/threading.html,Synthetic candidate claim reproducing one curated source fact; not a human annotation.,Pending independent source-backed human review,Thread-based parallelism,Lock objects,threading_lock_any_release,pending,cg169-threading_lock_any_release-s,cg169-threading_lock_any_release-s,external,unassigned,Supported,,,,pending,,,,,,,,,,,,,,external_review_pool,page:https://docs.python.org/3/library/threading.html,,,,False,[],,,False,[],
,Calling release() on an already unlocked threading.Lock raises RuntimeError.,Calling release on an unlocked Lock raises RuntimeError.,synthetic,Python Software Foundation documentation,https://docs.python.org/3/library/threading.html,python-docs:threading_lock_unlocked_release,Python Software Foundation License Version 2; retain attribution and source URL,threading and exceptions,Python,threading_lock_unlocked_release,page:https://docs.python.org/3/library/threading.html,Synthetic candidate claim reproducing one curated source fact; not a human annotation.,Pending independent source-backed human review,Thread-based parallelism,Lock objects,threading_lock_unlocked_release,pending,cg169-threading_lock_unlocked_release-s,cg169-threading_lock_unlocked_release-s,external,unassigned,Supported,,,,pending,,,,,,,,,,,,,,external_review_pool,page:https://docs.python.org/3/library/threading.html,,,,False,[],,,False,[],
,A threading.RLock must be released by its owning thread.,An RLock must be released by the thread that acquired it.,synthetic,Python Software Foundation documentation,https://docs.python.org/3/library/threading.html,python-docs:threading_rlock_owner,Python Software Foundation License Version 2; retain attribution and source URL,threading,Python,threading_rlock_owner,page:https://docs.python.org/3/library/threading.html,Synthetic candidate claim reproducing one curated source fact; not a human annotation.,Pending independent source-backed human review,Thread-based parallelism,RLock objects,threading_rlock_owner,pending,cg169-threading_rlock_owner-s,cg169-threading_rlock_owner-s,external,unassigned,Supported,,,,pending,,,,,,,,,,,,,,external_review_pool,page:https://docs.python.org/3/library/threading.html,,,,False,[],,,False,[],
,A thread that acquires an RLock multiple times must release it the same number of times.,The acquiring thread may acquire an RLock repeatedly without blocking and must release it once per acquisition.,synthetic,Python Software Foundation documentation,https://docs.python.org/3/library/threading.html,python-docs:threading_rlock_recursion,Python Software Foundation License Version 2; retain attribution and source URL,threading,Python,threading_rlock_recursion,page:https://docs.python.org/3/library/threading.html,Synthetic candidate claim reproducing one curated source fact; not a human annotation.,Pending independent source-backed human review,Thread-based parallelism,RLock objects,threading_rlock_recursion,pending,cg169-threading_rlock_recursion-s,cg169-threading_rlock_recursion-s,external,unassigned,Supported,,,,pending,,,,,,,,,,,,,,external_review_pool,page:https://docs.python.org/3/library/threading.html,,,,False,[],,,False,[],
,Immutability of a tuple makes every list inside it immutable too.,"Tuples are immutable, but they can contain mutable objects such as lists whose contents can change.",synthetic,Python Software Foundation documentation,https://docs.python.org/3/tutorial/datastructures.html,python-docs:tuple_nested_mutable,Python Software Foundation License Version 2; retain attribution and source URL,tuples and mutability,Python,tuple_nested_mutable,page:https://docs.python.org/3/tutorial/datastructures.html,Synthetic claim candidate derived from a curated official-documentation fact; not a human annotation.,Candidate wording requires independent evidence-only review,The Python Tutorial,Tuples and Sequences,tuple_nested_mutable,pending,cg165-007-c,cg165-007-c,internal,unassigned,Contradicted,,,,pending,,,,,,,,,,,,,,review_batch_004,page:https://docs.python.org/3/tutorial/datastructures.html,,,,False,[],,,False,[],
,A tuple may be used as a dictionary key even when one of its elements is a list.,"Tuples are immutable, but they can contain mutable objects such as lists whose contents can change.",synthetic,Python Software Foundation documentation,https://docs.python.org/3/tutorial/datastructures.html,python-docs:tuple_nested_mutable,Python Software Foundation License Version 2; retain attribution and source URL,tuples and mutability,Python,tuple_nested_mutable,page:https://docs.python.org/3/tutorial/datastructures.html,Synthetic claim candidate derived from a curated official-documentation fact; not a human annotation.,Candidate wording requires independent evidence-only review,The Python Tutorial,Tuples and Sequences,tuple_nested_mutable,pending,cg165-007-i,cg165-007-i,internal,unassigned,Insufficient Evidence,,,,pending,,,,,,,,,,,,,,review_batch_002,page:https://docs.python.org/3/tutorial/datastructures.html,,,,False,[],,,False,[],
,A list stored inside a tuple can still have its own contents modified.,"Tuples are immutable, but they can contain mutable objects such as lists whose contents can change.",synthetic,Python Software Foundation documentation,https://docs.python.org/3/tutorial/datastructures.html,python-docs:tuple_nested_mutable,Python Software Foundation License Version 2; retain attribution and source URL,tuples and mutability,Python,tuple_nested_mutable,page:https://docs.python.org/3/tutorial/datastructures.html,Synthetic claim candidate derived from a curated official-documentation fact; not a human annotation.,Candidate wording requires independent evidence-only review,The Python Tutorial,Tuples and Sequences,tuple_nested_mutable,pending,cg165-007-s,cg165-007-s,internal,unassigned,Supported,,,,pending,,,,,,,,,,,,,,review_batch_005,page:https://docs.python.org/3/tutorial/datastructures.html,,,,False,[],,,False,[],
,"A tool with no special handling for Annotated metadata should treat Annotated[T, x] as its underlying type T.","Tools without special handling for Annotated metadata should treat Annotated[T, x] as T.",synthetic,Python Software Foundation documentation,https://docs.python.org/3/library/typing.html,python-docs:typing_annotated_metadata_ignored,Python Software Foundation License Version 2; retain attribution and source URL,typing,Python,typing_annotated_metadata_ignored,page:https://docs.python.org/3/library/typing.html,Synthetic candidate claim reproducing one curated source fact; not a human annotation.,Pending independent source-backed human review,Typing,Annotated,typing_annotated_metadata_ignored,pending,cg169-typing_annotated_metadata_ignored-s,cg169-typing_annotated_metadata_ignored-s,internal,unassigned,Supported,,,,pending,,,,,,,,,,,,,,phase16_9_internal,page:https://docs.python.org/3/library/typing.html,,,,False,[],,,False,[],
,typing.cast converts its argument to the requested type at runtime.,cast returns the value unchanged; it does not perform a runtime type check.,synthetic,Python Software Foundation documentation,https://docs.python.org/3/library/typing.html,python-docs:typing_cast,Python Software Foundation License Version 2; retain attribution and source URL,typing,Python,typing_cast,page:https://docs.python.org/3/library/typing.html,Synthetic claim candidate derived from a curated official-documentation fact; not a human annotation.,Candidate wording requires independent evidence-only review,Typing,Cast,typing_cast,pending,cg165-030-c,cg165-030-c,internal,unassigned,Contradicted,,,,pending,,,,,,,,,,,,,,review_batch_006,page:https://docs.python.org/3/library/typing.html,,,,False,[],,,False,[],
,A static type checker must treat a value passed through typing.cast as having the requested type.,cast returns the value unchanged; it does not perform a runtime type check.,synthetic,Python Software Foundation documentation,https://docs.python.org/3/library/typing.html,python-docs:typing_cast,Python Software Foundation License Version 2; retain attribution and source URL,typing,Python,typing_cast,page:https://docs.python.org/3/library/typing.html,Synthetic claim candidate derived from a curated official-documentation fact; not a human annotation.,Candidate wording requires independent evidence-only review,Typing,Cast,typing_cast,pending,cg165-030-i,cg165-030-i,internal,unassigned,Insufficient Evidence,,,,pending,,,,,,,,,,,,,,review_batch_004,page:https://docs.python.org/3/library/typing.html,,,,False,[],,,False,[],
,typing.cast does not convert its argument at runtime.,cast returns the value unchanged; it does not perform a runtime type check.,synthetic,Python Software Foundation documentation,https://docs.python.org/3/library/typing.html,python-docs:typing_cast,Python Software Foundation License Version 2; retain attribution and source URL,typing,Python,typing_cast,page:https://docs.python.org/3/library/typing.html,Synthetic claim candidate derived from a curated official-documentation fact; not a human annotation.,Candidate wording requires independent evidence-only review,Typing,Cast,typing_cast,pending,cg165-030-s,cg165-030-s,internal,unassigned,Supported,,,,pending,,,,,,,,,,,,,,review_batch_002,page:https://docs.python.org/3/library/typing.html,,,,False,[],,,False,[],
,Function and variable type annotations are not enforced by the Python runtime.,The Python runtime does not enforce function and variable annotations.,synthetic,Python Software Foundation documentation,https://docs.python.org/3/library/typing.html,python-docs:typing_runtime_no_enforcement,Python Software Foundation License Version 2; retain attribution and source URL,typing and runtime behavior,Python,typing_runtime_no_enforcement,page:https://docs.python.org/3/library/typing.html,Synthetic candidate claim reproducing one curated source fact; not a human annotation.,Pending independent source-backed human review,Typing,Type hints,typing_runtime_no_enforcement,pending,cg169-typing_runtime_no_enforcement-s,cg169-typing_runtime_no_enforcement-s,internal,unassigned,Supported,,,,pending,,,,,,,,,,,,,,phase16_9_internal,page:https://docs.python.org/3/library/typing.html,,,,False,[],,,False,[],
,warnings.catch_warnings restores the warning filter on exit in the documented single-threaded case.,"On context-manager exit, catch_warnings restores the filter and showwarning function; the guarantee applies in a single-threaded application.",synthetic,Python Software Foundation documentation,https://docs.python.org/3/library/warnings.html,python-docs:warnings_catch_restores_filter,Python Software Foundation License Version 2; retain attribution and source URL,warnings and context managers,Python,warnings_catch_restores_filter,page:https://docs.python.org/3/library/warnings.html,Synthetic candidate claim reproducing one curated source fact; not a human annotation.,Pending independent source-backed human review,Warning control,Testing Warnings,warnings_catch_restores_filter,pending,cg169-warnings_catch_restores_filter-s,cg169-warnings_catch_restores_filter-s,external,unassigned,Supported,,,,pending,,,,,,,,,,,,,,external_review_pool,page:https://docs.python.org/3/library/warnings.html,,,,False,[],,,False,[],
,"The default warnings action treats occurrences as repeats only when message, category, module, and line number all match.","Under the default action, repeat identity includes message, category, module, and line number.",synthetic,Python Software Foundation documentation,https://docs.python.org/3/library/warnings.html,python-docs:warnings_default_repeat_location,Python Software Foundation License Version 2; retain attribution and source URL,warnings,Python,warnings_default_repeat_location,page:https://docs.python.org/3/library/warnings.html,Synthetic candidate claim reproducing one curated source fact; not a human annotation.,Pending independent source-backed human review,Warning control,Repeated Warning Suppression Criteria,warnings_default_repeat_location,pending,cg169-warnings_default_repeat_location-s,cg169-warnings_default_repeat_location-s,external,unassigned,Supported,,,,pending,,,,,,,,,,,,,,external_review_pool,page:https://docs.python.org/3/library/warnings.html,,,,False,[],,,False,[],
,Later comma-separated filters in PYTHONWARNINGS take precedence over earlier filters.,"For multiple filters on one PYTHONWARNINGS line, later filters take precedence.",synthetic,Python Software Foundation documentation,https://docs.python.org/3/library/warnings.html,python-docs:warnings_later_filters_precedence,Python Software Foundation License Version 2; retain attribution and source URL,warnings,Python,warnings_later_filters_precedence,page:https://docs.python.org/3/library/warnings.html,Synthetic candidate claim reproducing one curated source fact; not a human annotation.,Pending independent source-backed human review,Warning control,Describing Warning Filters,warnings_later_filters_precedence,pending,cg169-warnings_later_filters_precedence-s,cg169-warnings_later_filters_precedence-s,external,unassigned,Supported,,,,pending,,,,,,,,,,,,,,external_review_pool,page:https://docs.python.org/3/library/warnings.html,,,,False,[],,,False,[],
,The once warnings action ignores module and line number when deciding whether a warning repeats.,"Under once, repeat identity uses message and category while ignoring module and line number.",synthetic,Python Software Foundation documentation,https://docs.python.org/3/library/warnings.html,python-docs:warnings_once_repeat_category,Python Software Foundation License Version 2; retain attribution and source URL,warnings,Python,warnings_once_repeat_category,page:https://docs.python.org/3/library/warnings.html,Synthetic candidate claim reproducing one curated source fact; not a human annotation.,Pending independent source-backed human review,Warning control,Repeated Warning Suppression Criteria,warnings_once_repeat_category,pending,cg169-warnings_once_repeat_category-s,cg169-warnings_once_repeat_category-s,external,unassigned,Supported,,,,pending,,,,,,,,,,,,,,external_review_pool,page:https://docs.python.org/3/library/warnings.html,,,,False,[],,,False,[],
