id,claim,evidence,data_origin,source_name,source_url,source_record_id,license,topic,language,fact_key,evidence_group,provenance,verification_status,source_title,source_section,claim_family,review_status,proposed_label,split,origin_bucket,review_status,final_adjudicated_label
cg-rd-0054,all([]) returns False.,Return True if all elements of the iterable are true (or if the iterable is empty).,synthetic_pending_review,Python documentation (Python Software Foundation),https://docs.python.org/3/library/functions.html,python-docs:all_empty,Python Software Foundation License Version 2; source attribution and URL retained,built-ins,Python,all_empty,page:https://docs.python.org/3/library/functions.html,Synthetic claim wording grounded in the linked official documentation excerpt; not a human annotation.,Source checked; independent human expert review pending,Python Library Reference,Built-in functions — all,all_empty,pending,Contradicted,train,synthetic_pending_review,pending,
cg-rd-0056,any([]) returns True.,"Return True if any element of the iterable is true. If the iterable is empty, return False.",synthetic_pending_review,Python documentation (Python Software Foundation),https://docs.python.org/3/library/functions.html,python-docs:any_empty,Python Software Foundation License Version 2; source attribution and URL retained,built-ins,Python,any_empty,page:https://docs.python.org/3/library/functions.html,Synthetic claim wording grounded in the linked official documentation excerpt; not a human annotation.,Source checked; independent human expert review pending,Python Library Reference,Built-in functions — any,any_empty,pending,Contradicted,train,synthetic_pending_review,pending,
cg-rd-0052,bool is not a subclass of int in Python.,"bool is a subclass of int (see Numeric Types — int, float, complex). In many numeric contexts, False and True behave like 0 and 1, respectively.",synthetic_pending_review,Python documentation (Python Software Foundation),https://docs.python.org/3/library/functions.html,python-docs:bool_int,Python Software Foundation License Version 2; source attribution and URL retained,built-ins,Python,bool_int,page:https://docs.python.org/3/library/functions.html,Synthetic claim wording grounded in the linked official documentation excerpt; not a human annotation.,Source checked; independent human expert review pending,Python Library Reference,Built-in functions — bool,bool_int,pending,Contradicted,train,synthetic_pending_review,pending,
cg-rd-0036,A mutable default argument is freshly evaluated on every function call.,The default value is evaluated only once. This makes a difference when the default is a mutable object such as a list or dictionary.,synthetic_pending_review,Python documentation (Python Software Foundation),https://docs.python.org/3/tutorial/controlflow.html,python-docs:default_once,Python Software Foundation License Version 2; source attribution and URL retained,functions,Python,default_once,page:https://docs.python.org/3/tutorial/controlflow.html,Synthetic claim wording grounded in the linked official documentation excerpt; not a human annotation.,Source checked; independent human expert review pending,The Python Tutorial,Control flow — default argument values,default_once,pending,Contradicted,train,synthetic_pending_review,pending,
cg-rd-0018,dict.get raises KeyError by default when a key is missing.,"Dictionary subscription with a missing key raises KeyError. The get method returns None by default for a missing key, or returns the caller-provided default value.",synthetic_pending_review,Python documentation (Python Software Foundation),https://docs.python.org/3/tutorial/datastructures.html,python-docs:dict_get_missing_key,Python Software Foundation License Version 2; source attribution and URL retained,dictionaries and exceptions,Python,dict_get_missing_key,page:https://docs.python.org/3/tutorial/datastructures.html,Synthetic claim wording grounded in the linked official documentation excerpt; not a human annotation.,Legacy synthetic pilot record; expert review pending,Curated Python documentation passage,5.5 Dictionaries,dict_get_missing_key,pending,Contradicted,train,synthetic_pending_review,pending,
cg-rd-0006,Python dictionaries do not preserve insertion order.,"Iterating over a dictionary, including list(dict), produces keys in insertion order. Calling sorted on the dictionary keys is a separate way to obtain sorted order.",synthetic_pending_review,Python documentation (Python Software Foundation),https://docs.python.org/3/tutorial/datastructures.html,python-docs:dict_insertion_order,Python Software Foundation License Version 2; source attribution and URL retained,dictionaries,Python,dict_insertion_order,page:https://docs.python.org/3/tutorial/datastructures.html,Synthetic claim wording grounded in the linked official documentation excerpt; not a human annotation.,Legacy synthetic pilot record; expert review pending,The Python Tutorial: Data Structures,5.5 Dictionaries,dict_insertion_order,pending,Contradicted,train,synthetic_pending_review,pending,
cg-rd-0058,enumerate returns only the current item and never a count.,"An enumerate object yields pairs containing a count (from start, which defaults to zero) and a value obtained from iterating over iterable.",synthetic_pending_review,Python documentation (Python Software Foundation),https://docs.python.org/3/library/functions.html,python-docs:enumerate_tuple,Python Software Foundation License Version 2; source attribution and URL retained,built-ins,Python,enumerate_tuple,page:https://docs.python.org/3/library/functions.html,Synthetic claim wording grounded in the linked official documentation excerpt; not a human annotation.,Source checked; independent human expert review pending,Python Library Reference,Built-in functions — enumerate,enumerate_tuple,pending,Contradicted,train,synthetic_pending_review,pending,
cg-rd-0038,A Python function that reaches its end without return returns zero.,"If a function definition does not include a return statement, it returns None.",synthetic_pending_review,Python documentation (Python Software Foundation),https://docs.python.org/3/tutorial/controlflow.html,python-docs:fallthrough_none,Python Software Foundation License Version 2; source attribution and URL retained,functions,Python,fallthrough_none,page:https://docs.python.org/3/tutorial/controlflow.html,Synthetic claim wording grounded in the linked official documentation excerpt; not a human annotation.,Source checked; independent human expert review pending,The Python Tutorial,Control flow — defining functions,fallthrough_none,pending,Contradicted,train,synthetic_pending_review,pending,
cg-rd-0026,A Python for-else suite runs when the loop exits with break.,A for loop's optional else suite runs when the loop finishes normally because the iterator is exhausted. It does not run when a break statement terminates the loop.,synthetic_pending_review,Python documentation (Python Software Foundation),https://docs.python.org/3/reference/compound_stmts.html#the-for-statement,python-docs:for_else_after_break,Python Software Foundation License Version 2; source attribution and URL retained,loops,Python,for_else_after_break,page:https://docs.python.org/3/reference/compound_stmts.html#the-for-statement,Synthetic claim wording grounded in the linked official documentation excerpt; not a human annotation.,Legacy synthetic pilot record; expert review pending,Curated Python documentation passage,The for statement,for_else_after_break,pending,Contradicted,test,synthetic_pending_review,pending,
cg-rd-0034,A for-else suite runs after a break exits the loop.,"The else clause executes after the for loop completes normally, but not when the loop is terminated by a break statement.",synthetic_pending_review,Python documentation (Python Software Foundation),https://docs.python.org/3/tutorial/controlflow.html,python-docs:for_else_break,Python Software Foundation License Version 2; source attribution and URL retained,loops,Python,for_else_break,page:https://docs.python.org/3/tutorial/controlflow.html,Synthetic claim wording grounded in the linked official documentation excerpt; not a human annotation.,Source checked; independent human expert review pending,The Python Tutorial,Control flow — for statements,for_else_break,pending,Contradicted,train,synthetic_pending_review,pending,
cg-rd-0024,Defining a Python function immediately executes its body.,Executing a function definition binds a function object to its name. The function body is not executed by defining it; the body runs when the function is called.,synthetic_pending_review,Python documentation (Python Software Foundation),https://docs.python.org/3/reference/compound_stmts.html#function-definitions,python-docs:function_definition_executes_body,Python Software Foundation License Version 2; source attribution and URL retained,functions,Python,function_definition_executes_body,page:https://docs.python.org/3/reference/compound_stmts.html#function-definitions,Synthetic claim wording grounded in the linked official documentation excerpt; not a human annotation.,Legacy synthetic pilot record; expert review pending,Curated Python documentation passage,Function definitions,function_definition_executes_body,pending,Contradicted,validation,synthetic_pending_review,pending,
cg-rd-0040,A name assigned in a function body is global by default.,"When a variable is used in a function, the value is looked up in the local symbol table; the local symbol table is populated from the function's parameters and variables assigned in the function body.",synthetic_pending_review,Python documentation (Python Software Foundation),https://docs.python.org/3/tutorial/controlflow.html,python-docs:function_scope,Python Software Foundation License Version 2; source attribution and URL retained,functions,Python,function_scope,page:https://docs.python.org/3/tutorial/controlflow.html,Synthetic claim wording grounded in the linked official documentation excerpt; not a human annotation.,Source checked; independent human expert review pending,The Python Tutorial,Control flow — defining functions,function_scope,pending,Contradicted,train,synthetic_pending_review,pending,
cg-rd-0046,A generator expression always builds a full list before iteration.,Generator expressions are more memory friendly than equivalent list comprehensions.,synthetic_pending_review,Python documentation (Python Software Foundation),https://docs.python.org/3/tutorial/classes.html,python-docs:generator_expression,Python Software Foundation License Version 2; source attribution and URL retained,iteration,Python,generator_expression,page:https://docs.python.org/3/tutorial/classes.html,Synthetic claim wording grounded in the linked official documentation excerpt; not a human annotation.,Source checked; independent human expert review pending,The Python Tutorial,Classes — generator expressions,generator_expression,pending,Contradicted,validation,synthetic_pending_review,pending,
cg-rd-0044,A generator restarts its function from the beginning after every yield.,"Each time next() is called on it, the generator resumes where it left off (it remembers all the data values and which statement was last executed).",synthetic_pending_review,Python documentation (Python Software Foundation),https://docs.python.org/3/tutorial/classes.html,python-docs:generator_resume,Python Software Foundation License Version 2; source attribution and URL retained,iteration,Python,generator_resume,page:https://docs.python.org/3/tutorial/classes.html,Synthetic claim wording grounded in the linked official documentation excerpt; not a human annotation.,Source checked; independent human expert review pending,The Python Tutorial,Classes — generators,generator_resume,pending,Contradicted,validation,synthetic_pending_review,pending,
cg-rd-0042,A for loop must index each container and does not use an iterator.,"The for statement calls iter() on the container object. The function returns an iterator object that defines __next__(), which accesses elements one at a time. When there are no more elements, __next__() raises StopIteration.",synthetic_pending_review,Python documentation (Python Software Foundation),https://docs.python.org/3/tutorial/classes.html,python-docs:iterator_protocol,Python Software Foundation License Version 2; source attribution and URL retained,iteration,Python,iterator_protocol,page:https://docs.python.org/3/tutorial/classes.html,Synthetic claim wording grounded in the linked official documentation excerpt; not a human annotation.,Source checked; independent human expert review pending,The Python Tutorial,Classes — iterators,iterator_protocol,pending,Contradicted,validation,synthetic_pending_review,pending,
cg-rd-0016,A Python list comprehension modifies its input list in place.,"A list comprehension evaluates an expression for items selected by its for and optional if clauses, producing a new list.",synthetic_pending_review,Python documentation (Python Software Foundation),https://docs.python.org/3/tutorial/datastructures.html,python-docs:list_comprehension_new_list,Python Software Foundation License Version 2; source attribution and URL retained,comprehensions,Python,list_comprehension_new_list,page:https://docs.python.org/3/tutorial/datastructures.html,Synthetic claim wording grounded in the linked official documentation excerpt; not a human annotation.,Legacy synthetic pilot record; expert review pending,Curated Python documentation passage,5.1.3 List Comprehensions,list_comprehension_new_list,pending,Contradicted,train,synthetic_pending_review,pending,
cg-rd-0020,Inserting or popping at the front of a Python list leaves the remaining elements in place.,"A list can represent a queue, but inserts and pops at the beginning are slow because the other elements must shift. The tutorial recommends collections.deque for efficient operations at both ends.",synthetic_pending_review,Python documentation (Python Software Foundation),https://docs.python.org/3/tutorial/datastructures.html,python-docs:list_front_queue_performance,Python Software Foundation License Version 2; source attribution and URL retained,collections and performance,Python,list_front_queue_performance,page:https://docs.python.org/3/tutorial/datastructures.html,Synthetic claim wording grounded in the linked official documentation excerpt; not a human annotation.,Legacy synthetic pilot record; expert review pending,Curated Python documentation passage,5.1.2 Using Lists as Queues,list_front_queue_performance,pending,Contradicted,train,synthetic_pending_review,pending,
cg-rd-0002,Python lists are immutable.,"Lists are mutable data structures. Methods such as append, insert, remove, pop, sort, and reverse change the existing list. Tuples are immutable, although a tuple can contain a separate mutable object such as a list.",synthetic_pending_review,Python documentation (Python Software Foundation),https://docs.python.org/3/tutorial/datastructures.html,python-docs:list_mutability,Python Software Foundation License Version 2; source attribution and URL retained,collections and mutability,Python,list_mutability,page:https://docs.python.org/3/tutorial/datastructures.html,Synthetic claim wording grounded in the linked official documentation excerpt; not a human annotation.,Legacy synthetic pilot record; expert review pending,The Python Tutorial: Data Structures,5.1 More on Lists; 5.3 Tuples and Sequences,list_mutability,pending,Contradicted,train,synthetic_pending_review,pending,
cg-rd-0060,A range object stores every represented integer in memory.,"The range type represents an immutable sequence of numbers and is commonly used for looping a specific number of times. The advantage of the range type over a regular list is that a range object will always take the same (small) amount of memory, no matter the size of the range it represents.",synthetic_pending_review,Python documentation (Python Software Foundation),https://docs.python.org/3/library/stdtypes.html,python-docs:range_constant_memory,Python Software Foundation License Version 2; source attribution and URL retained,sequences,Python,range_constant_memory,page:https://docs.python.org/3/library/stdtypes.html,Synthetic claim wording grounded in the linked official documentation excerpt; not a human annotation.,Source checked; independent human expert review pending,Python Library Reference,Built-in types — range,range_constant_memory,pending,Contradicted,train,synthetic_pending_review,pending,
cg-rd-0032,Python range(10) includes 10.,The given end point is never part of the generated sequence; range(10) generates 10 values.,synthetic_pending_review,Python documentation (Python Software Foundation),https://docs.python.org/3/tutorial/controlflow.html,python-docs:range_stop,Python Software Foundation License Version 2; source attribution and URL retained,range,Python,range_stop,page:https://docs.python.org/3/tutorial/controlflow.html,Synthetic claim wording grounded in the linked official documentation excerpt; not a human annotation.,Source checked; independent human expert review pending,The Python Tutorial,Control flow — range,range_stop,pending,Contradicted,train,synthetic_pending_review,pending,
cg-rd-0008,Python sets preserve insertion order.,A set is an unordered collection with no duplicate elements. Iterating over a set or printing it can produce elements in an order different from what a reader expects.,synthetic_pending_review,Python documentation (Python Software Foundation),https://docs.python.org/3/tutorial/datastructures.html,python-docs:set_insertion_order,Python Software Foundation License Version 2; source attribution and URL retained,sets,Python,set_insertion_order,page:https://docs.python.org/3/tutorial/datastructures.html,Synthetic claim wording grounded in the linked official documentation excerpt; not a human annotation.,Legacy synthetic pilot record; expert review pending,The Python Tutorial: Data Structures,5.4 Sets,set_insertion_order,pending,Contradicted,train,synthetic_pending_review,pending,
cg-rd-0010,Python sorted is unstable.,The built-in sorted function is guaranteed to be stable. A stable sort preserves the relative order of elements that compare equal.,synthetic_pending_review,Python documentation (Python Software Foundation),https://docs.python.org/3/library/functions.html#sorted,python-docs:sorted_stability,Python Software Foundation License Version 2; source attribution and URL retained,built-ins and sorting,Python,sorted_stability,page:https://docs.python.org/3/library/functions.html#sorted,Synthetic claim wording grounded in the linked official documentation excerpt; not a human annotation.,Legacy synthetic pilot record; expert review pending,Built-in Functions,"sorted(iterable, *, key=None, reverse=False)",sorted_stability,pending,Contradicted,test,synthetic_pending_review,pending,
cg-rd-0022,Python's sorted function is unstable.,The built-in sorted function is guaranteed to be stable. A stable sort preserves the relative order of elements that compare equal.,synthetic_pending_review,Python documentation (Python Software Foundation),https://docs.python.org/3/library/functions.html#sorted,python-docs:sorted_stability,Python Software Foundation License Version 2; source attribution and URL retained,built-ins and sorting,Python,sorted_stability,page:https://docs.python.org/3/library/functions.html#sorted,Synthetic claim wording grounded in the linked official documentation excerpt; not a human annotation.,Legacy synthetic pilot record; expert review pending,Curated Python documentation passage,"sorted(iterable, *, key=None, reverse=False)",sorted_stability,pending,Contradicted,test,synthetic_pending_review,pending,
cg-rd-0050,Indexing a Python string produces a separate character type.,The items of a string are Unicode code points. There is no separate character type; a character is represented by a string of length 1.,synthetic_pending_review,Python documentation (Python Software Foundation),https://docs.python.org/3/library/stdtypes.html,python-docs:str_index,Python Software Foundation License Version 2; source attribution and URL retained,strings,Python,str_index,page:https://docs.python.org/3/library/stdtypes.html,Synthetic claim wording grounded in the linked official documentation excerpt; not a human annotation.,Source checked; independent human expert review pending,Python Library Reference,Built-in types — text sequence type str,str_index,pending,Contradicted,train,synthetic_pending_review,pending,
cg-rd-0048,Python strings are mutable.,Strings are immutable sequences of Unicode code points.,synthetic_pending_review,Python documentation (Python Software Foundation),https://docs.python.org/3/library/stdtypes.html,python-docs:string_immutable,Python Software Foundation License Version 2; source attribution and URL retained,strings,Python,string_immutable,page:https://docs.python.org/3/library/stdtypes.html,Synthetic claim wording grounded in the linked official documentation excerpt; not a human annotation.,Source checked; independent human expert review pending,Python Library Reference,Built-in types — text sequence type str,string_immutable,pending,Contradicted,train,synthetic_pending_review,pending,
cg-rd-0004,Python tuples are mutable.,"Tuples are immutable: assigning to an individual tuple item is not allowed. A tuple may contain a mutable object, but that does not make the tuple's own item bindings mutable.",synthetic_pending_review,Python documentation (Python Software Foundation),https://docs.python.org/3/tutorial/datastructures.html,python-docs:tuple_mutability,Python Software Foundation License Version 2; source attribution and URL retained,collections and mutability,Python,tuple_mutability,page:https://docs.python.org/3/tutorial/datastructures.html,Synthetic claim wording grounded in the linked official documentation excerpt; not a human annotation.,Legacy synthetic pilot record; expert review pending,The Python Tutorial: Data Structures,5.3 Tuples and Sequences,tuple_mutability,pending,Contradicted,train,synthetic_pending_review,pending,
cg-rd-0028,An unhandled Python exception is silently discarded before reaching the caller.,"If an exception is not handled by an except clause, it is propagated to the caller and may continue up the call stack.",synthetic_pending_review,Python documentation (Python Software Foundation),https://docs.python.org/3/tutorial/errors.html,python-docs:unhandled_exception_propagates,Python Software Foundation License Version 2; source attribution and URL retained,exceptions,Python,unhandled_exception_propagates,page:https://docs.python.org/3/tutorial/errors.html,Synthetic claim wording grounded in the linked official documentation excerpt; not a human annotation.,Legacy synthetic pilot record; expert review pending,Curated Python documentation passage,8. Errors and Exceptions,unhandled_exception_propagates,pending,Contradicted,test,synthetic_pending_review,pending,
cg-rd-0030,A file opened with a with statement stays open after the block exits with an exception.,"Using with open(...) as file is recommended for files. The context manager closes the file when the with block finishes, even when an exception occurs.",synthetic_pending_review,Python documentation (Python Software Foundation),https://docs.python.org/3/tutorial/inputoutput.html#reading-and-writing-files,python-docs:with_open_closes_file,Python Software Foundation License Version 2; source attribution and URL retained,file handling and exceptions,Python,with_open_closes_file,page:https://docs.python.org/3/tutorial/inputoutput.html#reading-and-writing-files,Synthetic claim wording grounded in the linked official documentation excerpt; not a human annotation.,Legacy synthetic pilot record; expert review pending,Curated Python documentation passage,Reading and Writing Files,with_open_closes_file,pending,Contradicted,train,synthetic_pending_review,pending,
cg-rd-0063,Python stores every default argument object in a function's __defaults__ tuple.,The default value is evaluated only once. This makes a difference when the default is a mutable object such as a list or dictionary.,synthetic_pending_review,Python documentation (Python Software Foundation),https://docs.python.org/3/tutorial/controlflow.html,python-docs:out_of_scope_default_once,Python Software Foundation License Version 2; source attribution and URL retained,functions,Python,out_of_scope_default_once,page:https://docs.python.org/3/tutorial/controlflow.html,Synthetic claim wording grounded in the linked official documentation excerpt; not a human annotation.,Source checked; independent human expert review pending,Python documentation excerpt,Control flow — default argument values,ie_default_once,pending,Insufficient Evidence,train,synthetic_pending_review,pending,
cg-rd-0064,A function's implicit return value is written into a CPU register chosen by the interpreter.,"If a function definition does not include a return statement, it returns None.",synthetic_pending_review,Python documentation (Python Software Foundation),https://docs.python.org/3/tutorial/controlflow.html,python-docs:out_of_scope_fallthrough_none,Python Software Foundation License Version 2; source attribution and URL retained,functions,Python,out_of_scope_fallthrough_none,page:https://docs.python.org/3/tutorial/controlflow.html,Synthetic claim wording grounded in the linked official documentation excerpt; not a human annotation.,Source checked; independent human expert review pending,Python documentation excerpt,Control flow — defining functions,ie_fallthrough_none,pending,Insufficient Evidence,train,synthetic_pending_review,pending,
cg-rd-0062,A for-else suite runs a finalizer in a background thread after the loop ends.,"The else clause executes after the for loop completes normally, but not when the loop is terminated by a break statement.",synthetic_pending_review,Python documentation (Python Software Foundation),https://docs.python.org/3/tutorial/controlflow.html,python-docs:out_of_scope_for_else_break,Python Software Foundation License Version 2; source attribution and URL retained,loops,Python,out_of_scope_for_else_break,page:https://docs.python.org/3/tutorial/controlflow.html,Synthetic claim wording grounded in the linked official documentation excerpt; not a human annotation.,Source checked; independent human expert review pending,Python documentation excerpt,Control flow — for statements,ie_for_else_break,pending,Insufficient Evidence,train,synthetic_pending_review,pending,
cg-rd-0065,Python function locals are serialized to disk whenever the function returns.,"When a variable is used in a function, the value is looked up in the local symbol table; the local symbol table is populated from the function's parameters and variables assigned in the function body.",synthetic_pending_review,Python documentation (Python Software Foundation),https://docs.python.org/3/tutorial/controlflow.html,python-docs:out_of_scope_function_scope,Python Software Foundation License Version 2; source attribution and URL retained,functions,Python,out_of_scope_function_scope,page:https://docs.python.org/3/tutorial/controlflow.html,Synthetic claim wording grounded in the linked official documentation excerpt; not a human annotation.,Source checked; independent human expert review pending,Python documentation excerpt,Control flow — defining functions,ie_function_scope,pending,Insufficient Evidence,train,synthetic_pending_review,pending,
cg-rd-0066,Calling iter() on every iterator resets it to its first element.,"The for statement calls iter() on the container object. The function returns an iterator object that defines __next__(), which accesses elements one at a time. When there are no more elements, __next__() raises StopIteration.",synthetic_pending_review,Python documentation (Python Software Foundation),https://docs.python.org/3/tutorial/classes.html,python-docs:out_of_scope_iterator_protocol,Python Software Foundation License Version 2; source attribution and URL retained,iteration,Python,out_of_scope_iterator_protocol,page:https://docs.python.org/3/tutorial/classes.html,Synthetic claim wording grounded in the linked official documentation excerpt; not a human annotation.,Source checked; independent human expert review pending,Python documentation excerpt,Classes — iterators,ie_iterator_protocol,pending,Insufficient Evidence,validation,synthetic_pending_review,pending,
cg-rd-0061,The range constructor accepts an arbitrary number of keyword-only arguments.,The given end point is never part of the generated sequence; range(10) generates 10 values.,synthetic_pending_review,Python documentation (Python Software Foundation),https://docs.python.org/3/tutorial/controlflow.html,python-docs:out_of_scope_range_stop,Python Software Foundation License Version 2; source attribution and URL retained,range,Python,out_of_scope_range_stop,page:https://docs.python.org/3/tutorial/controlflow.html,Synthetic claim wording grounded in the linked official documentation excerpt; not a human annotation.,Source checked; independent human expert review pending,Python documentation excerpt,Control flow — range,ie_range_stop,pending,Insufficient Evidence,train,synthetic_pending_review,pending,
cg-rd-0011,An exhausted Python generator can be restarted to yield its values again.,A for loop's optional else suite runs when the loop finishes normally because the iterator is exhausted. It does not run when a break statement terminates the loop.,synthetic_pending_review,Python documentation (Python Software Foundation),https://docs.python.org/3/reference/compound_stmts.html#the-for-statement,python-docs:pilot_insufficient_out-of-scope_1,Python Software Foundation License Version 2; source attribution and URL retained,pilot out-of-scope example,Python,pilot_insufficient_out-of-scope_1,page:https://docs.python.org/3/reference/compound_stmts.html#the-for-statement,Synthetic claim wording grounded in the linked official documentation excerpt; not a human annotation.,Legacy synthetic pilot record; expert review pending,The Python Language Reference: Compound Statements,The for statement,pilot_insufficient_out-of-scope_1,pending,Insufficient Evidence,test,synthetic_pending_review,pending,
cg-rd-0012,Python floating point values always represent decimal fractions exactly.,"A list can represent a queue, but inserts and pops at the beginning are slow because the other elements must shift. The tutorial recommends collections.deque for efficient operations at both ends.",synthetic_pending_review,Python documentation (Python Software Foundation),https://docs.python.org/3/tutorial/datastructures.html,python-docs:pilot_insufficient_out-of-scope_3,Python Software Foundation License Version 2; source attribution and URL retained,pilot out-of-scope example,Python,pilot_insufficient_out-of-scope_3,page:https://docs.python.org/3/tutorial/datastructures.html,Synthetic claim wording grounded in the linked official documentation excerpt; not a human annotation.,Legacy synthetic pilot record; expert review pending,The Python Tutorial: Data Structures,5.1.2 Using Lists as Queues,pilot_insufficient_out-of-scope_3,pending,Insufficient Evidence,train,synthetic_pending_review,pending,
cg-rd-0013,Python functions are memoized automatically after their first call.,Executing a function definition binds a function object to its name. The function body is not executed by defining it; the body runs when the function is called.,synthetic_pending_review,Python documentation (Python Software Foundation),https://docs.python.org/3/reference/compound_stmts.html#function-definitions,python-docs:pilot_insufficient_out-of-scope_4,Python Software Foundation License Version 2; source attribution and URL retained,pilot out-of-scope example,Python,pilot_insufficient_out-of-scope_4,page:https://docs.python.org/3/reference/compound_stmts.html#function-definitions,Synthetic claim wording grounded in the linked official documentation excerpt; not a human annotation.,Legacy synthetic pilot record; expert review pending,The Python Language Reference: Compound Statements,Function definitions,pilot_insufficient_out-of-scope_4,pending,Insufficient Evidence,validation,synthetic_pending_review,pending,
cg-rd-0014,Every Python dictionary operation is thread safe in every implementation.,"Iterating over a dictionary, including list(dict), produces keys in insertion order. Calling sorted on the dictionary keys is a separate way to obtain sorted order.",synthetic_pending_review,Python documentation (Python Software Foundation),https://docs.python.org/3/tutorial/datastructures.html,python-docs:pilot_insufficient_out-of-scope_5,Python Software Foundation License Version 2; source attribution and URL retained,pilot out-of-scope example,Python,pilot_insufficient_out-of-scope_5,page:https://docs.python.org/3/tutorial/datastructures.html,Synthetic claim wording grounded in the linked official documentation excerpt; not a human annotation.,Legacy synthetic pilot record; expert review pending,The Python Tutorial: Data Structures,5.5 Dictionaries,pilot_insufficient_out-of-scope_5,pending,Insufficient Evidence,train,synthetic_pending_review,pending,
cg-rd-0053,all([]) returns True.,Return True if all elements of the iterable are true (or if the iterable is empty).,synthetic_pending_review,Python documentation (Python Software Foundation),https://docs.python.org/3/library/functions.html,python-docs:all_empty,Python Software Foundation License Version 2; source attribution and URL retained,built-ins,Python,all_empty,page:https://docs.python.org/3/library/functions.html,Synthetic claim wording grounded in the linked official documentation excerpt; not a human annotation.,Source checked; independent human expert review pending,Python Library Reference,Built-in functions — all,all_empty,pending,Supported,train,synthetic_pending_review,pending,
cg-rd-0055,any([]) returns False.,"Return True if any element of the iterable is true. If the iterable is empty, return False.",synthetic_pending_review,Python documentation (Python Software Foundation),https://docs.python.org/3/library/functions.html,python-docs:any_empty,Python Software Foundation License Version 2; source attribution and URL retained,built-ins,Python,any_empty,page:https://docs.python.org/3/library/functions.html,Synthetic claim wording grounded in the linked official documentation excerpt; not a human annotation.,Source checked; independent human expert review pending,Python Library Reference,Built-in functions — any,any_empty,pending,Supported,train,synthetic_pending_review,pending,
cg-rd-0051,bool is a subclass of int in Python.,"bool is a subclass of int (see Numeric Types — int, float, complex). In many numeric contexts, False and True behave like 0 and 1, respectively.",synthetic_pending_review,Python documentation (Python Software Foundation),https://docs.python.org/3/library/functions.html,python-docs:bool_int,Python Software Foundation License Version 2; source attribution and URL retained,built-ins,Python,bool_int,page:https://docs.python.org/3/library/functions.html,Synthetic claim wording grounded in the linked official documentation excerpt; not a human annotation.,Source checked; independent human expert review pending,Python Library Reference,Built-in functions — bool,bool_int,pending,Supported,train,synthetic_pending_review,pending,
cg-rd-0035,A mutable default argument is evaluated once when its function is defined.,The default value is evaluated only once. This makes a difference when the default is a mutable object such as a list or dictionary.,synthetic_pending_review,Python documentation (Python Software Foundation),https://docs.python.org/3/tutorial/controlflow.html,python-docs:default_once,Python Software Foundation License Version 2; source attribution and URL retained,functions,Python,default_once,page:https://docs.python.org/3/tutorial/controlflow.html,Synthetic claim wording grounded in the linked official documentation excerpt; not a human annotation.,Source checked; independent human expert review pending,The Python Tutorial,Control flow — default argument values,default_once,pending,Supported,train,synthetic_pending_review,pending,
cg-rd-0017,dict.get returns None by default when a key is missing.,"Dictionary subscription with a missing key raises KeyError. The get method returns None by default for a missing key, or returns the caller-provided default value.",synthetic_pending_review,Python documentation (Python Software Foundation),https://docs.python.org/3/tutorial/datastructures.html,python-docs:dict_get_missing_key,Python Software Foundation License Version 2; source attribution and URL retained,dictionaries and exceptions,Python,dict_get_missing_key,page:https://docs.python.org/3/tutorial/datastructures.html,Synthetic claim wording grounded in the linked official documentation excerpt; not a human annotation.,Legacy synthetic pilot record; expert review pending,Curated Python documentation passage,5.5 Dictionaries,dict_get_missing_key,pending,Supported,train,synthetic_pending_review,pending,
cg-rd-0005,Python dictionaries preserve insertion order.,"Iterating over a dictionary, including list(dict), produces keys in insertion order. Calling sorted on the dictionary keys is a separate way to obtain sorted order.",synthetic_pending_review,Python documentation (Python Software Foundation),https://docs.python.org/3/tutorial/datastructures.html,python-docs:dict_insertion_order,Python Software Foundation License Version 2; source attribution and URL retained,dictionaries,Python,dict_insertion_order,page:https://docs.python.org/3/tutorial/datastructures.html,Synthetic claim wording grounded in the linked official documentation excerpt; not a human annotation.,Legacy synthetic pilot record; expert review pending,The Python Tutorial: Data Structures,5.5 Dictionaries,dict_insertion_order,pending,Supported,train,synthetic_pending_review,pending,
cg-rd-0057,Each enumerate result is a pair containing a count and an item.,"An enumerate object yields pairs containing a count (from start, which defaults to zero) and a value obtained from iterating over iterable.",synthetic_pending_review,Python documentation (Python Software Foundation),https://docs.python.org/3/library/functions.html,python-docs:enumerate_tuple,Python Software Foundation License Version 2; source attribution and URL retained,built-ins,Python,enumerate_tuple,page:https://docs.python.org/3/library/functions.html,Synthetic claim wording grounded in the linked official documentation excerpt; not a human annotation.,Source checked; independent human expert review pending,Python Library Reference,Built-in functions — enumerate,enumerate_tuple,pending,Supported,train,synthetic_pending_review,pending,
cg-rd-0037,A Python function that reaches its end without return returns None.,"If a function definition does not include a return statement, it returns None.",synthetic_pending_review,Python documentation (Python Software Foundation),https://docs.python.org/3/tutorial/controlflow.html,python-docs:fallthrough_none,Python Software Foundation License Version 2; source attribution and URL retained,functions,Python,fallthrough_none,page:https://docs.python.org/3/tutorial/controlflow.html,Synthetic claim wording grounded in the linked official documentation excerpt; not a human annotation.,Source checked; independent human expert review pending,The Python Tutorial,Control flow — defining functions,fallthrough_none,pending,Supported,train,synthetic_pending_review,pending,
cg-rd-0025,A Python for-else suite does not run when the loop exits with break.,A for loop's optional else suite runs when the loop finishes normally because the iterator is exhausted. It does not run when a break statement terminates the loop.,synthetic_pending_review,Python documentation (Python Software Foundation),https://docs.python.org/3/reference/compound_stmts.html#the-for-statement,python-docs:for_else_after_break,Python Software Foundation License Version 2; source attribution and URL retained,loops,Python,for_else_after_break,page:https://docs.python.org/3/reference/compound_stmts.html#the-for-statement,Synthetic claim wording grounded in the linked official documentation excerpt; not a human annotation.,Legacy synthetic pilot record; expert review pending,Curated Python documentation passage,The for statement,for_else_after_break,pending,Supported,test,synthetic_pending_review,pending,
cg-rd-0033,A for-else suite is skipped when the loop exits with break.,"The else clause executes after the for loop completes normally, but not when the loop is terminated by a break statement.",synthetic_pending_review,Python documentation (Python Software Foundation),https://docs.python.org/3/tutorial/controlflow.html,python-docs:for_else_break,Python Software Foundation License Version 2; source attribution and URL retained,loops,Python,for_else_break,page:https://docs.python.org/3/tutorial/controlflow.html,Synthetic claim wording grounded in the linked official documentation excerpt; not a human annotation.,Source checked; independent human expert review pending,The Python Tutorial,Control flow — for statements,for_else_break,pending,Supported,train,synthetic_pending_review,pending,
cg-rd-0023,Defining a Python function does not execute its body.,Executing a function definition binds a function object to its name. The function body is not executed by defining it; the body runs when the function is called.,synthetic_pending_review,Python documentation (Python Software Foundation),https://docs.python.org/3/reference/compound_stmts.html#function-definitions,python-docs:function_definition_executes_body,Python Software Foundation License Version 2; source attribution and URL retained,functions,Python,function_definition_executes_body,page:https://docs.python.org/3/reference/compound_stmts.html#function-definitions,Synthetic claim wording grounded in the linked official documentation excerpt; not a human annotation.,Legacy synthetic pilot record; expert review pending,Curated Python documentation passage,Function definitions,function_definition_executes_body,pending,Supported,validation,synthetic_pending_review,pending,
cg-rd-0039,A name assigned in a function body is local by default.,"When a variable is used in a function, the value is looked up in the local symbol table; the local symbol table is populated from the function's parameters and variables assigned in the function body.",synthetic_pending_review,Python documentation (Python Software Foundation),https://docs.python.org/3/tutorial/controlflow.html,python-docs:function_scope,Python Software Foundation License Version 2; source attribution and URL retained,functions,Python,function_scope,page:https://docs.python.org/3/tutorial/controlflow.html,Synthetic claim wording grounded in the linked official documentation excerpt; not a human annotation.,Source checked; independent human expert review pending,The Python Tutorial,Control flow — defining functions,function_scope,pending,Supported,train,synthetic_pending_review,pending,
cg-rd-0045,A generator expression avoids eagerly building the corresponding list.,Generator expressions are more memory friendly than equivalent list comprehensions.,synthetic_pending_review,Python documentation (Python Software Foundation),https://docs.python.org/3/tutorial/classes.html,python-docs:generator_expression,Python Software Foundation License Version 2; source attribution and URL retained,iteration,Python,generator_expression,page:https://docs.python.org/3/tutorial/classes.html,Synthetic claim wording grounded in the linked official documentation excerpt; not a human annotation.,Source checked; independent human expert review pending,The Python Tutorial,Classes — generator expressions,generator_expression,pending,Supported,validation,synthetic_pending_review,pending,
cg-rd-0043,A generator resumes from its suspended state after yield.,"Each time next() is called on it, the generator resumes where it left off (it remembers all the data values and which statement was last executed).",synthetic_pending_review,Python documentation (Python Software Foundation),https://docs.python.org/3/tutorial/classes.html,python-docs:generator_resume,Python Software Foundation License Version 2; source attribution and URL retained,iteration,Python,generator_resume,page:https://docs.python.org/3/tutorial/classes.html,Synthetic claim wording grounded in the linked official documentation excerpt; not a human annotation.,Source checked; independent human expert review pending,The Python Tutorial,Classes — generators,generator_resume,pending,Supported,validation,synthetic_pending_review,pending,
cg-rd-0041,A for loop obtains an iterator and advances it until StopIteration.,"The for statement calls iter() on the container object. The function returns an iterator object that defines __next__(), which accesses elements one at a time. When there are no more elements, __next__() raises StopIteration.",synthetic_pending_review,Python documentation (Python Software Foundation),https://docs.python.org/3/tutorial/classes.html,python-docs:iterator_protocol,Python Software Foundation License Version 2; source attribution and URL retained,iteration,Python,iterator_protocol,page:https://docs.python.org/3/tutorial/classes.html,Synthetic claim wording grounded in the linked official documentation excerpt; not a human annotation.,Source checked; independent human expert review pending,The Python Tutorial,Classes — iterators,iterator_protocol,pending,Supported,validation,synthetic_pending_review,pending,
cg-rd-0015,A Python list comprehension produces a new list.,"A list comprehension evaluates an expression for items selected by its for and optional if clauses, producing a new list.",synthetic_pending_review,Python documentation (Python Software Foundation),https://docs.python.org/3/tutorial/datastructures.html,python-docs:list_comprehension_new_list,Python Software Foundation License Version 2; source attribution and URL retained,comprehensions,Python,list_comprehension_new_list,page:https://docs.python.org/3/tutorial/datastructures.html,Synthetic claim wording grounded in the linked official documentation excerpt; not a human annotation.,Legacy synthetic pilot record; expert review pending,Curated Python documentation passage,5.1.3 List Comprehensions,list_comprehension_new_list,pending,Supported,train,synthetic_pending_review,pending,
cg-rd-0019,Inserting or popping at the front of a Python list shifts the remaining elements.,"A list can represent a queue, but inserts and pops at the beginning are slow because the other elements must shift. The tutorial recommends collections.deque for efficient operations at both ends.",synthetic_pending_review,Python documentation (Python Software Foundation),https://docs.python.org/3/tutorial/datastructures.html,python-docs:list_front_queue_performance,Python Software Foundation License Version 2; source attribution and URL retained,collections and performance,Python,list_front_queue_performance,page:https://docs.python.org/3/tutorial/datastructures.html,Synthetic claim wording grounded in the linked official documentation excerpt; not a human annotation.,Legacy synthetic pilot record; expert review pending,Curated Python documentation passage,5.1.2 Using Lists as Queues,list_front_queue_performance,pending,Supported,train,synthetic_pending_review,pending,
cg-rd-0001,Python lists are mutable.,"Lists are mutable data structures. Methods such as append, insert, remove, pop, sort, and reverse change the existing list. Tuples are immutable, although a tuple can contain a separate mutable object such as a list.",synthetic_pending_review,Python documentation (Python Software Foundation),https://docs.python.org/3/tutorial/datastructures.html,python-docs:list_mutability,Python Software Foundation License Version 2; source attribution and URL retained,collections and mutability,Python,list_mutability,page:https://docs.python.org/3/tutorial/datastructures.html,Synthetic claim wording grounded in the linked official documentation excerpt; not a human annotation.,Legacy synthetic pilot record; expert review pending,The Python Tutorial: Data Structures,5.1 More on Lists; 5.3 Tuples and Sequences,list_mutability,pending,Supported,train,synthetic_pending_review,pending,
cg-rd-0059,"A range object uses a small, constant amount of memory as its represented sequence grows.","The range type represents an immutable sequence of numbers and is commonly used for looping a specific number of times. The advantage of the range type over a regular list is that a range object will always take the same (small) amount of memory, no matter the size of the range it represents.",synthetic_pending_review,Python documentation (Python Software Foundation),https://docs.python.org/3/library/stdtypes.html,python-docs:range_constant_memory,Python Software Foundation License Version 2; source attribution and URL retained,sequences,Python,range_constant_memory,page:https://docs.python.org/3/library/stdtypes.html,Synthetic claim wording grounded in the linked official documentation excerpt; not a human annotation.,Source checked; independent human expert review pending,Python Library Reference,Built-in types — range,range_constant_memory,pending,Supported,train,synthetic_pending_review,pending,
cg-rd-0031,Python range(10) excludes 10.,The given end point is never part of the generated sequence; range(10) generates 10 values.,synthetic_pending_review,Python documentation (Python Software Foundation),https://docs.python.org/3/tutorial/controlflow.html,python-docs:range_stop,Python Software Foundation License Version 2; source attribution and URL retained,range,Python,range_stop,page:https://docs.python.org/3/tutorial/controlflow.html,Synthetic claim wording grounded in the linked official documentation excerpt; not a human annotation.,Source checked; independent human expert review pending,The Python Tutorial,Control flow — range,range_stop,pending,Supported,train,synthetic_pending_review,pending,
cg-rd-0007,Python sets are unordered.,A set is an unordered collection with no duplicate elements. Iterating over a set or printing it can produce elements in an order different from what a reader expects.,synthetic_pending_review,Python documentation (Python Software Foundation),https://docs.python.org/3/tutorial/datastructures.html,python-docs:set_insertion_order,Python Software Foundation License Version 2; source attribution and URL retained,sets,Python,set_insertion_order,page:https://docs.python.org/3/tutorial/datastructures.html,Synthetic claim wording grounded in the linked official documentation excerpt; not a human annotation.,Legacy synthetic pilot record; expert review pending,The Python Tutorial: Data Structures,5.4 Sets,set_insertion_order,pending,Supported,train,synthetic_pending_review,pending,
cg-rd-0009,Python sorted is stable.,The built-in sorted function is guaranteed to be stable. A stable sort preserves the relative order of elements that compare equal.,synthetic_pending_review,Python documentation (Python Software Foundation),https://docs.python.org/3/library/functions.html#sorted,python-docs:sorted_stability,Python Software Foundation License Version 2; source attribution and URL retained,built-ins and sorting,Python,sorted_stability,page:https://docs.python.org/3/library/functions.html#sorted,Synthetic claim wording grounded in the linked official documentation excerpt; not a human annotation.,Legacy synthetic pilot record; expert review pending,Built-in Functions,"sorted(iterable, *, key=None, reverse=False)",sorted_stability,pending,Supported,test,synthetic_pending_review,pending,
cg-rd-0021,Python's sorted function is stable.,The built-in sorted function is guaranteed to be stable. A stable sort preserves the relative order of elements that compare equal.,synthetic_pending_review,Python documentation (Python Software Foundation),https://docs.python.org/3/library/functions.html#sorted,python-docs:sorted_stability,Python Software Foundation License Version 2; source attribution and URL retained,built-ins and sorting,Python,sorted_stability,page:https://docs.python.org/3/library/functions.html#sorted,Synthetic claim wording grounded in the linked official documentation excerpt; not a human annotation.,Legacy synthetic pilot record; expert review pending,Curated Python documentation passage,"sorted(iterable, *, key=None, reverse=False)",sorted_stability,pending,Supported,test,synthetic_pending_review,pending,
cg-rd-0049,Indexing a Python string produces a string of length one.,The items of a string are Unicode code points. There is no separate character type; a character is represented by a string of length 1.,synthetic_pending_review,Python documentation (Python Software Foundation),https://docs.python.org/3/library/stdtypes.html,python-docs:str_index,Python Software Foundation License Version 2; source attribution and URL retained,strings,Python,str_index,page:https://docs.python.org/3/library/stdtypes.html,Synthetic claim wording grounded in the linked official documentation excerpt; not a human annotation.,Source checked; independent human expert review pending,Python Library Reference,Built-in types — text sequence type str,str_index,pending,Supported,train,synthetic_pending_review,pending,
cg-rd-0047,Python strings are immutable.,Strings are immutable sequences of Unicode code points.,synthetic_pending_review,Python documentation (Python Software Foundation),https://docs.python.org/3/library/stdtypes.html,python-docs:string_immutable,Python Software Foundation License Version 2; source attribution and URL retained,strings,Python,string_immutable,page:https://docs.python.org/3/library/stdtypes.html,Synthetic claim wording grounded in the linked official documentation excerpt; not a human annotation.,Source checked; independent human expert review pending,Python Library Reference,Built-in types — text sequence type str,string_immutable,pending,Supported,train,synthetic_pending_review,pending,
cg-rd-0003,Python tuples are immutable.,"Tuples are immutable: assigning to an individual tuple item is not allowed. A tuple may contain a mutable object, but that does not make the tuple's own item bindings mutable.",synthetic_pending_review,Python documentation (Python Software Foundation),https://docs.python.org/3/tutorial/datastructures.html,python-docs:tuple_mutability,Python Software Foundation License Version 2; source attribution and URL retained,collections and mutability,Python,tuple_mutability,page:https://docs.python.org/3/tutorial/datastructures.html,Synthetic claim wording grounded in the linked official documentation excerpt; not a human annotation.,Legacy synthetic pilot record; expert review pending,The Python Tutorial: Data Structures,5.3 Tuples and Sequences,tuple_mutability,pending,Supported,train,synthetic_pending_review,pending,
cg-rd-0027,An unhandled Python exception propagates to the caller.,"If an exception is not handled by an except clause, it is propagated to the caller and may continue up the call stack.",synthetic_pending_review,Python documentation (Python Software Foundation),https://docs.python.org/3/tutorial/errors.html,python-docs:unhandled_exception_propagates,Python Software Foundation License Version 2; source attribution and URL retained,exceptions,Python,unhandled_exception_propagates,page:https://docs.python.org/3/tutorial/errors.html,Synthetic claim wording grounded in the linked official documentation excerpt; not a human annotation.,Legacy synthetic pilot record; expert review pending,Curated Python documentation passage,8. Errors and Exceptions,unhandled_exception_propagates,pending,Supported,test,synthetic_pending_review,pending,
cg-rd-0029,"A file opened with a with statement is closed when the block exits, including after an exception.","Using with open(...) as file is recommended for files. The context manager closes the file when the with block finishes, even when an exception occurs.",synthetic_pending_review,Python documentation (Python Software Foundation),https://docs.python.org/3/tutorial/inputoutput.html#reading-and-writing-files,python-docs:with_open_closes_file,Python Software Foundation License Version 2; source attribution and URL retained,file handling and exceptions,Python,with_open_closes_file,page:https://docs.python.org/3/tutorial/inputoutput.html#reading-and-writing-files,Synthetic claim wording grounded in the linked official documentation excerpt; not a human annotation.,Legacy synthetic pilot record; expert review pending,Curated Python documentation passage,Reading and Writing Files,with_open_closes_file,pending,Supported,train,synthetic_pending_review,pending,
,Python automatically enforces every function annotation when the function is called.,The Python runtime does not enforce function and variable annotations.,synthetic,Python Software Foundation documentation,https://docs.python.org/3/library/typing.html,python-docs:annotations_runtime,Python Software Foundation License Version 2; retain attribution and source URL,typing,Python,annotations_runtime,page:https://docs.python.org/3/library/typing.html,Synthetic claim candidate derived from a curated official-documentation fact; not a human annotation.,Candidate wording requires independent evidence-only review,Typing,Type Hints,annotations_runtime,pending,Contradicted,unassigned,synthetic_pending_review,pending,
,typing.get_type_hints can resolve annotations into evaluated Python objects.,The Python runtime does not enforce function and variable annotations.,synthetic,Python Software Foundation documentation,https://docs.python.org/3/library/typing.html,python-docs:annotations_runtime,Python Software Foundation License Version 2; retain attribution and source URL,typing,Python,annotations_runtime,page:https://docs.python.org/3/library/typing.html,Synthetic claim candidate derived from a curated official-documentation fact; not a human annotation.,Candidate wording requires independent evidence-only review,Typing,Type Hints,annotations_runtime,pending,Insufficient Evidence,unassigned,synthetic_pending_review,pending,
,Adding a type annotation does not itself make Python reject a value of another type at runtime.,The Python runtime does not enforce function and variable annotations.,synthetic,Python Software Foundation documentation,https://docs.python.org/3/library/typing.html,python-docs:annotations_runtime,Python Software Foundation License Version 2; retain attribution and source URL,typing,Python,annotations_runtime,page:https://docs.python.org/3/library/typing.html,Synthetic claim candidate derived from a curated official-documentation fact; not a human annotation.,Candidate wording requires independent evidence-only review,Typing,Type Hints,annotations_runtime,pending,Supported,unassigned,synthetic_pending_review,pending,
,The or operator always converts its result to the bool type.,"The and and or operators return one of their operands, not necessarily a bool.",synthetic,Python Software Foundation documentation,https://docs.python.org/3/library/stdtypes.html,python-docs:cg166b_bool_operand,Python Software Foundation License Version 2; retain attribution and source URL,Boolean operations,Python,cg166b_bool_operand,page:https://docs.python.org/3/library/stdtypes.html,Synthetic claim candidate derived from a curated official-documentation fact; not a human annotation.,Candidate wording requires independent evidence-only review,Built-in Types,Boolean Operations,cg166b_bool_operand,pending,Contradicted,unassigned,synthetic_pending_review,pending,
,"For x or y, Python returns x when x is true and otherwise returns y.","The and and or operators return one of their operands, not necessarily a bool.",synthetic,Python Software Foundation documentation,https://docs.python.org/3/library/stdtypes.html,python-docs:cg166b_bool_operand,Python Software Foundation License Version 2; retain attribution and source URL,Boolean operations,Python,cg166b_bool_operand,page:https://docs.python.org/3/library/stdtypes.html,Synthetic claim candidate derived from a curated official-documentation fact; not a human annotation.,Candidate wording requires independent evidence-only review,Built-in Types,Boolean Operations,cg166b_bool_operand,pending,Supported,unassigned,synthetic_pending_review,pending,
,The exact bytecode instruction used for short-circuiting is specified across Python implementations.,and evaluates its second operand only if the first operand is true.,synthetic,Python Software Foundation documentation,https://docs.python.org/3/library/stdtypes.html,python-docs:cg166b_bool_shortcircuit,Python Software Foundation License Version 2; retain attribution and source URL,Boolean operations,Python,cg166b_bool_shortcircuit,page:https://docs.python.org/3/library/stdtypes.html,Synthetic claim candidate derived from a curated official-documentation fact; not a human annotation.,Candidate wording requires independent evidence-only review,Built-in Types,Boolean Operations,cg166b_bool_shortcircuit,pending,Insufficient Evidence,unassigned,synthetic_pending_review,pending,
,A false first operand prevents evaluation of the second operand of and.,and evaluates its second operand only if the first operand is true.,synthetic,Python Software Foundation documentation,https://docs.python.org/3/library/stdtypes.html,python-docs:cg166b_bool_shortcircuit,Python Software Foundation License Version 2; retain attribution and source URL,Boolean operations,Python,cg166b_bool_shortcircuit,page:https://docs.python.org/3/library/stdtypes.html,Synthetic claim candidate derived from a curated official-documentation fact; not a human annotation.,Candidate wording requires independent evidence-only review,Built-in Types,Boolean Operations,cg166b_bool_shortcircuit,pending,Supported,unassigned,synthetic_pending_review,pending,
,bytearray is immutable like bytes.,bytearray is a mutable sequence of integers in the range 0 through 255.,synthetic,Python Software Foundation documentation,https://docs.python.org/3/library/stdtypes.html,python-docs:cg166b_bytearray_mutable,Python Software Foundation License Version 2; retain attribution and source URL,bytearray,Python,cg166b_bytearray_mutable,page:https://docs.python.org/3/library/stdtypes.html,Synthetic claim candidate derived from a curated official-documentation fact; not a human annotation.,Candidate wording requires independent evidence-only review,Built-in Types,Binary Sequence Types,cg166b_bytearray_mutable,pending,Contradicted,unassigned,synthetic_pending_review,pending,
,Every buffer-protocol consumer copies a bytearray before reading it.,bytearray is a mutable sequence of integers in the range 0 through 255.,synthetic,Python Software Foundation documentation,https://docs.python.org/3/library/stdtypes.html,python-docs:cg166b_bytearray_mutable,Python Software Foundation License Version 2; retain attribution and source URL,bytearray,Python,cg166b_bytearray_mutable,page:https://docs.python.org/3/library/stdtypes.html,Synthetic claim candidate derived from a curated official-documentation fact; not a human annotation.,Candidate wording requires independent evidence-only review,Built-in Types,Binary Sequence Types,cg166b_bytearray_mutable,pending,Insufficient Evidence,unassigned,synthetic_pending_review,pending,
,The default text encoding used by open() is always UTF-8 on every platform.,bytes literals contain ASCII characters directly; values outside ASCII use escapes.,synthetic,Python Software Foundation documentation,https://docs.python.org/3/library/stdtypes.html,python-docs:cg166b_bytes_ascii,Python Software Foundation License Version 2; retain attribution and source URL,bytes,Python,cg166b_bytes_ascii,page:https://docs.python.org/3/library/stdtypes.html,Synthetic claim candidate derived from a curated official-documentation fact; not a human annotation.,Candidate wording requires independent evidence-only review,Built-in Types,Binary Sequence Types,cg166b_bytes_ascii,pending,Insufficient Evidence,unassigned,synthetic_pending_review,pending,
,A non-ASCII byte value can be represented in a bytes literal with an escape.,bytes literals contain ASCII characters directly; values outside ASCII use escapes.,synthetic,Python Software Foundation documentation,https://docs.python.org/3/library/stdtypes.html,python-docs:cg166b_bytes_ascii,Python Software Foundation License Version 2; retain attribution and source URL,bytes,Python,cg166b_bytes_ascii,page:https://docs.python.org/3/library/stdtypes.html,Synthetic claim candidate derived from a curated official-documentation fact; not a human annotation.,Candidate wording requires independent evidence-only review,Built-in Types,Binary Sequence Types,cg166b_bytes_ascii,pending,Supported,unassigned,synthetic_pending_review,pending,
,A chained comparison always evaluates its final expression even when the first comparison is false.,"In a chained comparison such as x < y <= z, y is evaluated only once.",synthetic,Python Software Foundation documentation,https://docs.python.org/3/library/stdtypes.html,python-docs:cg166b_chain_compare,Python Software Foundation License Version 2; retain attribution and source URL,comparisons,Python,cg166b_chain_compare,page:https://docs.python.org/3/library/stdtypes.html,Synthetic claim candidate derived from a curated official-documentation fact; not a human annotation.,Candidate wording requires independent evidence-only review,Built-in Types,Comparisons,cg166b_chain_compare,pending,Insufficient Evidence,unassigned,synthetic_pending_review,pending,
,Python evaluates the middle expression once in a chained comparison.,"In a chained comparison such as x < y <= z, y is evaluated only once.",synthetic,Python Software Foundation documentation,https://docs.python.org/3/library/stdtypes.html,python-docs:cg166b_chain_compare,Python Software Foundation License Version 2; retain attribution and source URL,comparisons,Python,cg166b_chain_compare,page:https://docs.python.org/3/library/stdtypes.html,Synthetic claim candidate derived from a curated official-documentation fact; not a human annotation.,Candidate wording requires independent evidence-only review,Built-in Types,Comparisons,cg166b_chain_compare,pending,Supported,unassigned,synthetic_pending_review,pending,
,The dataclass decorator requires every field to have a default value.,The dataclass decorator adds generated methods such as __init__ based on annotated fields.,synthetic,Python Software Foundation documentation,https://docs.python.org/3/library/dataclasses.html,python-docs:cg166b_dataclass_fields,Python Software Foundation License Version 2; retain attribution and source URL,standard library: dataclasses,Python,cg166b_dataclass_fields,page:https://docs.python.org/3/library/dataclasses.html,Synthetic claim candidate derived from a curated official-documentation fact; not a human annotation.,Candidate wording requires independent evidence-only review,Data Classes,Module-level decorators and functions,cg166b_dataclass_fields,pending,Contradicted,unassigned,synthetic_pending_review,pending,
,The dataclass decorator validates all runtime assignments against field annotations.,The dataclass decorator adds generated methods such as __init__ based on annotated fields.,synthetic,Python Software Foundation documentation,https://docs.python.org/3/library/dataclasses.html,python-docs:cg166b_dataclass_fields,Python Software Foundation License Version 2; retain attribution and source URL,standard library: dataclasses,Python,cg166b_dataclass_fields,page:https://docs.python.org/3/library/dataclasses.html,Synthetic claim candidate derived from a curated official-documentation fact; not a human annotation.,Candidate wording requires independent evidence-only review,Data Classes,Module-level decorators and functions,cg166b_dataclass_fields,pending,Insufficient Evidence,unassigned,synthetic_pending_review,pending,
,int(3.9) rounds to 4.,Converting a float to int truncates by discarding the fractional part.,synthetic,Python Software Foundation documentation,https://docs.python.org/3/library/stdtypes.html,python-docs:cg166b_float_int_truncate,Python Software Foundation License Version 2; retain attribution and source URL,numeric conversions,Python,cg166b_float_int_truncate,page:https://docs.python.org/3/library/stdtypes.html,Synthetic claim candidate derived from a curated official-documentation fact; not a human annotation.,Candidate wording requires independent evidence-only review,Built-in Types,Numeric Types,cg166b_float_int_truncate,pending,Contradicted,unassigned,synthetic_pending_review,pending,
,int(3.9) discards the fractional part rather than rounding to the nearest integer.,Converting a float to int truncates by discarding the fractional part.,synthetic,Python Software Foundation documentation,https://docs.python.org/3/library/stdtypes.html,python-docs:cg166b_float_int_truncate,Python Software Foundation License Version 2; retain attribution and source URL,numeric conversions,Python,cg166b_float_int_truncate,page:https://docs.python.org/3/library/stdtypes.html,Synthetic claim candidate derived from a curated official-documentation fact; not a human annotation.,Candidate wording requires independent evidence-only review,Built-in Types,Numeric Types,cg166b_float_int_truncate,pending,Supported,unassigned,synthetic_pending_review,pending,
,The performance cost of floor division is identical for every integer magnitude.,Integer floor division is rounded toward minus infinity.,synthetic,Python Software Foundation documentation,https://docs.python.org/3/library/stdtypes.html,python-docs:cg166b_floor_negative,Python Software Foundation License Version 2; retain attribution and source URL,numeric behavior,Python,cg166b_floor_negative,page:https://docs.python.org/3/library/stdtypes.html,Synthetic claim candidate derived from a curated official-documentation fact; not a human annotation.,Candidate wording requires independent evidence-only review,Built-in Types,Numeric Types,cg166b_floor_negative,pending,Insufficient Evidence,unassigned,synthetic_pending_review,pending,
,-1 // 2 evaluates to -1.,Integer floor division is rounded toward minus infinity.,synthetic,Python Software Foundation documentation,https://docs.python.org/3/library/stdtypes.html,python-docs:cg166b_floor_negative,Python Software Foundation License Version 2; retain attribution and source URL,numeric behavior,Python,cg166b_floor_negative,page:https://docs.python.org/3/library/stdtypes.html,Synthetic claim candidate derived from a curated official-documentation fact; not a human annotation.,Candidate wording requires independent evidence-only review,Built-in Types,Numeric Types,cg166b_floor_negative,pending,Supported,unassigned,synthetic_pending_review,pending,
,StringIO uses the same encoding errors as a filesystem file opened with any encoding.,StringIO is an in-memory text stream; BytesIO is an in-memory binary stream.,synthetic,Python Software Foundation documentation,https://docs.python.org/3/library/io.html,python-docs:cg166b_io_stringio,Python Software Foundation License Version 2; retain attribution and source URL,standard library: io,Python,cg166b_io_stringio,page:https://docs.python.org/3/library/io.html,Synthetic claim candidate derived from a curated official-documentation fact; not a human annotation.,Candidate wording requires independent evidence-only review,Core tools for working with streams,In-memory streams,cg166b_io_stringio,pending,Insufficient Evidence,unassigned,synthetic_pending_review,pending,
,io.StringIO provides a text stream backed by an in-memory buffer.,StringIO is an in-memory text stream; BytesIO is an in-memory binary stream.,synthetic,Python Software Foundation documentation,https://docs.python.org/3/library/io.html,python-docs:cg166b_io_stringio,Python Software Foundation License Version 2; retain attribution and source URL,standard library: io,Python,cg166b_io_stringio,page:https://docs.python.org/3/library/io.html,Synthetic claim candidate derived from a curated official-documentation fact; not a human annotation.,Candidate wording requires independent evidence-only review,Core tools for working with streams,In-memory streams,cg166b_io_stringio,pending,Supported,unassigned,synthetic_pending_review,pending,
,A class can redefine the behavior of the is operator with __eq__.,is and is not test object identity and their behavior cannot be customized.,synthetic,Python Software Foundation documentation,https://docs.python.org/3/library/stdtypes.html,python-docs:cg166b_is_identity,Python Software Foundation License Version 2; retain attribution and source URL,identity and equality,Python,cg166b_is_identity,page:https://docs.python.org/3/library/stdtypes.html,Synthetic claim candidate derived from a curated official-documentation fact; not a human annotation.,Candidate wording requires independent evidence-only review,Built-in Types,Comparisons,cg166b_is_identity,pending,Contradicted,unassigned,synthetic_pending_review,pending,
,Equal immutable values are always the same object.,is and is not test object identity and their behavior cannot be customized.,synthetic,Python Software Foundation documentation,https://docs.python.org/3/library/stdtypes.html,python-docs:cg166b_is_identity,Python Software Foundation License Version 2; retain attribution and source URL,identity and equality,Python,cg166b_is_identity,page:https://docs.python.org/3/library/stdtypes.html,Synthetic claim candidate derived from a curated official-documentation fact; not a human annotation.,Candidate wording requires independent evidence-only review,Built-in Types,Comparisons,cg166b_is_identity,pending,Insufficient Evidence,unassigned,synthetic_pending_review,pending,
,math.fsum simply calls the built-in sum without changing the summation method.,math.fsum tracks multiple intermediate partial sums to improve accuracy.,synthetic,Python Software Foundation documentation,https://docs.python.org/3/library/math.html,python-docs:cg166b_math_fsum,Python Software Foundation License Version 2; retain attribution and source URL,standard library: math,Python,cg166b_math_fsum,page:https://docs.python.org/3/library/math.html,Synthetic claim candidate derived from a curated official-documentation fact; not a human annotation.,Candidate wording requires independent evidence-only review,Mathematical functions,Summation,cg166b_math_fsum,pending,Contradicted,unassigned,synthetic_pending_review,pending,
,math.fsum is guaranteed to be correctly rounded on every platform and build.,math.fsum tracks multiple intermediate partial sums to improve accuracy.,synthetic,Python Software Foundation documentation,https://docs.python.org/3/library/math.html,python-docs:cg166b_math_fsum,Python Software Foundation License Version 2; retain attribution and source URL,standard library: math,Python,cg166b_math_fsum,page:https://docs.python.org/3/library/math.html,Synthetic claim candidate derived from a curated official-documentation fact; not a human annotation.,Candidate wording requires independent evidence-only review,Mathematical functions,Summation,cg166b_math_fsum,pending,Insufficient Evidence,unassigned,synthetic_pending_review,pending,
,The default tolerance in math.isclose is appropriate for every numerical application.,math.isclose compares values using relative and absolute tolerances.,synthetic,Python Software Foundation documentation,https://docs.python.org/3/library/math.html,python-docs:cg166b_math_isclose,Python Software Foundation License Version 2; retain attribution and source URL,standard library: math,Python,cg166b_math_isclose,page:https://docs.python.org/3/library/math.html,Synthetic claim candidate derived from a curated official-documentation fact; not a human annotation.,Candidate wording requires independent evidence-only review,Mathematical functions,Floating point comparisons,cg166b_math_isclose,pending,Insufficient Evidence,unassigned,synthetic_pending_review,pending,
,math.isclose supports both relative and absolute tolerance parameters.,math.isclose compares values using relative and absolute tolerances.,synthetic,Python Software Foundation documentation,https://docs.python.org/3/library/math.html,python-docs:cg166b_math_isclose,Python Software Foundation License Version 2; retain attribution and source URL,standard library: math,Python,cg166b_math_isclose,page:https://docs.python.org/3/library/math.html,Synthetic claim candidate derived from a curated official-documentation fact; not a human annotation.,Candidate wording requires independent evidence-only review,Mathematical functions,Floating point comparisons,cg166b_math_isclose,pending,Supported,unassigned,synthetic_pending_review,pending,
,Creating a memoryview always duplicates the entire underlying buffer.,A memoryview exposes an object's buffer without copying the data.,synthetic,Python Software Foundation documentation,https://docs.python.org/3/library/stdtypes.html,python-docs:cg166b_memoryview_alias,Python Software Foundation License Version 2; retain attribution and source URL,bytes and buffers,Python,cg166b_memoryview_alias,page:https://docs.python.org/3/library/stdtypes.html,Synthetic claim candidate derived from a curated official-documentation fact; not a human annotation.,Candidate wording requires independent evidence-only review,Built-in Types,Memory Views,cg166b_memoryview_alias,pending,Contradicted,unassigned,synthetic_pending_review,pending,
,A memoryview can provide access to buffer data without creating a bytes copy.,A memoryview exposes an object's buffer without copying the data.,synthetic,Python Software Foundation documentation,https://docs.python.org/3/library/stdtypes.html,python-docs:cg166b_memoryview_alias,Python Software Foundation License Version 2; retain attribution and source URL,bytes and buffers,Python,cg166b_memoryview_alias,page:https://docs.python.org/3/library/stdtypes.html,Synthetic claim candidate derived from a curated official-documentation fact; not a human annotation.,Candidate wording requires independent evidence-only review,Built-in Types,Memory Views,cg166b_memoryview_alias,pending,Supported,unassigned,synthetic_pending_review,pending,
,The expression 0 ** 0 raises ZeroDivisionError.,Python defines 0**0 as 1.,synthetic,Python Software Foundation documentation,https://docs.python.org/3/library/stdtypes.html,python-docs:cg166b_pow_zero,Python Software Foundation License Version 2; retain attribution and source URL,numeric behavior,Python,cg166b_pow_zero,page:https://docs.python.org/3/library/stdtypes.html,Synthetic claim candidate derived from a curated official-documentation fact; not a human annotation.,Candidate wording requires independent evidence-only review,Built-in Types,Numeric Types,cg166b_pow_zero,pending,Contradicted,unassigned,synthetic_pending_review,pending,
,All programming languages define zero raised to zero as one.,Python defines 0**0 as 1.,synthetic,Python Software Foundation documentation,https://docs.python.org/3/library/stdtypes.html,python-docs:cg166b_pow_zero,Python Software Foundation License Version 2; retain attribution and source URL,numeric behavior,Python,cg166b_pow_zero,page:https://docs.python.org/3/library/stdtypes.html,Synthetic claim candidate derived from a curated official-documentation fact; not a human annotation.,Candidate wording requires independent evidence-only review,Built-in Types,Numeric Types,cg166b_pow_zero,pending,Insufficient Evidence,unassigned,synthetic_pending_review,pending,
,A str supports item assignment to replace one character in place.,Strings are immutable sequences of Unicode code points.,synthetic,Python Software Foundation documentation,https://docs.python.org/3/library/stdtypes.html,python-docs:cg166b_str_immutable,Python Software Foundation License Version 2; retain attribution and source URL,strings,Python,cg166b_str_immutable,page:https://docs.python.org/3/library/stdtypes.html,Synthetic claim candidate derived from a curated official-documentation fact; not a human annotation.,Candidate wording requires independent evidence-only review,Built-in Types,Text Sequence Type,cg166b_str_immutable,pending,Contradicted,unassigned,synthetic_pending_review,pending,
,An individual character of an existing str cannot be replaced in place.,Strings are immutable sequences of Unicode code points.,synthetic,Python Software Foundation documentation,https://docs.python.org/3/library/stdtypes.html,python-docs:cg166b_str_immutable,Python Software Foundation License Version 2; retain attribution and source URL,strings,Python,cg166b_str_immutable,page:https://docs.python.org/3/library/stdtypes.html,Synthetic claim candidate derived from a curated official-documentation fact; not a human annotation.,Candidate wording requires independent evidence-only review,Built-in Types,Text Sequence Type,cg166b_str_immutable,pending,Supported,unassigned,synthetic_pending_review,pending,
,string.capwords preserves every original run of whitespace by default.,"string.capwords splits on whitespace, capitalizes each word, and joins with a single space by default.",synthetic,Python Software Foundation documentation,https://docs.python.org/3/library/string.html,python-docs:cg166b_string_capwords,Python Software Foundation License Version 2; retain attribution and source URL,standard library: string,Python,cg166b_string_capwords,page:https://docs.python.org/3/library/string.html,Synthetic claim candidate derived from a curated official-documentation fact; not a human annotation.,Candidate wording requires independent evidence-only review,Common string operations,string.capwords,cg166b_string_capwords,pending,Contradicted,unassigned,synthetic_pending_review,pending,
,string.capwords can normalize runs of whitespace to single spaces when sep is omitted.,"string.capwords splits on whitespace, capitalizes each word, and joins with a single space by default.",synthetic,Python Software Foundation documentation,https://docs.python.org/3/library/string.html,python-docs:cg166b_string_capwords,Python Software Foundation License Version 2; retain attribution and source URL,standard library: string,Python,cg166b_string_capwords,page:https://docs.python.org/3/library/string.html,Synthetic claim candidate derived from a curated official-documentation fact; not a human annotation.,Candidate wording requires independent evidence-only review,Common string operations,string.capwords,cg166b_string_capwords,pending,Supported,unassigned,synthetic_pending_review,pending,
,Every newly defined object is false until __bool__ is implemented.,By default an object is true unless __bool__ returns False or __len__ returns zero.,synthetic,Python Software Foundation documentation,https://docs.python.org/3/library/stdtypes.html,python-docs:cg166b_truth_default,Python Software Foundation License Version 2; retain attribution and source URL,truth-value testing,Python,cg166b_truth_default,page:https://docs.python.org/3/library/stdtypes.html,Synthetic claim candidate derived from a curated official-documentation fact; not a human annotation.,Candidate wording requires independent evidence-only review,Built-in Types,Truth Value Testing,cg166b_truth_default,pending,Contradicted,unassigned,synthetic_pending_review,pending,
,A custom object's truth value is cached after its first condition check.,By default an object is true unless __bool__ returns False or __len__ returns zero.,synthetic,Python Software Foundation documentation,https://docs.python.org/3/library/stdtypes.html,python-docs:cg166b_truth_default,Python Software Foundation License Version 2; retain attribution and source URL,truth-value testing,Python,cg166b_truth_default,page:https://docs.python.org/3/library/stdtypes.html,Synthetic claim candidate derived from a curated official-documentation fact; not a human annotation.,Candidate wording requires independent evidence-only review,Built-in Types,Truth Value Testing,cg166b_truth_default,pending,Insufficient Evidence,unassigned,synthetic_pending_review,pending,
,An empty tuple has a true truth value because tuples are immutable.,"Empty strings, tuples, lists, dictionaries, sets, and range(0) are false.",synthetic,Python Software Foundation documentation,https://docs.python.org/3/library/stdtypes.html,python-docs:cg166b_truth_empty,Python Software Foundation License Version 2; retain attribution and source URL,truth-value testing,Python,cg166b_truth_empty,page:https://docs.python.org/3/library/stdtypes.html,Synthetic claim candidate derived from a curated official-documentation fact; not a human annotation.,Candidate wording requires independent evidence-only review,Built-in Types,Truth Value Testing,cg166b_truth_empty,pending,Contradicted,unassigned,synthetic_pending_review,pending,
,An empty list has a false truth value.,"Empty strings, tuples, lists, dictionaries, sets, and range(0) are false.",synthetic,Python Software Foundation documentation,https://docs.python.org/3/library/stdtypes.html,python-docs:cg166b_truth_empty,Python Software Foundation License Version 2; retain attribution and source URL,truth-value testing,Python,cg166b_truth_empty,page:https://docs.python.org/3/library/stdtypes.html,Synthetic claim candidate derived from a curated official-documentation fact; not a human annotation.,Candidate wording requires independent evidence-only review,Built-in Types,Truth Value Testing,cg166b_truth_empty,pending,Supported,unassigned,synthetic_pending_review,pending,
,itertools.chain interleaves items from all inputs in round-robin order.,"chain returns an iterator that returns elements from the first iterable until it is exhausted, then proceeds to the next iterable.",synthetic,Python Software Foundation documentation,https://docs.python.org/3/library/itertools.html,python-docs:chain_iterables,Python Software Foundation License Version 2; retain attribution and source URL,iteration,Python,chain_iterables,page:https://docs.python.org/3/library/itertools.html,Synthetic claim candidate derived from a curated official-documentation fact; not a human annotation.,Candidate wording requires independent evidence-only review,Itertools,chain,chain_iterables,pending,Contradicted,unassigned,synthetic_pending_review,pending,
,itertools.chain.from_iterable takes a single iterable of iterables as its input.,"chain returns an iterator that returns elements from the first iterable until it is exhausted, then proceeds to the next iterable.",synthetic,Python Software Foundation documentation,https://docs.python.org/3/library/itertools.html,python-docs:chain_iterables,Python Software Foundation License Version 2; retain attribution and source URL,iteration,Python,chain_iterables,page:https://docs.python.org/3/library/itertools.html,Synthetic claim candidate derived from a curated official-documentation fact; not a human annotation.,Candidate wording requires independent evidence-only review,Itertools,chain,chain_iterables,pending,Insufficient Evidence,unassigned,synthetic_pending_review,pending,
,itertools.chain processes its input iterables in sequence.,"chain returns an iterator that returns elements from the first iterable until it is exhausted, then proceeds to the next iterable.",synthetic,Python Software Foundation documentation,https://docs.python.org/3/library/itertools.html,python-docs:chain_iterables,Python Software Foundation License Version 2; retain attribution and source URL,iteration,Python,chain_iterables,page:https://docs.python.org/3/library/itertools.html,Synthetic claim candidate derived from a curated official-documentation fact; not a human annotation.,Candidate wording requires independent evidence-only review,Itertools,chain,chain_iterables,pending,Supported,unassigned,synthetic_pending_review,pending,
,copy.deepcopy only creates a new outer container and always reuses every nested reference.,A deep copy constructs a new compound object and then recursively inserts copies of the objects found in the original.,synthetic,Python Software Foundation documentation,https://docs.python.org/3/library/copy.html,python-docs:copy_deep,Python Software Foundation License Version 2; retain attribution and source URL,object model,Python,copy_deep,page:https://docs.python.org/3/library/copy.html,Synthetic claim candidate derived from a curated official-documentation fact; not a human annotation.,Candidate wording requires independent evidence-only review,Copy,Shallow and deep copy operations,copy_deep,pending,Contradicted,unassigned,synthetic_pending_review,pending,
,copy.deepcopy uses a memo dictionary to avoid recursive loops.,A deep copy constructs a new compound object and then recursively inserts copies of the objects found in the original.,synthetic,Python Software Foundation documentation,https://docs.python.org/3/library/copy.html,python-docs:copy_deep,Python Software Foundation License Version 2; retain attribution and source URL,object model,Python,copy_deep,page:https://docs.python.org/3/library/copy.html,Synthetic claim candidate derived from a curated official-documentation fact; not a human annotation.,Candidate wording requires independent evidence-only review,Copy,Shallow and deep copy operations,copy_deep,pending,Insufficient Evidence,unassigned,synthetic_pending_review,pending,
,"copy.deepcopy recursively copies nested objects, subject to the module's documented behavior.",A deep copy constructs a new compound object and then recursively inserts copies of the objects found in the original.,synthetic,Python Software Foundation documentation,https://docs.python.org/3/library/copy.html,python-docs:copy_deep,Python Software Foundation License Version 2; retain attribution and source URL,object model,Python,copy_deep,page:https://docs.python.org/3/library/copy.html,Synthetic claim candidate derived from a curated official-documentation fact; not a human annotation.,Candidate wording requires independent evidence-only review,Copy,Shallow and deep copy operations,copy_deep,pending,Supported,unassigned,synthetic_pending_review,pending,
,copy.copy recursively duplicates every object reachable from the input.,A shallow copy constructs a new compound object and inserts references to the objects found in the original.,synthetic,Python Software Foundation documentation,https://docs.python.org/3/library/copy.html,python-docs:copy_shallow,Python Software Foundation License Version 2; retain attribution and source URL,object model,Python,copy_shallow,page:https://docs.python.org/3/library/copy.html,Synthetic claim candidate derived from a curated official-documentation fact; not a human annotation.,Candidate wording requires independent evidence-only review,Copy,Shallow and deep copy operations,copy_shallow,pending,Contradicted,unassigned,synthetic_pending_review,pending,
,copy.copy recursively creates new copies of every nested object.,A shallow copy constructs a new compound object and inserts references to the objects found in the original.,synthetic,Python Software Foundation documentation,https://docs.python.org/3/library/copy.html,python-docs:copy_shallow,Python Software Foundation License Version 2; retain attribution and source URL,object model,Python,copy_shallow,page:https://docs.python.org/3/library/copy.html,Synthetic claim candidate derived from a curated official-documentation fact; not a human annotation.,Candidate wording requires independent evidence-only review,Copy,Shallow and deep copy operations,copy_shallow,pending,Insufficient Evidence,unassigned,synthetic_pending_review,pending,
,copy.copy creates a new outer compound object while retaining references to nested objects.,A shallow copy constructs a new compound object and inserts references to the objects found in the original.,synthetic,Python Software Foundation documentation,https://docs.python.org/3/library/copy.html,python-docs:copy_shallow,Python Software Foundation License Version 2; retain attribution and source URL,object model,Python,copy_shallow,page:https://docs.python.org/3/library/copy.html,Synthetic claim candidate derived from a curated official-documentation fact; not a human annotation.,Candidate wording requires independent evidence-only review,Copy,Shallow and deep copy operations,copy_shallow,pending,Supported,unassigned,synthetic_pending_review,pending,
,itertools.count stops automatically after yielding its starting value.,"count(start=0, step=1) makes an iterator that returns evenly spaced values beginning with start and has no end condition.",synthetic,Python Software Foundation documentation,https://docs.python.org/3/library/itertools.html,python-docs:count_infinite,Python Software Foundation License Version 2; retain attribution and source URL,iteration,Python,count_infinite,page:https://docs.python.org/3/library/itertools.html,Synthetic claim candidate derived from a curated official-documentation fact; not a human annotation.,Candidate wording requires independent evidence-only review,Itertools,count,count_infinite,pending,Contradicted,unassigned,synthetic_pending_review,pending,
,"itertools.count(start, step) precomputes and stores all values it will yield.","count(start=0, step=1) makes an iterator that returns evenly spaced values beginning with start and has no end condition.",synthetic,Python Software Foundation documentation,https://docs.python.org/3/library/itertools.html,python-docs:count_infinite,Python Software Foundation License Version 2; retain attribution and source URL,iteration,Python,count_infinite,page:https://docs.python.org/3/library/itertools.html,Synthetic claim candidate derived from a curated official-documentation fact; not a human annotation.,Candidate wording requires independent evidence-only review,Itertools,count,count_infinite,pending,Insufficient Evidence,unassigned,synthetic_pending_review,pending,
,itertools.count produces an iterator of successive values from its starting point.,"count(start=0, step=1) makes an iterator that returns evenly spaced values beginning with start and has no end condition.",synthetic,Python Software Foundation documentation,https://docs.python.org/3/library/itertools.html,python-docs:count_infinite,Python Software Foundation License Version 2; retain attribution and source URL,iteration,Python,count_infinite,page:https://docs.python.org/3/library/itertools.html,Synthetic claim candidate derived from a curated official-documentation fact; not a human annotation.,Candidate wording requires independent evidence-only review,Itertools,count,count_infinite,pending,Supported,unassigned,synthetic_pending_review,pending,
,Reading a missing key from a Counter raises KeyError.,A Counter returns a zero count for missing items instead of raising KeyError.,synthetic,Python Software Foundation documentation,https://docs.python.org/3/library/collections.html,python-docs:counter_missing,Python Software Foundation License Version 2; retain attribution and source URL,standard library: collections,Python,counter_missing,page:https://docs.python.org/3/library/collections.html,Synthetic claim candidate derived from a curated official-documentation fact; not a human annotation.,Candidate wording requires independent evidence-only review,Collections - Container Datatypes,Counter objects,counter_missing,pending,Contradicted,unassigned,synthetic_pending_review,pending,
,Counter supports element-wise addition of two counters.,A Counter returns a zero count for missing items instead of raising KeyError.,synthetic,Python Software Foundation documentation,https://docs.python.org/3/library/collections.html,python-docs:counter_missing,Python Software Foundation License Version 2; retain attribution and source URL,standard library: collections,Python,counter_missing,page:https://docs.python.org/3/library/collections.html,Synthetic claim candidate derived from a curated official-documentation fact; not a human annotation.,Candidate wording requires independent evidence-only review,Collections - Container Datatypes,Counter objects,counter_missing,pending,Insufficient Evidence,unassigned,synthetic_pending_review,pending,
,Reading a missing key from a Counter returns zero.,A Counter returns a zero count for missing items instead of raising KeyError.,synthetic,Python Software Foundation documentation,https://docs.python.org/3/library/collections.html,python-docs:counter_missing,Python Software Foundation License Version 2; retain attribution and source URL,standard library: collections,Python,counter_missing,page:https://docs.python.org/3/library/collections.html,Synthetic claim candidate derived from a curated official-documentation fact; not a human annotation.,Candidate wording requires independent evidence-only review,Collections - Container Datatypes,Counter objects,counter_missing,pending,Supported,unassigned,synthetic_pending_review,pending,
,Generated dataclass __eq__ compares field tuples only when both objects have the identical type.,Generated dataclass equality compares fields as a tuple and requires identical instance types.,synthetic,Python Software Foundation documentation,https://docs.python.org/3/library/dataclasses.html,python-docs:dataclass_eq_identical_type,Python Software Foundation License Version 2; retain attribution and source URL,dataclasses,Python,dataclass_eq_identical_type,page:https://docs.python.org/3/library/dataclasses.html,Synthetic candidate claim reproducing one curated source fact; not a human annotation.,Pending independent source-backed human review,Data Classes,dataclass parameters,dataclass_eq_identical_type,pending,Supported,unassigned,synthetic_pending_review,pending,
,dataclasses.frozen=True emulates immutability but does not make an instance truly immutable.,frozen=True emulates immutability via generated setters that raise FrozenInstanceError; Python objects are not made truly immutable.,synthetic,Python Software Foundation documentation,https://docs.python.org/3/library/dataclasses.html,python-docs:dataclass_frozen_not_truly_immutable,Python Software Foundation License Version 2; retain attribution and source URL,dataclasses and mutability,Python,dataclass_frozen_not_truly_immutable,page:https://docs.python.org/3/library/dataclasses.html,Synthetic candidate claim reproducing one curated source fact; not a human annotation.,Pending independent source-backed human review,Data Classes,Frozen instances,dataclass_frozen_not_truly_immutable,pending,Supported,unassigned,synthetic_pending_review,pending,
,"Dataclass field order is based on reverse-MRO base fields followed by subclass fields, with subclass definitions overriding inherited fields.",Dataclass fields are collected from base classes in reverse MRO before subclass fields; subclass fields override base fields.,synthetic,Python Software Foundation documentation,https://docs.python.org/3/library/dataclasses.html,python-docs:dataclass_inherited_field_order,Python Software Foundation License Version 2; retain attribution and source URL,dataclasses and inheritance,Python,dataclass_inherited_field_order,page:https://docs.python.org/3/library/dataclasses.html,Synthetic candidate claim reproducing one curated source fact; not a human annotation.,Pending independent source-backed human review,Data Classes,Inheritance,dataclass_inherited_field_order,pending,Supported,unassigned,synthetic_pending_review,pending,
,A dataclass configured with order=True and eq=False raises ValueError.,order=True with eq=False raises ValueError.,synthetic,Python Software Foundation documentation,https://docs.python.org/3/library/dataclasses.html,python-docs:dataclass_order_requires_eq,Python Software Foundation License Version 2; retain attribution and source URL,dataclasses and comparison,Python,dataclass_order_requires_eq,page:https://docs.python.org/3/library/dataclasses.html,Synthetic candidate claim reproducing one curated source fact; not a human annotation.,Pending independent source-backed human review,Data Classes,dataclass parameters,dataclass_order_requires_eq,pending,Supported,unassigned,synthetic_pending_review,pending,
,A defaultdict default_factory receives the missing key as its required argument.,The default_factory is called without arguments to produce a default value when a missing key is accessed.,synthetic,Python Software Foundation documentation,https://docs.python.org/3/library/collections.html,python-docs:defaultdict_factory,Python Software Foundation License Version 2; retain attribution and source URL,standard library: collections,Python,defaultdict_factory,page:https://docs.python.org/3/library/collections.html,Synthetic claim candidate derived from a curated official-documentation fact; not a human annotation.,Candidate wording requires independent evidence-only review,Collections - Container Datatypes,defaultdict objects,defaultdict_factory,pending,Contradicted,unassigned,synthetic_pending_review,pending,
,defaultdict.get(key) calls default_factory when key is missing.,The default_factory is called without arguments to produce a default value when a missing key is accessed.,synthetic,Python Software Foundation documentation,https://docs.python.org/3/library/collections.html,python-docs:defaultdict_factory,Python Software Foundation License Version 2; retain attribution and source URL,standard library: collections,Python,defaultdict_factory,page:https://docs.python.org/3/library/collections.html,Synthetic claim candidate derived from a curated official-documentation fact; not a human annotation.,Candidate wording requires independent evidence-only review,Collections - Container Datatypes,defaultdict objects,defaultdict_factory,pending,Insufficient Evidence,unassigned,synthetic_pending_review,pending,
,Accessing a missing defaultdict key can call its default_factory.,The default_factory is called without arguments to produce a default value when a missing key is accessed.,synthetic,Python Software Foundation documentation,https://docs.python.org/3/library/collections.html,python-docs:defaultdict_factory,Python Software Foundation License Version 2; retain attribution and source URL,standard library: collections,Python,defaultdict_factory,page:https://docs.python.org/3/library/collections.html,Synthetic claim candidate derived from a curated official-documentation fact; not a human annotation.,Candidate wording requires independent evidence-only review,Collections - Container Datatypes,defaultdict objects,defaultdict_factory,pending,Supported,unassigned,synthetic_pending_review,pending,
,A deque only permits insertion and removal at its right end.,"Deques support thread-safe, memory-efficient appends and pops from either side.",synthetic,Python Software Foundation documentation,https://docs.python.org/3/library/collections.html,python-docs:deque_ends,Python Software Foundation License Version 2; retain attribution and source URL,standard library: collections,Python,deque_ends,page:https://docs.python.org/3/library/collections.html,Synthetic claim candidate derived from a curated official-documentation fact; not a human annotation.,Candidate wording requires independent evidence-only review,Collections - Container Datatypes,deque objects,deque_ends,pending,Contradicted,unassigned,synthetic_pending_review,pending,
,A deque provides indexed access to elements in the middle with the same efficiency as either end.,"Deques support thread-safe, memory-efficient appends and pops from either side.",synthetic,Python Software Foundation documentation,https://docs.python.org/3/library/collections.html,python-docs:deque_ends,Python Software Foundation License Version 2; retain attribution and source URL,standard library: collections,Python,deque_ends,page:https://docs.python.org/3/library/collections.html,Synthetic claim candidate derived from a curated official-documentation fact; not a human annotation.,Candidate wording requires independent evidence-only review,Collections - Container Datatypes,deque objects,deque_ends,pending,Insufficient Evidence,unassigned,synthetic_pending_review,pending,
,A deque provides append and pop operations at both ends.,"Deques support thread-safe, memory-efficient appends and pops from either side.",synthetic,Python Software Foundation documentation,https://docs.python.org/3/library/collections.html,python-docs:deque_ends,Python Software Foundation License Version 2; retain attribution and source URL,standard library: collections,Python,deque_ends,page:https://docs.python.org/3/library/collections.html,Synthetic claim candidate derived from a curated official-documentation fact; not a human annotation.,Candidate wording requires independent evidence-only review,Collections - Container Datatypes,deque objects,deque_ends,pending,Supported,unassigned,synthetic_pending_review,pending,
,Calling d.get(k) for a missing key raises KeyError when no default is supplied.,"get(key[, default]) returns the value for key if key is in the dictionary, otherwise default; default is None when omitted.",synthetic,Python Software Foundation documentation,https://docs.python.org/3/library/stdtypes.html,python-docs:dict_get,Python Software Foundation License Version 2; retain attribution and source URL,dictionaries,Python,dict_get,page:https://docs.python.org/3/library/stdtypes.html,Synthetic claim candidate derived from a curated official-documentation fact; not a human annotation.,Candidate wording requires independent evidence-only review,Built-in Types,Mapping Types - dict,dict_get,pending,Contradicted,unassigned,synthetic_pending_review,pending,
,Calling d.get(k) for a present key records an access timestamp.,"get(key[, default]) returns the value for key if key is in the dictionary, otherwise default; default is None when omitted.",synthetic,Python Software Foundation documentation,https://docs.python.org/3/library/stdtypes.html,python-docs:dict_get,Python Software Foundation License Version 2; retain attribution and source URL,dictionaries,Python,dict_get,page:https://docs.python.org/3/library/stdtypes.html,Synthetic claim candidate derived from a curated official-documentation fact; not a human annotation.,Candidate wording requires independent evidence-only review,Built-in Types,Mapping Types - dict,dict_get,pending,Insufficient Evidence,unassigned,synthetic_pending_review,pending,
,Calling d.get(k) for a missing key returns None when no default is supplied.,"get(key[, default]) returns the value for key if key is in the dictionary, otherwise default; default is None when omitted.",synthetic,Python Software Foundation documentation,https://docs.python.org/3/library/stdtypes.html,python-docs:dict_get,Python Software Foundation License Version 2; retain attribution and source URL,dictionaries,Python,dict_get,page:https://docs.python.org/3/library/stdtypes.html,Synthetic claim candidate derived from a curated official-documentation fact; not a human annotation.,Candidate wording requires independent evidence-only review,Built-in Types,Mapping Types - dict,dict_get,pending,Supported,unassigned,synthetic_pending_review,pending,
,Updating an existing dictionary key moves it to the end of dictionary iteration order.,Dictionaries preserve insertion order; replacing an existing key does not change its order.,synthetic,Python Software Foundation documentation,https://docs.python.org/3/library/stdtypes.html,python-docs:dict_order,Python Software Foundation License Version 2; retain attribution and source URL,dictionaries,Python,dict_order,page:https://docs.python.org/3/library/stdtypes.html,Synthetic claim candidate derived from a curated official-documentation fact; not a human annotation.,Candidate wording requires independent evidence-only review,Built-in Types,Mapping Types - dict,dict_order,pending,Contradicted,unassigned,synthetic_pending_review,pending,
,Deleting a dictionary key and inserting that key again preserves its former insertion position.,Dictionaries preserve insertion order; replacing an existing key does not change its order.,synthetic,Python Software Foundation documentation,https://docs.python.org/3/library/stdtypes.html,python-docs:dict_order,Python Software Foundation License Version 2; retain attribution and source URL,dictionaries,Python,dict_order,page:https://docs.python.org/3/library/stdtypes.html,Synthetic claim candidate derived from a curated official-documentation fact; not a human annotation.,Candidate wording requires independent evidence-only review,Built-in Types,Mapping Types - dict,dict_order,pending,Insufficient Evidence,unassigned,synthetic_pending_review,pending,
,Updating an existing dictionary key leaves that key in its insertion-order position.,Dictionaries preserve insertion order; replacing an existing key does not change its order.,synthetic,Python Software Foundation documentation,https://docs.python.org/3/library/stdtypes.html,python-docs:dict_order,Python Software Foundation License Version 2; retain attribution and source URL,dictionaries,Python,dict_order,page:https://docs.python.org/3/library/stdtypes.html,Synthetic claim candidate derived from a curated official-documentation fact; not a human annotation.,Candidate wording requires independent evidence-only review,Built-in Types,Mapping Types - dict,dict_order,pending,Supported,unassigned,synthetic_pending_review,pending,
,A dictionary view is a fixed snapshot that ignores later dictionary changes.,Dictionary views are dynamic and reflect changes to the dictionary.,synthetic,Python Software Foundation documentation,https://docs.python.org/3/library/stdtypes.html,python-docs:dict_views,Python Software Foundation License Version 2; retain attribution and source URL,dictionaries,Python,dict_views,page:https://docs.python.org/3/library/stdtypes.html,Synthetic claim candidate derived from a curated official-documentation fact; not a human annotation.,Candidate wording requires independent evidence-only review,Built-in Types,Dictionary view objects,dict_views,pending,Contradicted,unassigned,synthetic_pending_review,pending,
,Dictionary views use a balanced tree internally.,Dictionary views are dynamic and reflect changes to the dictionary.,synthetic,Python Software Foundation documentation,https://docs.python.org/3/library/stdtypes.html,python-docs:dict_views,Python Software Foundation License Version 2; retain attribution and source URL,dictionaries,Python,dict_views,page:https://docs.python.org/3/library/stdtypes.html,Synthetic claim candidate derived from a curated official-documentation fact; not a human annotation.,Candidate wording requires independent evidence-only review,Built-in Types,Dictionary view objects,dict_views,pending,Insufficient Evidence,unassigned,synthetic_pending_review,pending,
,A previously obtained dictionary view reflects later changes to that dictionary.,Dictionary views are dynamic and reflect changes to the dictionary.,synthetic,Python Software Foundation documentation,https://docs.python.org/3/library/stdtypes.html,python-docs:dict_views,Python Software Foundation License Version 2; retain attribution and source URL,dictionaries,Python,dict_views,page:https://docs.python.org/3/library/stdtypes.html,Synthetic claim candidate derived from a curated official-documentation fact; not a human annotation.,Candidate wording requires independent evidence-only review,Built-in Types,Dictionary view objects,dict_views,pending,Supported,unassigned,synthetic_pending_review,pending,
,Arguments to an lru_cache-decorated function must be hashable.,"lru_cache uses a dictionary, so function arguments must be hashable.",synthetic,Python Software Foundation documentation,https://docs.python.org/3/library/functools.html,python-docs:functools_lru_args_hashable,Python Software Foundation License Version 2; retain attribution and source URL,functools,Python,functools_lru_args_hashable,page:https://docs.python.org/3/library/functools.html,Synthetic candidate claim reproducing one curated source fact; not a human annotation.,Pending independent source-backed human review,Functools,lru_cache,functools_lru_args_hashable,pending,Supported,unassigned,synthetic_pending_review,pending,
,functools.lru_cache can invoke the wrapped function more than once for the same key during concurrent first calls.,"lru_cache's data structure is thread-safe, but concurrent calls may compute the same uncached value more than once.",synthetic,Python Software Foundation documentation,https://docs.python.org/3/library/functools.html,python-docs:functools_lru_threadsafe_duplicate_calls,Python Software Foundation License Version 2; retain attribution and source URL,functools and threading,Python,functools_lru_threadsafe_duplicate_calls,page:https://docs.python.org/3/library/functools.html,Synthetic candidate claim reproducing one curated source fact; not a human annotation.,Pending independent source-backed human review,Functools,lru_cache,functools_lru_threadsafe_duplicate_calls,pending,Supported,unassigned,synthetic_pending_review,pending,
,An iterator that has raised StopIteration is expected to keep raising it on subsequent next calls.,"Once an iterator raises StopIteration, subsequent __next__ calls should continue raising StopIteration.",synthetic,Python Software Foundation documentation,https://docs.python.org/3/library/stdtypes.html,python-docs:iterator_exhaustion_sticky,Python Software Foundation License Version 2; retain attribution and source URL,iterator protocol,Python,iterator_exhaustion_sticky,page:https://docs.python.org/3/library/stdtypes.html,Synthetic candidate claim reproducing one curated source fact; not a human annotation.,Pending independent source-backed human review,Built-in Types,Iterator Types,iterator_exhaustion_sticky,pending,Supported,unassigned,synthetic_pending_review,pending,
,An exhausted iterator signals completion by raising StopIteration from __next__().,An iterator's __next__ returns the next value or raises StopIteration when exhausted.,synthetic,Python Software Foundation documentation,https://docs.python.org/3/library/stdtypes.html,python-docs:iterator_next_stopiteration,Python Software Foundation License Version 2; retain attribution and source URL,iterator protocol,Python,iterator_next_stopiteration,page:https://docs.python.org/3/library/stdtypes.html,Synthetic candidate claim reproducing one curated source fact; not a human annotation.,Pending independent source-backed human review,Built-in Types,Iterator Types,iterator_next_stopiteration,pending,Supported,unassigned,synthetic_pending_review,pending,
,itertools.accumulate(initial=...) yields one more item than the input iterable.,"When initial is supplied, accumulate yields the initial value first and produces one more output than input elements.",synthetic,Python Software Foundation documentation,https://docs.python.org/3/library/itertools.html,python-docs:itertools_accumulate_initial_extra,Python Software Foundation License Version 2; retain attribution and source URL,itertools,Python,itertools_accumulate_initial_extra,page:https://docs.python.org/3/library/itertools.html,Synthetic candidate claim reproducing one curated source fact; not a human annotation.,Pending independent source-backed human review,Itertools,itertools functions,itertools_accumulate_initial_extra,pending,Supported,unassigned,synthetic_pending_review,pending,
,itertools.batched() can yield a final tuple shorter than the requested batch size.,The final tuple from batched may contain fewer than n elements.,synthetic,Python Software Foundation documentation,https://docs.python.org/3/library/itertools.html,python-docs:itertools_batched_last_short,Python Software Foundation License Version 2; retain attribution and source URL,itertools,Python,itertools_batched_last_short,page:https://docs.python.org/3/library/itertools.html,Synthetic candidate claim reproducing one curated source fact; not a human annotation.,Pending independent source-backed human review,Itertools,itertools functions,itertools_batched_last_short,pending,Supported,unassigned,synthetic_pending_review,pending,
,"itertools.batched() consumes its input lazily, only as needed to form each output batch.",batched consumes only enough input to form the next tuple and yields batches lazily.,synthetic,Python Software Foundation documentation,https://docs.python.org/3/library/itertools.html,python-docs:itertools_batched_lazy,Python Software Foundation License Version 2; retain attribution and source URL,itertools and iterators,Python,itertools_batched_lazy,page:https://docs.python.org/3/library/itertools.html,Synthetic candidate claim reproducing one curated source fact; not a human annotation.,Pending independent source-backed human review,Itertools,itertools functions,itertools_batched_lazy,pending,Supported,unassigned,synthetic_pending_review,pending,
,itertools.tee() may need significant temporary storage when its returned iterators advance at different rates.,tee may require significant auxiliary storage depending on how far its output iterators diverge.,synthetic,Python Software Foundation documentation,https://docs.python.org/3/library/itertools.html,python-docs:itertools_tee_buffering,Python Software Foundation License Version 2; retain attribution and source URL,itertools and iterators,Python,itertools_tee_buffering,page:https://docs.python.org/3/library/itertools.html,Synthetic candidate claim reproducing one curated source fact; not a human annotation.,Pending independent source-backed human review,Itertools,itertools functions,itertools_tee_buffering,pending,Supported,unassigned,synthetic_pending_review,pending,
,json.dumps(value) returns an open file object containing JSON text.,json.dumps serializes an object to a JSON formatted str.,synthetic,Python Software Foundation documentation,https://docs.python.org/3/library/json.html,python-docs:json_dumps,Python Software Foundation License Version 2; retain attribution and source URL,standard library: json,Python,json_dumps,page:https://docs.python.org/3/library/json.html,Synthetic claim candidate derived from a curated official-documentation fact; not a human annotation.,Candidate wording requires independent evidence-only review,JSON,Basic Usage,json_dumps,pending,Contradicted,unassigned,synthetic_pending_review,pending,
,json.dumps preserves Python object identity after serialization.,json.dumps serializes an object to a JSON formatted str.,synthetic,Python Software Foundation documentation,https://docs.python.org/3/library/json.html,python-docs:json_dumps,Python Software Foundation License Version 2; retain attribution and source URL,standard library: json,Python,json_dumps,page:https://docs.python.org/3/library/json.html,Synthetic claim candidate derived from a curated official-documentation fact; not a human annotation.,Candidate wording requires independent evidence-only review,JSON,Basic Usage,json_dumps,pending,Insufficient Evidence,unassigned,synthetic_pending_review,pending,
,json.dumps(value) returns a string containing JSON text.,json.dumps serializes an object to a JSON formatted str.,synthetic,Python Software Foundation documentation,https://docs.python.org/3/library/json.html,python-docs:json_dumps,Python Software Foundation License Version 2; retain attribution and source URL,standard library: json,Python,json_dumps,page:https://docs.python.org/3/library/json.html,Synthetic claim candidate derived from a curated official-documentation fact; not a human annotation.,Candidate wording requires independent evidence-only review,JSON,Basic Usage,json_dumps,pending,Supported,unassigned,synthetic_pending_review,pending,
,json.loads(text) writes a JSON document to a file.,json.loads deserializes a JSON document from a string or bytes-like object.,synthetic,Python Software Foundation documentation,https://docs.python.org/3/library/json.html,python-docs:json_loads,Python Software Foundation License Version 2; retain attribution and source URL,standard library: json,Python,json_loads,page:https://docs.python.org/3/library/json.html,Synthetic claim candidate derived from a curated official-documentation fact; not a human annotation.,Candidate wording requires independent evidence-only review,JSON,Basic Usage,json_loads,pending,Contradicted,unassigned,synthetic_pending_review,pending,
,"When a JSON object repeats a name, json.loads preserves both values in the resulting dictionary.",json.loads deserializes a JSON document from a string or bytes-like object.,synthetic,Python Software Foundation documentation,https://docs.python.org/3/library/json.html,python-docs:json_loads,Python Software Foundation License Version 2; retain attribution and source URL,standard library: json,Python,json_loads,page:https://docs.python.org/3/library/json.html,Synthetic claim candidate derived from a curated official-documentation fact; not a human annotation.,Candidate wording requires independent evidence-only review,JSON,Basic Usage,json_loads,pending,Insufficient Evidence,unassigned,synthetic_pending_review,pending,
,json.loads(text) parses JSON supplied as text.,json.loads deserializes a JSON document from a string or bytes-like object.,synthetic,Python Software Foundation documentation,https://docs.python.org/3/library/json.html,python-docs:json_loads,Python Software Foundation License Version 2; retain attribution and source URL,standard library: json,Python,json_loads,page:https://docs.python.org/3/library/json.html,Synthetic claim candidate derived from a curated official-documentation fact; not a human annotation.,Candidate wording requires independent evidence-only review,JSON,Basic Usage,json_loads,pending,Supported,unassigned,synthetic_pending_review,pending,
,A parameter following *args can always be supplied positionally.,Parameters after a bare * or after *args are keyword-only.,synthetic,Python Software Foundation documentation,https://docs.python.org/3/tutorial/controlflow.html,python-docs:keyword_only,Python Software Foundation License Version 2; retain attribution and source URL,function arguments,Python,keyword_only,page:https://docs.python.org/3/tutorial/controlflow.html,Synthetic claim candidate derived from a curated official-documentation fact; not a human annotation.,Candidate wording requires independent evidence-only review,The Python Tutorial,Keyword-Only Arguments,keyword_only,pending,Contradicted,unassigned,synthetic_pending_review,pending,
,A function call may supply a parameter after *args as an extra positional argument.,Parameters after a bare * or after *args are keyword-only.,synthetic,Python Software Foundation documentation,https://docs.python.org/3/tutorial/controlflow.html,python-docs:keyword_only,Python Software Foundation License Version 2; retain attribution and source URL,function arguments,Python,keyword_only,page:https://docs.python.org/3/tutorial/controlflow.html,Synthetic claim candidate derived from a curated official-documentation fact; not a human annotation.,Candidate wording requires independent evidence-only review,The Python Tutorial,Keyword-Only Arguments,keyword_only,pending,Insufficient Evidence,unassigned,synthetic_pending_review,pending,
,A parameter following *args in a function definition must be supplied by keyword.,Parameters after a bare * or after *args are keyword-only.,synthetic,Python Software Foundation documentation,https://docs.python.org/3/tutorial/controlflow.html,python-docs:keyword_only,Python Software Foundation License Version 2; retain attribution and source URL,function arguments,Python,keyword_only,page:https://docs.python.org/3/tutorial/controlflow.html,Synthetic claim candidate derived from a curated official-documentation fact; not a human annotation.,Candidate wording requires independent evidence-only review,The Python Tutorial,Keyword-Only Arguments,keyword_only,pending,Supported,unassigned,synthetic_pending_review,pending,
,A lambda body may contain a sequence of assignment statements.,"Lambda functions can contain only expressions, not statements.",synthetic,Python Software Foundation documentation,https://docs.python.org/3/tutorial/controlflow.html,python-docs:lambda_expr,Python Software Foundation License Version 2; retain attribution and source URL,functions,Python,lambda_expr,page:https://docs.python.org/3/tutorial/controlflow.html,Synthetic claim candidate derived from a curated official-documentation fact; not a human annotation.,Candidate wording requires independent evidence-only review,The Python Tutorial,Lambda Expressions,lambda_expr,pending,Contradicted,unassigned,synthetic_pending_review,pending,
,A lambda expression may define keyword-only parameters after a bare star.,"Lambda functions can contain only expressions, not statements.",synthetic,Python Software Foundation documentation,https://docs.python.org/3/tutorial/controlflow.html,python-docs:lambda_expr,Python Software Foundation License Version 2; retain attribution and source URL,functions,Python,lambda_expr,page:https://docs.python.org/3/tutorial/controlflow.html,Synthetic claim candidate derived from a curated official-documentation fact; not a human annotation.,Candidate wording requires independent evidence-only review,The Python Tutorial,Lambda Expressions,lambda_expr,pending,Insufficient Evidence,unassigned,synthetic_pending_review,pending,
,A lambda body is an expression rather than a suite of statements.,"Lambda functions can contain only expressions, not statements.",synthetic,Python Software Foundation documentation,https://docs.python.org/3/tutorial/controlflow.html,python-docs:lambda_expr,Python Software Foundation License Version 2; retain attribution and source URL,functions,Python,lambda_expr,page:https://docs.python.org/3/tutorial/controlflow.html,Synthetic claim candidate derived from a curated official-documentation fact; not a human annotation.,Candidate wording requires independent evidence-only review,The Python Tutorial,Lambda Expressions,lambda_expr,pending,Supported,unassigned,synthetic_pending_review,pending,
,list.sort() returns a new sorted list without changing the original list.,The list sort method sorts the list in place and returns None.,synthetic,Python Software Foundation documentation,https://docs.python.org/3/library/stdtypes.html,python-docs:list_sort_none,Python Software Foundation License Version 2; retain attribution and source URL,lists,Python,list_sort_none,page:https://docs.python.org/3/library/stdtypes.html,Synthetic claim candidate derived from a curated official-documentation fact; not a human annotation.,Candidate wording requires independent evidence-only review,Built-in Types,Mutable Sequence Types,list_sort_none,pending,Contradicted,unassigned,synthetic_pending_review,pending,
,"If the key function raises an exception during sorting, the list is always restored to its original order.",The list sort method sorts the list in place and returns None.,synthetic,Python Software Foundation documentation,https://docs.python.org/3/library/stdtypes.html,python-docs:list_sort_none,Python Software Foundation License Version 2; retain attribution and source URL,lists,Python,list_sort_none,page:https://docs.python.org/3/library/stdtypes.html,Synthetic claim candidate derived from a curated official-documentation fact; not a human annotation.,Candidate wording requires independent evidence-only review,Built-in Types,Mutable Sequence Types,list_sort_none,pending,Insufficient Evidence,unassigned,synthetic_pending_review,pending,
,list.sort() changes the list in place and returns None.,The list sort method sorts the list in place and returns None.,synthetic,Python Software Foundation documentation,https://docs.python.org/3/library/stdtypes.html,python-docs:list_sort_none,Python Software Foundation License Version 2; retain attribution and source URL,lists,Python,list_sort_none,page:https://docs.python.org/3/library/stdtypes.html,Synthetic claim candidate derived from a curated official-documentation fact; not a human annotation.,Candidate wording requires independent evidence-only review,Built-in Types,Mutable Sequence Types,list_sort_none,pending,Supported,unassigned,synthetic_pending_review,pending,
,An imported module always has __name__ equal to '__main__'.,A module's __name__ is set to '__main__' when it is run as the top-level program.,synthetic,Python Software Foundation documentation,https://docs.python.org/3/library/__main__.html,python-docs:main_module,Python Software Foundation License Version 2; retain attribution and source URL,modules and imports,Python,main_module,page:https://docs.python.org/3/library/__main__.html,Synthetic claim candidate derived from a curated official-documentation fact; not a human annotation.,Candidate wording requires independent evidence-only review,__main__ - Top-level code environment,__main__,main_module,pending,Contradicted,unassigned,synthetic_pending_review,pending,
,Importing a module under any name also executes its __main__-guarded block.,A module's __name__ is set to '__main__' when it is run as the top-level program.,synthetic,Python Software Foundation documentation,https://docs.python.org/3/library/__main__.html,python-docs:main_module,Python Software Foundation License Version 2; retain attribution and source URL,modules and imports,Python,main_module,page:https://docs.python.org/3/library/__main__.html,Synthetic claim candidate derived from a curated official-documentation fact; not a human annotation.,Candidate wording requires independent evidence-only review,__main__ - Top-level code environment,__main__,main_module,pending,Insufficient Evidence,unassigned,synthetic_pending_review,pending,
,The module executed as the top-level program has __name__ equal to '__main__'.,A module's __name__ is set to '__main__' when it is run as the top-level program.,synthetic,Python Software Foundation documentation,https://docs.python.org/3/library/__main__.html,python-docs:main_module,Python Software Foundation License Version 2; retain attribution and source URL,modules and imports,Python,main_module,page:https://docs.python.org/3/library/__main__.html,Synthetic claim candidate derived from a curated official-documentation fact; not a human annotation.,Candidate wording requires independent evidence-only review,__main__ - Top-level code environment,__main__,main_module,pending,Supported,unassigned,synthetic_pending_review,pending,
,functools.partial immediately invokes the wrapped function when it is created.,partial returns a new partial object which when called behaves like func called with the positional arguments and keyword arguments supplied to partial.,synthetic,Python Software Foundation documentation,https://docs.python.org/3/library/functools.html,python-docs:partial_args,Python Software Foundation License Version 2; retain attribution and source URL,standard library: functools,Python,partial_args,page:https://docs.python.org/3/library/functools.html,Synthetic claim candidate derived from a curated official-documentation fact; not a human annotation.,Candidate wording requires independent evidence-only review,Functools,partial objects,partial_args,pending,Contradicted,unassigned,synthetic_pending_review,pending,
,A partial object exposes the stored positional arguments through its args attribute.,partial returns a new partial object which when called behaves like func called with the positional arguments and keyword arguments supplied to partial.,synthetic,Python Software Foundation documentation,https://docs.python.org/3/library/functools.html,python-docs:partial_args,Python Software Foundation License Version 2; retain attribution and source URL,standard library: functools,Python,partial_args,page:https://docs.python.org/3/library/functools.html,Synthetic claim candidate derived from a curated official-documentation fact; not a human annotation.,Candidate wording requires independent evidence-only review,Functools,partial objects,partial_args,pending,Insufficient Evidence,unassigned,synthetic_pending_review,pending,
,functools.partial can create a callable with some arguments pre-filled.,partial returns a new partial object which when called behaves like func called with the positional arguments and keyword arguments supplied to partial.,synthetic,Python Software Foundation documentation,https://docs.python.org/3/library/functools.html,python-docs:partial_args,Python Software Foundation License Version 2; retain attribution and source URL,standard library: functools,Python,partial_args,page:https://docs.python.org/3/library/functools.html,Synthetic claim candidate derived from a curated official-documentation fact; not a human annotation.,Candidate wording requires independent evidence-only review,Functools,partial objects,partial_args,pending,Supported,unassigned,synthetic_pending_review,pending,
,Parameters after the slash in a function definition are positional-only.,Parameters before / in a function definition are positional-only.,synthetic,Python Software Foundation documentation,https://docs.python.org/3/tutorial/controlflow.html,python-docs:positional_only,Python Software Foundation License Version 2; retain attribution and source URL,function arguments,Python,positional_only,page:https://docs.python.org/3/tutorial/controlflow.html,Synthetic claim candidate derived from a curated official-documentation fact; not a human annotation.,Candidate wording requires independent evidence-only review,The Python Tutorial,Positional-Only Parameters,positional_only,pending,Insufficient Evidence,unassigned,synthetic_pending_review,pending,
,The slash marker can designate parameters that cannot be passed by keyword.,Parameters before / in a function definition are positional-only.,synthetic,Python Software Foundation documentation,https://docs.python.org/3/tutorial/controlflow.html,python-docs:positional_only,Python Software Foundation License Version 2; retain attribution and source URL,function arguments,Python,positional_only,page:https://docs.python.org/3/tutorial/controlflow.html,Synthetic claim candidate derived from a curated official-documentation fact; not a human annotation.,Candidate wording requires independent evidence-only review,The Python Tutorial,Positional-Only Parameters,positional_only,pending,Supported,unassigned,synthetic_pending_review,pending,
,re.fullmatch succeeds when the pattern matches any substring.,re.fullmatch checks whether the whole string matches the regular expression.,synthetic,Python Software Foundation documentation,https://docs.python.org/3/library/re.html,python-docs:regex_fullmatch,Python Software Foundation License Version 2; retain attribution and source URL,regular expressions,Python,regex_fullmatch,page:https://docs.python.org/3/library/re.html,Synthetic claim candidate derived from a curated official-documentation fact; not a human annotation.,Candidate wording requires independent evidence-only review,Regular Expression Operations,fullmatch,regex_fullmatch,pending,Contradicted,unassigned,synthetic_pending_review,pending,
,re.fullmatch accepts a match ending before the final character if the remaining suffix is a newline.,re.fullmatch checks whether the whole string matches the regular expression.,synthetic,Python Software Foundation documentation,https://docs.python.org/3/library/re.html,python-docs:regex_fullmatch,Python Software Foundation License Version 2; retain attribution and source URL,regular expressions,Python,regex_fullmatch,page:https://docs.python.org/3/library/re.html,Synthetic claim candidate derived from a curated official-documentation fact; not a human annotation.,Candidate wording requires independent evidence-only review,Regular Expression Operations,fullmatch,regex_fullmatch,pending,Insufficient Evidence,unassigned,synthetic_pending_review,pending,
,re.fullmatch requires the pattern to match the entire string.,re.fullmatch checks whether the whole string matches the regular expression.,synthetic,Python Software Foundation documentation,https://docs.python.org/3/library/re.html,python-docs:regex_fullmatch,Python Software Foundation License Version 2; retain attribution and source URL,regular expressions,Python,regex_fullmatch,page:https://docs.python.org/3/library/re.html,Synthetic claim candidate derived from a curated official-documentation fact; not a human annotation.,Candidate wording requires independent evidence-only review,Regular Expression Operations,fullmatch,regex_fullmatch,pending,Supported,unassigned,synthetic_pending_review,pending,
,re.match searches every possible starting position in the string.,re.search scans through a string looking for a match anywhere; re.match checks for a match only at the beginning.,synthetic,Python Software Foundation documentation,https://docs.python.org/3/library/re.html,python-docs:regex_search,Python Software Foundation License Version 2; retain attribution and source URL,regular expressions,Python,regex_search,page:https://docs.python.org/3/library/re.html,Synthetic claim candidate derived from a curated official-documentation fact; not a human annotation.,Candidate wording requires independent evidence-only review,Regular Expression Operations,search,regex_search,pending,Contradicted,unassigned,synthetic_pending_review,pending,
,Regular-expression matching is case-insensitive by default when using re.search.,re.search scans through a string looking for a match anywhere; re.match checks for a match only at the beginning.,synthetic,Python Software Foundation documentation,https://docs.python.org/3/library/re.html,python-docs:regex_search,Python Software Foundation License Version 2; retain attribution and source URL,regular expressions,Python,regex_search,page:https://docs.python.org/3/library/re.html,Synthetic claim candidate derived from a curated official-documentation fact; not a human annotation.,Candidate wording requires independent evidence-only review,Regular Expression Operations,search,regex_search,pending,Insufficient Evidence,unassigned,synthetic_pending_review,pending,
,re.search can find a match that starts after the beginning of the string.,re.search scans through a string looking for a match anywhere; re.match checks for a match only at the beginning.,synthetic,Python Software Foundation documentation,https://docs.python.org/3/library/re.html,python-docs:regex_search,Python Software Foundation License Version 2; retain attribution and source URL,regular expressions,Python,regex_search,page:https://docs.python.org/3/library/re.html,Synthetic claim candidate derived from a curated official-documentation fact; not a human annotation.,Candidate wording requires independent evidence-only review,Regular Expression Operations,search,regex_search,pending,Supported,unassigned,synthetic_pending_review,pending,
,A set preserves duplicate equal elements in insertion order.,A set is an unordered collection of distinct hashable objects.,synthetic,Python Software Foundation documentation,https://docs.python.org/3/library/stdtypes.html,python-docs:set_unique,Python Software Foundation License Version 2; retain attribution and source URL,sets,Python,set_unique,page:https://docs.python.org/3/library/stdtypes.html,Synthetic claim candidate derived from a curated official-documentation fact; not a human annotation.,Candidate wording requires independent evidence-only review,Built-in Types,Set Types,set_unique,pending,Contradicted,unassigned,synthetic_pending_review,pending,
,Iterating over a set always yields its members in the order they were inserted.,A set is an unordered collection of distinct hashable objects.,synthetic,Python Software Foundation documentation,https://docs.python.org/3/library/stdtypes.html,python-docs:set_unique,Python Software Foundation License Version 2; retain attribution and source URL,sets,Python,set_unique,page:https://docs.python.org/3/library/stdtypes.html,Synthetic claim candidate derived from a curated official-documentation fact; not a human annotation.,Candidate wording requires independent evidence-only review,Built-in Types,Set Types,set_unique,pending,Insufficient Evidence,unassigned,synthetic_pending_review,pending,
,A set cannot contain two equal elements as separate members.,A set is an unordered collection of distinct hashable objects.,synthetic,Python Software Foundation documentation,https://docs.python.org/3/library/stdtypes.html,python-docs:set_unique,Python Software Foundation License Version 2; retain attribution and source URL,sets,Python,set_unique,page:https://docs.python.org/3/library/stdtypes.html,Synthetic claim candidate derived from a curated official-documentation fact; not a human annotation.,Candidate wording requires independent evidence-only review,Built-in Types,Set Types,set_unique,pending,Supported,unassigned,synthetic_pending_review,pending,
,A slice of a list is always a live view that writes through to the original list.,Slicing a sequence produces a new sequence of the same type.,synthetic,Python Software Foundation documentation,https://docs.python.org/3/library/stdtypes.html,python-docs:slice_copy,Python Software Foundation License Version 2; retain attribution and source URL,slicing,Python,slice_copy,page:https://docs.python.org/3/library/stdtypes.html,Synthetic claim candidate derived from a curated official-documentation fact; not a human annotation.,Candidate wording requires independent evidence-only review,Built-in Types,Common Sequence Operations,slice_copy,pending,Contradicted,unassigned,synthetic_pending_review,pending,
,Mutating a nested list reached through a list slice changes that nested object.,Slicing a sequence produces a new sequence of the same type.,synthetic,Python Software Foundation documentation,https://docs.python.org/3/library/stdtypes.html,python-docs:slice_copy,Python Software Foundation License Version 2; retain attribution and source URL,slicing,Python,slice_copy,page:https://docs.python.org/3/library/stdtypes.html,Synthetic claim candidate derived from a curated official-documentation fact; not a human annotation.,Candidate wording requires independent evidence-only review,Built-in Types,Common Sequence Operations,slice_copy,pending,Insufficient Evidence,unassigned,synthetic_pending_review,pending,
,A slice of a list produces a new list object.,Slicing a sequence produces a new sequence of the same type.,synthetic,Python Software Foundation documentation,https://docs.python.org/3/library/stdtypes.html,python-docs:slice_copy,Python Software Foundation License Version 2; retain attribution and source URL,slicing,Python,slice_copy,page:https://docs.python.org/3/library/stdtypes.html,Synthetic claim candidate derived from a curated official-documentation fact; not a human annotation.,Candidate wording requires independent evidence-only review,Built-in Types,Common Sequence Operations,slice_copy,pending,Supported,unassigned,synthetic_pending_review,pending,
,sorted(values) sorts the original iterable in place.,"sorted(iterable, key=None, reverse=False) returns a new sorted list.",synthetic,Python Software Foundation documentation,https://docs.python.org/3/library/functions.html,python-docs:sorted_new,Python Software Foundation License Version 2; retain attribution and source URL,lists,Python,sorted_new,page:https://docs.python.org/3/library/functions.html,Synthetic claim candidate derived from a curated official-documentation fact; not a human annotation.,Candidate wording requires independent evidence-only review,Built-in Functions,sorted,sorted_new,pending,Contradicted,unassigned,synthetic_pending_review,pending,
,The sorted() built-in guarantees a stable ordering when two items have equal keys.,"sorted(iterable, key=None, reverse=False) returns a new sorted list.",synthetic,Python Software Foundation documentation,https://docs.python.org/3/library/functions.html,python-docs:sorted_new,Python Software Foundation License Version 2; retain attribution and source URL,lists,Python,sorted_new,page:https://docs.python.org/3/library/functions.html,Synthetic claim candidate derived from a curated official-documentation fact; not a human annotation.,Candidate wording requires independent evidence-only review,Built-in Functions,sorted,sorted_new,pending,Insufficient Evidence,unassigned,synthetic_pending_review,pending,
,sorted(values) returns a list containing the sorted items.,"sorted(iterable, key=None, reverse=False) returns a new sorted list.",synthetic,Python Software Foundation documentation,https://docs.python.org/3/library/functions.html,python-docs:sorted_new,Python Software Foundation License Version 2; retain attribution and source URL,lists,Python,sorted_new,page:https://docs.python.org/3/library/functions.html,Synthetic claim candidate derived from a curated official-documentation fact; not a human annotation.,Candidate wording requires independent evidence-only review,Built-in Functions,sorted,sorted_new,pending,Supported,unassigned,synthetic_pending_review,pending,
,Immutability of a tuple makes every list inside it immutable too.,"Tuples are immutable, but they can contain mutable objects such as lists whose contents can change.",synthetic,Python Software Foundation documentation,https://docs.python.org/3/tutorial/datastructures.html,python-docs:tuple_nested_mutable,Python Software Foundation License Version 2; retain attribution and source URL,tuples and mutability,Python,tuple_nested_mutable,page:https://docs.python.org/3/tutorial/datastructures.html,Synthetic claim candidate derived from a curated official-documentation fact; not a human annotation.,Candidate wording requires independent evidence-only review,The Python Tutorial,Tuples and Sequences,tuple_nested_mutable,pending,Contradicted,unassigned,synthetic_pending_review,pending,
,A tuple may be used as a dictionary key even when one of its elements is a list.,"Tuples are immutable, but they can contain mutable objects such as lists whose contents can change.",synthetic,Python Software Foundation documentation,https://docs.python.org/3/tutorial/datastructures.html,python-docs:tuple_nested_mutable,Python Software Foundation License Version 2; retain attribution and source URL,tuples and mutability,Python,tuple_nested_mutable,page:https://docs.python.org/3/tutorial/datastructures.html,Synthetic claim candidate derived from a curated official-documentation fact; not a human annotation.,Candidate wording requires independent evidence-only review,The Python Tutorial,Tuples and Sequences,tuple_nested_mutable,pending,Insufficient Evidence,unassigned,synthetic_pending_review,pending,
,A list stored inside a tuple can still have its own contents modified.,"Tuples are immutable, but they can contain mutable objects such as lists whose contents can change.",synthetic,Python Software Foundation documentation,https://docs.python.org/3/tutorial/datastructures.html,python-docs:tuple_nested_mutable,Python Software Foundation License Version 2; retain attribution and source URL,tuples and mutability,Python,tuple_nested_mutable,page:https://docs.python.org/3/tutorial/datastructures.html,Synthetic claim candidate derived from a curated official-documentation fact; not a human annotation.,Candidate wording requires independent evidence-only review,The Python Tutorial,Tuples and Sequences,tuple_nested_mutable,pending,Supported,unassigned,synthetic_pending_review,pending,
,"A tool with no special handling for Annotated metadata should treat Annotated[T, x] as its underlying type T.","Tools without special handling for Annotated metadata should treat Annotated[T, x] as T.",synthetic,Python Software Foundation documentation,https://docs.python.org/3/library/typing.html,python-docs:typing_annotated_metadata_ignored,Python Software Foundation License Version 2; retain attribution and source URL,typing,Python,typing_annotated_metadata_ignored,page:https://docs.python.org/3/library/typing.html,Synthetic candidate claim reproducing one curated source fact; not a human annotation.,Pending independent source-backed human review,Typing,Annotated,typing_annotated_metadata_ignored,pending,Supported,unassigned,synthetic_pending_review,pending,
,typing.cast converts its argument to the requested type at runtime.,cast returns the value unchanged; it does not perform a runtime type check.,synthetic,Python Software Foundation documentation,https://docs.python.org/3/library/typing.html,python-docs:typing_cast,Python Software Foundation License Version 2; retain attribution and source URL,typing,Python,typing_cast,page:https://docs.python.org/3/library/typing.html,Synthetic claim candidate derived from a curated official-documentation fact; not a human annotation.,Candidate wording requires independent evidence-only review,Typing,Cast,typing_cast,pending,Contradicted,unassigned,synthetic_pending_review,pending,
,A static type checker must treat a value passed through typing.cast as having the requested type.,cast returns the value unchanged; it does not perform a runtime type check.,synthetic,Python Software Foundation documentation,https://docs.python.org/3/library/typing.html,python-docs:typing_cast,Python Software Foundation License Version 2; retain attribution and source URL,typing,Python,typing_cast,page:https://docs.python.org/3/library/typing.html,Synthetic claim candidate derived from a curated official-documentation fact; not a human annotation.,Candidate wording requires independent evidence-only review,Typing,Cast,typing_cast,pending,Insufficient Evidence,unassigned,synthetic_pending_review,pending,
,typing.cast does not convert its argument at runtime.,cast returns the value unchanged; it does not perform a runtime type check.,synthetic,Python Software Foundation documentation,https://docs.python.org/3/library/typing.html,python-docs:typing_cast,Python Software Foundation License Version 2; retain attribution and source URL,typing,Python,typing_cast,page:https://docs.python.org/3/library/typing.html,Synthetic claim candidate derived from a curated official-documentation fact; not a human annotation.,Candidate wording requires independent evidence-only review,Typing,Cast,typing_cast,pending,Supported,unassigned,synthetic_pending_review,pending,
,Function and variable type annotations are not enforced by the Python runtime.,The Python runtime does not enforce function and variable annotations.,synthetic,Python Software Foundation documentation,https://docs.python.org/3/library/typing.html,python-docs:typing_runtime_no_enforcement,Python Software Foundation License Version 2; retain attribution and source URL,typing and runtime behavior,Python,typing_runtime_no_enforcement,page:https://docs.python.org/3/library/typing.html,Synthetic candidate claim reproducing one curated source fact; not a human annotation.,Pending independent source-backed human review,Typing,Type hints,typing_runtime_no_enforcement,pending,Supported,unassigned,synthetic_pending_review,pending,
